Godot version:
4.6.3.stable.official.7d41c59c4
=== TEST res://tests/test_action_cost_free.gd ===
Godot Engine v4.6.3.stable.official.7d41c59c4 - https://godotengine.org

=== test_action_cost_free (free 预留类型) ===
[DataLoader] Loaded: 7 classes, 20 skills, 10 buffs, 8 enemies, 4 maps, 2 states, 7 talents
[DataLoader] Loaded: 7 classes, 20 skills, 10 buffs, 8 enemies, 4 maps, 2 states, 7 talents
  OK  soldier class_data 可加载
  OK  free 校验放行（资源全满）
  OK  free 消耗后 movement_used 仍 false
  OK  free 消耗后 standard_used 仍 false
  OK  free 消耗后 swift_used 仍 false
  OK  free 消耗后 reaction_available 仍 true
  OK  free 校验放行（资源全耗尽）
  OK  未知 action_cost 仍被拒绝

--- 结果：8 过 / 0 失败 ---
WARNING: ObjectDB instances leaked at exit (run with --verbose for details).
   at: cleanup (core/object/object.cpp:2663)
ERROR: 1 resources still in use at exit (run with --verbose for details).
   at: clear (core/io/resource.cpp:810)
=== EXIT_CODE 0 ===
=== TEST res://tests/test_affix_effects.gd ===
Godot Engine v4.6.3.stable.official.7d41c59c4 - https://godotengine.org

=== test_affix_effects (词条效果执行器 v0 · 迭代#13) ===
[DataLoader] Loaded: 7 classes, 20 skills, 10 buffs, 8 enemies, 4 maps, 2 states, 7 talents
[DataLoader] Loaded: 7 classes, 20 skills, 10 buffs, 8 enemies, 4 maps, 2 states, 7 talents

[1] af_vanguard 首回合速度加成（已实装）
  ✓ 无词条 SPD==5（零影响对照）
  ✓ 无词条 expire_vanguard() 后 SPD 仍==5（空操作）
  ✓ af_vanguard 挂载 → 首回合 SPD==7 (+2)
  ✓ af_vanguard → STR 不受影响==2
  ✓ expire_vanguard()（round 1 末）→ SPD 回落==5
  ✓ TurnManager.get_round_number() start 前==0
[TurnManager] Round 1 queue: [哥布林战士(enemy)]
  ✓ TurnManager.get_round_number() start 后==1（首回合）

[3] afs_bulwark 壁垒统御 己方减伤光环（已实装）
  ✓ 无防御乘区 → 伤害==20（零影响对照）
  ✓ 防御乘区 0.8 → preview 伤害==16 (20*0.8)
  ✓ 防御乘区 0.8 → resolve 伤害==preview(16)
  ✓ 无 bulwark 己方 → 乘区==1.0（零影响对照）
  ✓ 存活 bulwark 己方 → 乘区==0.8 (1 - 20%)
  ✓ bulwark 携带者阵亡 → 光环失效 乘区==1.0

[4] 全局无词条零影响对照
  ✓ 无词条 SPD==5
  ✓ 无词条 STR==2
  ✓ 无词条 DEF==4
  ✓ 无词条 affix_damage_mult==1.0
  ✓ 无词条 get_affixes()==空
  ✓ 无词条 · 空 action_data 输出==base(10)
  ✓ 无词条 · resolve==preview(10)

--- 结果：20 过 / 0 失败 ---
=== EXIT_CODE 0 ===
=== TEST res://tests/test_affix_system.gd ===
Godot Engine v4.6.3.stable.official.7d41c59c4 - https://godotengine.org

=== test_affix_system (敌人词条 v0) ===
[DataLoader] Loaded: 7 classes, 20 skills, 10 buffs, 8 enemies, 4 maps, 2 states, 7 talents
[DataLoader] Loaded: 7 classes, 20 skills, 10 buffs, 8 enemies, 4 maps, 2 states, 7 talents

[1] 词条挂载
  ✓ has_affix(af_heal_resist)
  ✓ has_affix(af_vanguard)
  ✓ special afs_bulwark 并入 _affixes
  ✓ _affixes 数量==3(2基础+1特殊)
  ✓ 未挂载词条 has_affix==false

[2] stat_scale (HP + 输出增强)
  ✓ scale=1.5 → max_hp==roundi(80*1.5)
  ✓ scale=1.5 → hp==max_hp(满血)
  ✓ scale=1.5 → affix_damage_mult==1.5
  ✓ scale=1.0 → max_hp 不变
  ✓ scale=1.0 → affix_damage_mult==1.0

[3] 常驻数值分发 (get_effective_stat)
  ✓ stat_flat+stat_pct → STR==8
  ✓ 未涉及属性 DEF 不变==4
  ✓ 无词条 goblin STR==2(零影响)

[4] afs_frenzy 低血增伤
  ✓ 满血 frenzy 未触发 → 20
  ✓ 低血 frenzy 触发 → 28 (20*1.4)
  ✓ 低血 resolve.damage==preview(28)
  ✓ 低血 resolve 未暴击(确定性)

[5] affix_damage_mult 输出乘区
  ✓ stat_scale 单位输出 ×1.5 → 30
  ✓ 无词条单位输出 ×1.0 → 20(基线)

[6] BattleAssembler.build
  ✓ map_id 透传
  ✓ 敌人数==3
  ✓ 敌0 class_id==goblin_melee
  ✓ 敌0 tier==elite_chief
  ✓ 敌0 pos==(7,3)
  ✓ 敌0 stat_scale==1.35
  ✓ 敌0 special_affix==afs_bulwark
  ✓ 敌0 affixes 长度==1
  ✓ 敌0 affixes 含 af_vanguard
  ✓ 敌1 tier==normal
  ✓ 敌1 stat_scale 缺省==1.0
  ✓ 敌1 affixes 缺省==空
  ✓ 敌1 special_affix 缺省==null
  ✓ 玩家数==2
  ✓ 玩家0 class_id==kensei
  ✓ 玩家0 pos==(0,2)
  ✓ 玩家0 level==1
  ✓ 玩家1 class_id==soldier
  ✓ 玩家1 pos==(0,3)
  ✓ 缺波次 → 敌人空清单
  ✓ 缺波次 → 玩家仍解析==2
  ✓ 缺地图 → 玩家空清单
  ✓ 缺地图 → 敌人仍解析==3

[7] 回归零影响 (无词条单位构造对照)
  ✓ STR==2
  ✓ MAG==2
  ✓ DEX==3
  ✓ SPD==5
  ✓ LCK==1
  ✓ DEF==4
  ✓ RES==2
  ✓ HP==80
  ✓ get_crit_value(0)==1
  ✓ affix_damage_mult==1.0
  ✓ get_affixes()==空
  ✓ 无词条输出==base(10)

[8] 幂等守卫（apply_affixes 仅注入一次）
WARNING: [Affix] apply_affixes 重复调用已忽略（每单位仅注入一次）
   at: push_warning (core/variant/variant_utility.cpp:1034)
   GDScript backtrace (most recent call first):
       [0] apply_affixes (res://scripts/units/unit.gd:951)
       [1] _test_idempotent (res://tests/test_affix_system.gd:94)
       [2] _run (res://tests/test_affix_system.gd:46)
       [3] _process (res://tests/test_affix_system.gd:30)
  ✓ 重复 apply_affixes → max_hp 不再累乘（仍==首次）
  ✓ 重复 apply_affixes → _affixes 不重复累加
  ✓ 重复 apply_affixes → affix_damage_mult 不变(1.5)

[9] af_heal_resist 受治疗折损
  ✓ 无词条 → heal(40) 全额回满
  ✓ af_heal_resist → heal(40) 只回 20（-50%）

--- 结果：59 过 / 0 失败 ---
=== EXIT_CODE 0 ===
=== TEST res://tests/test_damage_popup.gd ===
Godot Engine v4.6.3.stable.official.7d41c59c4 - https://godotengine.org

=== test_damage_popup (FF14 飘字 compose 纯函数) ===
[DataLoader] Loaded: 7 classes, 20 skills, 10 buffs, 8 enemies, 4 maps, 2 states, 7 talents

--- 结果：25 过 / 0 失败 ---
ALL PASS
=== EXIT_CODE 0 ===
=== TEST res://tests/test_displacement_path.gd ===
Godot Engine v4.6.3.stable.official.7d41c59c4 - https://godotengine.org

=== test_displacement_path（位移受伤格的边界）===
[DataLoader] Loaded: 7 classes, 20 skills, 10 buffs, 8 enemies, 4 maps, 2 states, 7 talents
[DataLoader] Loaded: 7 classes, 20 skills, 10 buffs, 8 enemies, 4 maps, 2 states, 7 talents
[Grid] Initialized 8x8 map: test_arena
[TacticalScene] Units spawned: 6
[TurnManager] Round 1 queue: [剑圣(player), 弓箭手(enemy), 枪兵(enemy), 法师(enemy), 不灭木桩(enemy), 复活木桩(enemy)]
[TurnManager] Turn: 剑圣 (player)

[P1] 不含起点、含中途格、含落点
  ✓ ★ 不含起点（施法者原本站的那一格不受伤）
  ✓ ★ 含落点
  ✓ ★ 含中途格 (2, 3)
  ✓ ★ 含中途格 (3, 3)
  ✓ ★ 含中途格 (4, 3)
  ✓ 格数 == 位移距离（4）
  ✓ 顺序由近及远

[P2] origin == landing → 空
  ✓ 没动就没有受伤格

[P3] 路径连续：相邻两格恒相接
  ✓ 没有跳格（含从起点到第一格这一步）

[P4] 接线：一闪的受伤格来自位移路径，不来自 AreaCalculator
  ✓ 前提：一闪已装载
  ✓ 前提：一闪确实是位移技能
  ✓ ★ 受伤格 == 位移路径
  ✓ 对照：AreaCalculator 会给出不同的结果（否则上一条是永真断言）
  ✓ 对照：施法者那一格不在受伤格里

[P5] 如实登记：非共线落点当前走不到落点（瞬身实装前触发不到）
  ✓ 【已知局限】非共线时路径不含落点
  ✓ 对照：它走的是对角线

--- 结果：16 过 / 0 失败 ---
=== EXIT_CODE 0 ===
=== TEST res://tests/test_door_generator.gd ===
Godot Engine v4.6.3.stable.official.7d41c59c4 - https://godotengine.org

=== test_door_generator (DoorGenerator v0 回归) ===
[DataLoader] Loaded: 7 classes, 20 skills, 10 buffs, 8 enemies, 4 maps, 2 states, 7 talents
  OK  act1_config.json 可解析为 Dictionary
  OK  door_gen 为 Dictionary
  OK  door_count [min,max] 合法（min>=2, max>=min）
  OK  pity.relic_drought_stages > 0
  OK  map_pool 非空
  OK  event_pool 非空
  OK  battle_pools.normal 非空
  OK  battle_pools.elite 非空
[DataLoader] Loaded: 7 classes, 20 skills, 10 buffs, 8 enemies, 4 maps, 2 states, 7 talents
  OK  DataLoader.waves 非空
  OK  DoorGenerator 实例化成功
  OK  [1] 门数恒在 [2,3]
  OK  [2] 无 shop 类型门
  OK  [2] 所有 reward_type 在五类枚举内
  OK  [3] 事件不连续：last==event 时组内无 event
  OK  [4] distinct 同组 reward_type 无重复
  OK  [6] 非事件门 battle 非空
  OK  [6] 非事件门 map_id ∈ map_pool
  OK  [6] 非事件门 enemy_config ∈ 对应 battle_pool
  OK  [6] 事件门 battle==null
  OK  [6] 事件门 event_id ∈ event_pool
  OK  [6] 事件门 preview.special_affix==null
  OK  [7] 精英门 special_affix == 波次 elite_chief 的 special_affix
  OK  [5b] 组内出现 relic → relic_drought_after==0
  OK  [5c] 组内无 relic → relic_drought_after==drought+1
  OK  [5a] drought>=阈值 → 组内必含 relic
  OK  回退（池耗尽放宽 distinct）恒为 0（五类配置）
  OK  [新] 每门组 ≥1 非精英门（默认配置 elite=25%）
  OK  [5a-专项] drought==阈值 连续 200 次均含 relic 门
  OK  [5d] 找到反例场景（drought 达阈值且组含 relic）
  OK  [5d] 反例：玩家选中非 relic 门，relic_drought_after 仍 == 0（按出现≠按选中）
  OK  [非精英] 强制全精英场景（elite=100%,无event）每组仍 ≥1 非精英门
  OK  [非精英] 降级门敌人 ∈ normal_pool 且 special_affix==null
  OK  [非精英] 降级不破坏 distinct（同组 reward_type 无重复）
  OK  [非精英] 开关=false 时门组恒全精英（证明约束确实在起作用）
  OK  [8] 多幕流：相邻事件（选中层面）零违反
  OK  [8] 多幕流：同组类型重复零违反
  OK  [8] 多幕流：无 shop 门零违反

[多幕流统计] 1000 幕 × 7 关 = 7000 门组，17456 扇门
  门数分布：
    2 扇:  50.6% (3544)
    3 扇:  49.4% (3456)
  类型分布（出现）：
    gold      :  21.6% (3764)
    exp       :  22.5% (3927)
    equipment :  21.9% (3821)
    relic     :  19.0% (3321)
    event     :  15.0% (2623)
  精英率：23.6%（3506/14833 战斗门，配置 25.0%）
  保底触发（drought>=阈值 3）门组数：389

--- 结果：37 过 / 0 失败 ---
OK：全部断言通过
WARNING: ObjectDB instances leaked at exit (run with --verbose for details).
   at: cleanup (core/object/object.cpp:2663)
ERROR: 1 resources still in use at exit (run with --verbose for details).
   at: clear (core/io/resource.cpp:810)
=== EXIT_CODE 0 ===
=== TEST res://tests/test_event_resolver.gd ===
Godot Engine v4.6.3.stable.official.7d41c59c4 - https://godotengine.org

=== test_event_resolver (事件效果执行器 v0) ===
[DataLoader] Loaded: 7 classes, 20 skills, 10 buffs, 8 enemies, 4 maps, 2 states, 7 talents
  OK  act1_config.json 可解析为 Dictionary
  OK  run_config.json 可解析为 Dictionary
[DataLoader] Loaded: 7 classes, 20 skills, 10 buffs, 8 enemies, 4 maps, 2 states, 7 talents
  OK  data_pools.events 非空
  OK  data_pools.waves 非空
  OK  [1] 事件已加载：event_mysterious_merchant
  OK  [1] event_mysterious_merchant 有 title
  OK  [1] event_mysterious_merchant 有 description
  OK  [1] event_mysterious_merchant choices 非空
  OK  [1] event_mysterious_merchant 每 choice≥1 outcome 且 outcome 含 effects 数组
  OK  [1] 事件已加载：event_abandoned_mine
  OK  [1] event_abandoned_mine 有 title
  OK  [1] event_abandoned_mine 有 description
  OK  [1] event_abandoned_mine choices 非空
  OK  [1] event_abandoned_mine 每 choice≥1 outcome 且 outcome 含 effects 数组
  OK  [1] 事件已加载：event_blessing_altar
  OK  [1] event_blessing_altar 有 title
  OK  [1] event_blessing_altar 有 description
  OK  [1] event_blessing_altar choices 非空
  OK  [1] event_blessing_altar 每 choice≥1 outcome 且 outcome 含 effects 数组
  OK  [2a] gold +80：100 → 180
  OK  [2a] gold effect 记一条 log
  OK  [2a] gold 未触发战斗
  OK  [2b] gold -120（余额 50 不足）→ clamp 0（不为负）
  OK  [2b] gold -120（余额 200 足）→ 80
  OK  [2c] 满血角色 20-4=16
  OK  [2c] 残血角色 3-4 → clamp 1（不低于 1）
  OK  [2c] 低血角色 1-2 → clamp 1
  OK  [2c] hp_cost effect 记一条 log
  OK  [2c] max_hp<=0 角色跳过（hp 仍 0，不崩不变负）
  OK  [2d] none：gold 不变
  OK  [2d] none：hp 不变
  OK  [2d] none：不触发战斗
  OK  [2d] none 记一条 log
  OK  [2e] start_battle：battle_triggered==true
  OK  [2e] start_battle：enemy_config 透传
  OK  [2e] start_battle：不动 gold（战斗单独装配）
  OK  [2f] 前置：run_buffs 初始为空
WARNING: [事件效果][占位] run 级 buff 执行器待建：buff 'buff_altar_might_placeholder' 已记入 run_buffs 但不真实生效（依赖 buff 系统）
   at: push_warning (core/variant/variant_utility.cpp:1034)
   GDScript backtrace (most recent call first):
       [0] apply_event_outcome (res://scripts/roguelite/run_manager.gd:268)
       [1] _test_effect_buff_placeholder (res://tests/test_event_resolver.gd:241)
       [2] _run (res://tests/test_event_resolver.gd:70)
       [3] _process (res://tests/test_event_resolver.gd:54)
  OK  [2f] buff 占位：run_buffs 记入一条
  OK  [2f] buff 占位：记入的是 ref_id
WARNING: [事件效果][占位] 物品发放依赖装备/遗物系统（等设计库）：item 'equipment_merchant_rare_placeholder' 未真实发放
   at: push_warning (core/variant/variant_utility.cpp:1034)
   GDScript backtrace (most recent call first):
       [0] apply_event_outcome (res://scripts/roguelite/run_manager.gd:272)
       [1] _test_effect_item_placeholder (res://tests/test_event_resolver.gd:255)
       [2] _run (res://tests/test_event_resolver.gd:71)
       [3] _process (res://tests/test_event_resolver.gd:54)
  OK  [2g] item 占位：不改 gold
  OK  [2g] item 占位：不真实入运输队（占位未发放）
  OK  [2g] item 占位：记一条 log
WARNING: [事件效果][占位] 物品发放依赖装备/遗物系统（等设计库）：item 'potion_mine_cache_placeholder' 未真实发放
   at: push_warning (core/variant/variant_utility.cpp:1034)
   GDScript backtrace (most recent call first):
       [0] apply_event_outcome (res://scripts/roguelite/run_manager.gd:272)
       [1] _test_effect_multi_and_unknown (res://tests/test_event_resolver.gd:270)
       [2] _run (res://tests/test_event_resolver.gd:72)
       [3] _process (res://tests/test_event_resolver.gd:54)
WARNING: [事件效果] 未知 effect type: 'definitely_unknown_type'（已跳过）
   at: push_warning (core/variant/variant_utility.cpp:1034)
   GDScript backtrace (most recent call first):
       [0] apply_event_outcome (res://scripts/roguelite/run_manager.gd:275)
       [1] _test_effect_multi_and_unknown (res://tests/test_event_resolver.gd:270)
       [2] _run (res://tests/test_event_resolver.gd:72)
       [3] _process (res://tests/test_event_resolver.gd:54)
  OK  [2h] 多 effect：gold 100-80=20
  OK  [2h] 多 effect：3 effect 记 3 条 log
  OK  [2h] 未知 type 不崩（正常返回结果）
  OK  [3a] 单 outcome 直接返回（_tag==solo）
  OK  [3a] 空 outcomes → 返回 {}
  OK  [3a] 缺 outcomes 键 → 返回 {}
  OK  [3b] 全部抽样命中三 tag 之一（无丢样）
  OK  [3b] 权重 50 → 占比 ≈0.5（±0.05）
  OK  [3b] 权重 30 → 占比 ≈0.3（±0.05）
  OK  [3b] 权重 20 → 占比 ≈0.2（±0.05）
  OK  [3b] 占比排序 a>b>c（与权重同序）
  OK  [4] 伏击波次 wave_event_mine_ambush 存在于 DataLoader.waves
  OK  [4] 伏击波次含敌人（enemies 非空）
  OK  [4] event_abandoned_mine 引用伏击波次 wave_event_mine_ambush（数据一致）
WARNING: [事件效果][占位] 物品发放依赖装备/遗物系统（等设计库）：item 'equipment_merchant_rare_placeholder' 未真实发放
   at: push_warning (core/variant/variant_utility.cpp:1034)
   GDScript backtrace (most recent call first):
       [0] apply_event_outcome (res://scripts/roguelite/run_manager.gd:272)
       [1] _test_real_event_outcome (res://tests/test_event_resolver.gd:372)
       [2] _run (res://tests/test_event_resolver.gd:76)
       [3] _process (res://tests/test_event_resolver.gd:54)
  OK  [5] 商人购买：gold 500-120=380（真实 effect 数值从事件读）
  OK  [5] 商人购买：不触发战斗
  OK  [5] 商人购买：effect 日志非空（金币变化可见）
WARNING: [事件效果][占位] run 级 buff 执行器待建：buff 'buff_altar_keen_edge_placeholder' 已记入 run_buffs 但不真实生效（依赖 buff 系统）
   at: push_warning (core/variant/variant_utility.cpp:1034)
   GDScript backtrace (most recent call first):
       [0] apply_event_outcome (res://scripts/roguelite/run_manager.gd:268)
       [1] _test_real_event_outcome (res://tests/test_event_resolver.gd:386)
       [2] _run (res://tests/test_event_resolver.gd:76)
       [3] _process (res://tests/test_event_resolver.gd:54)
  OK  [5] 祭坛献血：0 号角色扣血（hp<20）
  OK  [5] 祭坛献血：run_buffs 记入占位 buff

--- 结果：61 过 / 0 失败 ---
OK：全部断言通过
WARNING: ObjectDB instances leaked at exit (run with --verbose for details).
   at: cleanup (core/object/object.cpp:2663)
ERROR: 1 resources still in use at exit (run with --verbose for details).
   at: clear (core/io/resource.cpp:810)
=== EXIT_CODE 0 ===
=== TEST res://tests/test_growth_ss_reserve.gd ===
Godot Engine v4.6.3.stable.official.7d41c59c4 - https://godotengine.org

=== test_growth_ss_reserve (growth 标定 + SS 档预留) ===
[DataLoader] Loaded: 7 classes, 20 skills, 10 buffs, 8 enemies, 4 maps, 2 states, 7 talents
  OK  kensei.json 可解析为 Dictionary
  OK  growth DEX==75
  OK  growth HP==50
  OK  growth STR==60
  OK  growth DEF==50
  OK  growth MAG==40
  OK  growth RES==40
  OK  growth 无 LCK（LCK 移除已完成）
  OK  kensei.json 不含 ss_growth_stats（剑圣无 SS 属性）
  OK  空 SS + rate100 → 单判定每级必成长（+10）
  OK  SS + rate=0 → DEX 不成长（50 级）
  OK  SS + rate=100 → 单级 gains 为 +2
  OK  SS + rate=100 → 每级 +2（20 级 +40）
  OK  SS 保底：每级必成长（事件数 == 3000）
  OK  SS 成长事件率高于非 SS（3000 vs 1522 / 3000 级 @rate 40%）
  OK  SS 存在单级 +2（总成长量 - 事件数 > 300）
  OK  SS 总成长量在 (3000, 6000) 开区间（保底+1 与成功+2 并存）

--- 结果：17 过 / 0 失败 ---
=== EXIT_CODE 0 ===
=== TEST res://tests/test_harness_dummies.gd ===
Godot Engine v4.6.3.stable.official.7d41c59c4 - https://godotengine.org

=== test_harness_dummies (木桩再生/复活) ===
[DataLoader] Loaded: 7 classes, 20 skills, 10 buffs, 8 enemies, 4 maps, 2 states, 7 talents
[Grid] Initialized 8x8 map: test_arena
[TacticalScene] Units spawned: 6
[TurnManager] Round 1 queue: [剑圣(player), 弓箭手(enemy), 枪兵(enemy), 法师(enemy), 不灭木桩(enemy), 复活木桩(enemy)]
[TurnManager] Turn: 剑圣 (player)
  ✓ 场景实例化成功
  ✓ tactical_manager 存在
  ✓ 敌人总数为 5（含两木桩）
  ✓ 不灭木桩 (regen) 已 spawn
  ✓ 复活木桩 (revive) 已 spawn

[①] 再生测试
  ✓ 不灭木桩 max_hp = 999
  ✓ 再生木桩扣血后 hp < max_hp
[TurnManager] === Round ended ===
[TestDummy] 不灭木桩 (regen) 回血 200，HP 回满 999/999
  ✓ 再生木桩 round_ended 后 hp 回满

[②] 复活测试
  ✓ 复活木桩 max_hp = 30
[TacticalManager] 复活木桩 (enemy) died at (2, 5) | HP=0
[TacticalScene] Unit killed: 复活木桩 (enemy) | remaining: 5
  ✓ 复活木桩死亡后从 units 移除
[TurnManager] === Round ended ===
[TestDummy] test_dummy_revive (revive) 复活于 (2, 5)
  ✓ 复活木桩 round_ended 后重新出现在 units 中
  ✓ 复活后单位存活（hp > 0）
  ✓ 复活后 hp = max_hp
  ✓ 复活后总单位数恢复 6

--- 结果：14 过 / 0 失败 ---
OK
=== EXIT_CODE 0 ===
=== TEST res://tests/test_harness_load.gd ===
Godot Engine v4.6.3.stable.official.7d41c59c4 - https://godotengine.org

=== test_harness_load (调试 harness 自检) ===
[DataLoader] Loaded: 7 classes, 20 skills, 10 buffs, 8 enemies, 4 maps, 2 states, 7 talents
[Grid] Initialized 8x8 map: test_arena
[TacticalScene] Units spawned: 6
[TurnManager] Round 1 queue: [剑圣(player), 弓箭手(enemy), 枪兵(enemy), 法师(enemy), 不灭木桩(enemy), 复活木桩(enemy)]
[TurnManager] Turn: 剑圣 (player)
  ✓ 场景实例化成功
  ✓ tactical_manager 存在
  ✓ grid 存在
  ✓ test_arena → 抽样格 terrain 全 PLAIN(0)
  ✓ test_arena → 抽样格无特殊地形
  ✓ debug_soft_reset 方法存在
  ✓ debug_toggle_deterministic 方法存在
  ✓ debug_cycle_crit_mode 方法存在
  ✓ debug_cycle_dummy_behavior 方法存在
  ✓ debug_get_status 方法存在
  ✓ 敌人列表 spawn 5 个（含两木桩）
  ✓ 敌人含 枪兵 test_lancer
  ✓ 敌人含 弓箭手 test_archer
  ✓ 敌人含 法师 test_mage
  ✓ 敌人含 不灭木桩 test_dummy_regen
  ✓ 敌人含 复活木桩 test_dummy_revive
  ✓ 枪兵 近战距 min1
  ✓ 枪兵 近战距 max1
  ✓ 弓箭手 远程距 min2
  ✓ 弓箭手 远程距 max3
  ✓ 法师 距 min1
  ✓ 法师 距 max2
[TurnManager] Round 2 queue: [剑圣(player), 弓箭手(enemy), 枪兵(enemy), 法师(enemy), 不灭木桩(enemy), 复活木桩(enemy)]
[TurnManager] Turn: 剑圣 (player)
[Debug] soft reset done (6 units)
  ✓ 软重置后不崩（场景仍有效）
  ✓ 软重置 → HP 回满
  ✓ 软重置 → 剑气回初始0
  ✓ 软重置 → 印记清空
  ✓ 软重置 → 冷却清空
  ✓ 软重置 → standard_used 复位
  ✓ 确定性开关 → 开
  ✓ 确定性开关 → 关
  ✓ 暴击态 cycle 1 → 必暴(1)
  ✓ 暴击态 cycle 2 → 不暴(2)
  ✓ 暴击态 cycle 3 → 随机(0)
  ✓ 木桩 cycle 1 → 自动(1)
  ✓ 木桩 cycle 2 → 不动(0)
  ✓ debug_get_status 含 deterministic
  ✓ debug_get_status 含 crit_mode
  ✓ debug_get_status 含 dummy_behavior
  ✓ 确定性开 → 强制命中注入
  ✓ 必暴态 → guaranteed_crit 注入
  ✓ 不暴态 → disable_crit 注入
  ✓ 确定性关 → 不注入 guaranteed_hit

--- 结果：42 过 / 0 失败 ---
OK
=== EXIT_CODE 0 ===
=== TEST res://tests/test_harness_regression.gd ===
Godot Engine v4.6.3.stable.official.7d41c59c4 - https://godotengine.org

=== test_harness_regression (forecast多目标 + 控制台按钮 + 木桩防漂移) ===
[DataLoader] Loaded: 7 classes, 20 skills, 10 buffs, 8 enemies, 4 maps, 2 states, 7 talents
[Grid] Initialized 8x8 map: test_arena
[TacticalScene] Units spawned: 6
[TurnManager] Round 1 queue: [剑圣(player), 弓箭手(enemy), 枪兵(enemy), 法师(enemy), 不灭木桩(enemy), 复活木桩(enemy)]
[TurnManager] Turn: 剑圣 (player)

[①] forecast 多目标边界（拔刀 AoE 汇总 / 0/1/3 目标）
  ✓ 拔刀 forecast 非空
  ✓ 拔刀 hit_count==3（主+2溅射）
  ✓ 拔刀 targets 列表 3 条
  ✓ 拔刀 total_damage == 各目标之和
  ✓ 拔刀 恰一个主目标
  ✓ 拔刀 溅射≈主目标 50%（误差≤1）
  ✓ 居合 hit_count==1
  ✓ 居合 total==per_hit（单体）
  ✓ 拔刀 命中空地（区域无敌）→ forecast 为空
  ✓ 悬停格不在攻击范围 → forecast 为空

[②] 调试控制台按钮状态（暴击/木桩三态循环 + 按钮文案同步）
  ✓ 控制台按钮已构建
  ✓ 暴击初态=随机
  ✓ 暴击循环1=必暴
  ✓ 暴击循环2=不暴
  ✓ 暴击循环3回绕=随机
  ✓ 木桩初态=不动
  ✓ 木桩循环1=自动攻击
  ✓ 木桩循环2回绕=不动
  ✓ 确定性 toggle→开
  ✓ 确定性 toggle→关
  ✓ 暴击按钮文案同步
  ✓ 木桩按钮文案同步
  ✓ 确定性按钮文案同步

[③] 木桩多轮 round_ended 防漂移（regen 回满不漂移 / revive 不重复+死亡复活）
[TestDummy] 不灭木桩 (regen) 回血 137，HP 回满 999/999
[TestDummy] 不灭木桩 (regen) 回血 137，HP 回满 999/999
[TestDummy] 不灭木桩 (regen) 回血 137，HP 回满 999/999
[TestDummy] 不灭木桩 (regen) 回血 137，HP 回满 999/999
[TestDummy] 不灭木桩 (regen) 回血 137，HP 回满 999/999
  ✓ regen 5 轮均回满血（不漂移）
  ✓ regen 位置 5 轮不变
  ✓ revive 存活时多轮不重复生成（存活数稳定）
[TestDummy] test_dummy_revive (revive) 复活于 (2, 5)
  ✓ revive 死亡后回合末原位复活
  ✓ 复活的是新实例
  ✓ 复活实例存活
  ✓ 复活后存活 revive 仅 1 个（无重复）

--- 结果：30 过 / 0 失败 ---
OK
=== EXIT_CODE 0 ===
=== TEST res://tests/test_kensei_map_token_asset.gd ===
Godot Engine v4.6.3.stable.official.7d41c59c4 - https://godotengine.org

=== test_kensei_map_token_asset ===
[DataLoader] Loaded: 7 classes, 20 skills, 10 buffs, 8 enemies, 4 maps, 2 states, 7 talents
[DataLoader] Loaded: 7 classes, 20 skills, 10 buffs, 8 enemies, 4 maps, 2 states, 7 talents
--- 33 pass / 0 fail ---
=== EXIT_CODE 0 ===
=== TEST res://tests/test_map_token_runtime_playground.gd ===
Godot Engine v4.6.3.stable.official.7d41c59c4 - https://godotengine.org

=== test_map_token_runtime_playground ===
[DataLoader] Loaded: 7 classes, 20 skills, 10 buffs, 8 enemies, 4 maps, 2 states, 7 talents
  ✓ 样本清单是 JSON 对象
  ✓ map_token 样本存在
  ✓ 旧 approved_preview 身份保持不变
  ✓ map_token 声明 runtime_candidate 对象
  ✓ 运行时候选路径精确
  ✓ 运行时候选文件名精确
  ✓ 运行时候选 SHA256 精确
  ✓ 运行时候选源尺寸为 1536×1024
  ✓ 运行时候选切帧为 4×2
  ✓ 运行时候选单帧为 384×512
  ✓ 运行时候选变体顺序精确
  ✓ 运行时候选方向顺序精确
  ✓ 运行时候选逐帧人体中轴精确且在帧内
  ✓ 人体中轴横向依据排除武器、刀鞘与披风外飘
  ✓ 人体中轴纵向依据为双脚接触点中点
  ✓ 运行时候选不再保留旧脚锚字段
  ✓ 运行时候选显示缩放精确
  ✓ 运行时候选菱形格为 64×32
  ✓ 运行时候选允许 Nearest 与 Linear
  ✓ 运行时候选默认 Linear
  ✓ 运行时候选已获用户批准
  ✓ 运行时候选来源已核验
  ✓ 运行时候选使用权已核验
  ✓ 获批运行时候选 PNG 存在
  ✓ 仓内字节保持获批 SHA256
  ✓ 运行时候选 PNG 可加载
  ✓ 运行时候选 PNG 尺寸精确
  ✓ 运行时候选 PNG 为 RGBA8
  ✓ 运行时候选 PNG 含真实透明像素
  ✓ 切帧 region 不越界：[P: (0.0, 0.0), S: (384.0, 512.0)]
  ✓ 切帧 region 不越界：[P: (384.0, 0.0), S: (384.0, 512.0)]
  ✓ 切帧 region 不越界：[P: (768.0, 0.0), S: (384.0, 512.0)]
  ✓ 切帧 region 不越界：[P: (1152.0, 0.0), S: (384.0, 512.0)]
  ✓ 切帧 region 不越界：[P: (0.0, 512.0), S: (384.0, 512.0)]
  ✓ 切帧 region 不越界：[P: (384.0, 512.0), S: (384.0, 512.0)]
  ✓ 切帧 region 不越界：[P: (768.0, 512.0), S: (384.0, 512.0)]
  ✓ 切帧 region 不越界：[P: (1152.0, 512.0), S: (384.0, 512.0)]
  ✓ 运行时预览脚本可加载
  ✓ 运行时预览场景可加载
  ✓ 运行时预览场景可实例化
  ✓ 根节点挂载预期脚本
  ✓ 运行场提供接口 get_frame_specs
  ✓ 运行场提供接口 get_sprite_nodes
  ✓ 运行场提供接口 get_direction_axes
  ✓ 运行场提供接口 get_filter_mode
  ✓ 运行场提供接口 set_filter_mode
  ✓ 运行场提供接口 get_check_sizes
  ✓ 运行场提供接口 get_check_size
  ✓ 运行场提供接口 set_check_size
  ✓ 运行场提供接口 get_capture_plan
  ✓ 方向轴 NW 对应 x-1
  ✓ 方向轴 NE 对应 y-1
  ✓ 方向轴 SW 对应 y+1
  ✓ 方向轴 SE 对应 x+1
  ✓ 运行场恰有 8 个帧规格
  ✓ 运行场恰有 8 个 Sprite2D
  ✓ 帧 0 变体映射正确
  ✓ 帧 0 方向映射正确
  ✓ 帧 0 region 映射正确
  ✓ 帧 0 人体中轴正确
  ✓ 帧 0 是 Sprite2D
  ✓ 帧 0 启用 region
  ✓ 帧 0 使用正确 region
  ✓ 帧 0 统一缩放
  ✓ 帧 0 使用原始高精度母版
  ✓ 帧 0 暴露精确 frame_pivot metadata
  ✓ 帧 0 对应真实菱形格存在
  ✓ 帧 0 人体中轴落在格心 0.5px 内
  ✓ 帧 1 变体映射正确
  ✓ 帧 1 方向映射正确
  ✓ 帧 1 region 映射正确
  ✓ 帧 1 人体中轴正确
  ✓ 帧 1 是 Sprite2D
  ✓ 帧 1 启用 region
  ✓ 帧 1 使用正确 region
  ✓ 帧 1 统一缩放
  ✓ 帧 1 使用原始高精度母版
  ✓ 帧 1 暴露精确 frame_pivot metadata
  ✓ 帧 1 对应真实菱形格存在
  ✓ 帧 1 人体中轴落在格心 0.5px 内
  ✓ 帧 2 变体映射正确
  ✓ 帧 2 方向映射正确
  ✓ 帧 2 region 映射正确
  ✓ 帧 2 人体中轴正确
  ✓ 帧 2 是 Sprite2D
  ✓ 帧 2 启用 region
  ✓ 帧 2 使用正确 region
  ✓ 帧 2 统一缩放
  ✓ 帧 2 使用原始高精度母版
  ✓ 帧 2 暴露精确 frame_pivot metadata
  ✓ 帧 2 对应真实菱形格存在
  ✓ 帧 2 人体中轴落在格心 0.5px 内
  ✓ 帧 3 变体映射正确
  ✓ 帧 3 方向映射正确
  ✓ 帧 3 region 映射正确
  ✓ 帧 3 人体中轴正确
  ✓ 帧 3 是 Sprite2D
  ✓ 帧 3 启用 region
  ✓ 帧 3 使用正确 region
  ✓ 帧 3 统一缩放
  ✓ 帧 3 使用原始高精度母版
  ✓ 帧 3 暴露精确 frame_pivot metadata
  ✓ 帧 3 对应真实菱形格存在
  ✓ 帧 3 人体中轴落在格心 0.5px 内
  ✓ 帧 4 变体映射正确
  ✓ 帧 4 方向映射正确
  ✓ 帧 4 region 映射正确
  ✓ 帧 4 人体中轴正确
  ✓ 帧 4 是 Sprite2D
  ✓ 帧 4 启用 region
  ✓ 帧 4 使用正确 region
  ✓ 帧 4 统一缩放
  ✓ 帧 4 使用原始高精度母版
  ✓ 帧 4 暴露精确 frame_pivot metadata
  ✓ 帧 4 对应真实菱形格存在
  ✓ 帧 4 人体中轴落在格心 0.5px 内
  ✓ 帧 5 变体映射正确
  ✓ 帧 5 方向映射正确
  ✓ 帧 5 region 映射正确
  ✓ 帧 5 人体中轴正确
  ✓ 帧 5 是 Sprite2D
  ✓ 帧 5 启用 region
  ✓ 帧 5 使用正确 region
  ✓ 帧 5 统一缩放
  ✓ 帧 5 使用原始高精度母版
  ✓ 帧 5 暴露精确 frame_pivot metadata
  ✓ 帧 5 对应真实菱形格存在
  ✓ 帧 5 人体中轴落在格心 0.5px 内
  ✓ 帧 6 变体映射正确
  ✓ 帧 6 方向映射正确
  ✓ 帧 6 region 映射正确
  ✓ 帧 6 人体中轴正确
  ✓ 帧 6 是 Sprite2D
  ✓ 帧 6 启用 region
  ✓ 帧 6 使用正确 region
  ✓ 帧 6 统一缩放
  ✓ 帧 6 使用原始高精度母版
  ✓ 帧 6 暴露精确 frame_pivot metadata
  ✓ 帧 6 对应真实菱形格存在
  ✓ 帧 6 人体中轴落在格心 0.5px 内
  ✓ 帧 7 变体映射正确
  ✓ 帧 7 方向映射正确
  ✓ 帧 7 region 映射正确
  ✓ 帧 7 人体中轴正确
  ✓ 帧 7 是 Sprite2D
  ✓ 帧 7 启用 region
  ✓ 帧 7 使用正确 region
  ✓ 帧 7 统一缩放
  ✓ 帧 7 使用原始高精度母版
  ✓ 帧 7 暴露精确 frame_pivot metadata
  ✓ 帧 7 对应真实菱形格存在
  ✓ 帧 7 人体中轴落在格心 0.5px 内
  ✓ 运行场默认 Linear
  ✓ 运行场可切换 Nearest
  ✓ Nearest 应用于全部 Sprite2D
  ✓ Nearest 应用于全部 Sprite2D
  ✓ Nearest 应用于全部 Sprite2D
  ✓ Nearest 应用于全部 Sprite2D
  ✓ Nearest 应用于全部 Sprite2D
  ✓ Nearest 应用于全部 Sprite2D
  ✓ Nearest 应用于全部 Sprite2D
  ✓ Nearest 应用于全部 Sprite2D
  ✓ 运行场可切换 Linear
  ✓ Linear 应用于全部 Sprite2D
  ✓ Linear 应用于全部 Sprite2D
  ✓ Linear 应用于全部 Sprite2D
  ✓ Linear 应用于全部 Sprite2D
  ✓ Linear 应用于全部 Sprite2D
  ✓ Linear 应用于全部 Sprite2D
  ✓ Linear 应用于全部 Sprite2D
  ✓ Linear 应用于全部 Sprite2D
  ✓ 运行场提供三档检查尺寸
  ✓ 运行场接受检查尺寸 (1280, 720)
  ✓ 运行场接受检查尺寸 (1920, 1080)
  ✓ 运行场接受检查尺寸 (2560, 1440)
  ✓ 运行场提供连续格阵压力区合同
  ✓ 运行场提供同帧过滤对照合同
  ✓ 运行场提供逻辑舞台缩放合同
  ✓ 压力区为完整 7×5 连续格
  ✓ 压力区 35 个连续格绘制在背景之前
  ✓ 压力区包含多名相邻单位
  ✓ 压力区包含逻辑原点格
  ✓ x+1 相邻格屏幕向量为 (32,16)
  ✓ y+1 相邻格屏幕向量为 (-32,16)
  ✓ 压力区单位是 Sprite2D
  ✓ 压力区单位按 x+y 非降序排列
  ✓ 压力区 single_weapon/SE 暴露精确 frame_pivot metadata
  ✓ 压力区 StressTile_2_1 对应真实菱形格存在
  ✓ 压力区 single_weapon/SE 复用人体中轴
  ✓ 压力区单位是 Sprite2D
  ✓ 压力区单位按 x+y 非降序排列
  ✓ 压力区 dual_weapon/SE 暴露精确 frame_pivot metadata
  ✓ 压力区 StressTile_2_2 对应真实菱形格存在
  ✓ 压力区 dual_weapon/SE 复用人体中轴
  ✓ 压力区单位是 Sprite2D
  ✓ 压力区单位按 x+y 非降序排列
  ✓ 压力区 dual_weapon/NW 暴露精确 frame_pivot metadata
  ✓ 压力区 StressTile_3_1 对应真实菱形格存在
  ✓ 压力区 dual_weapon/NW 复用人体中轴
  ✓ 压力区单位是 Sprite2D
  ✓ 压力区单位按 x+y 非降序排列
  ✓ 压力区 single_weapon/NW 暴露精确 frame_pivot metadata
  ✓ 压力区 StressTile_2_3 对应真实菱形格存在
  ✓ 压力区 single_weapon/NW 复用人体中轴
  ✓ 压力区单位是 Sprite2D
  ✓ 压力区单位按 x+y 非降序排列
  ✓ 压力区 single_weapon/NE 暴露精确 frame_pivot metadata
  ✓ 压力区 StressTile_3_2 对应真实菱形格存在
  ✓ 压力区 single_weapon/NE 复用人体中轴
  ✓ 压力区单位是 Sprite2D
  ✓ 压力区单位按 x+y 非降序排列
  ✓ 压力区 dual_weapon/NE 暴露精确 frame_pivot metadata
  ✓ 压力区 StressTile_3_3 对应真实菱形格存在
  ✓ 压力区 dual_weapon/NE 复用人体中轴
  ✓ 压力区单位是 Sprite2D
  ✓ 压力区单位按 x+y 非降序排列
  ✓ 压力区 dual_weapon/SW 暴露精确 frame_pivot metadata
  ✓ 压力区 StressTile_4_2 对应真实菱形格存在
  ✓ 压力区 dual_weapon/SW 复用人体中轴
  ✓ 压力区单位是 Sprite2D
  ✓ 压力区单位按 x+y 非降序排列
  ✓ 压力区 single_weapon/SE 暴露精确 frame_pivot metadata
  ✓ 压力区 StressTile_4_3 对应真实菱形格存在
  ✓ 压力区 single_weapon/SE 复用人体中轴
  ✓ 压力区包含 single SE
  ✓ 压力区包含 dual SE
  ✓ 压力区至少一对单位占据曼哈顿相邻格
  ✓ 同帧过滤对照恰有两个 Sprite2D
  ✓ 过滤对照两个节点均有效
  ✓ 对照两侧都是 dual SE
  ✓ 对照两侧切取同一 dual SE region
  ✓ 对照两侧使用同一显示缩放
  ✓ 对照左侧固定 Nearest
  ✓ 对照右侧固定 Linear
  ✓ 过滤对照 0 暴露 dual SE frame_pivot metadata
  ✓ 过滤对照 0 复用 dual SE 人体中轴
  ✓ 过滤对照 1 暴露 dual SE frame_pivot metadata
  ✓ 过滤对照 1 复用 dual SE 人体中轴
  ✓ 过滤对照使用运行时 Nearest 标签
  ✓ 过滤对照使用运行时 Linear 标签
  ✓ (1280, 720) 使用逻辑舞台缩放 1.0
  ✓ (1920, 1080) 使用逻辑舞台缩放 1.5
  ✓ (2560, 1440) 使用逻辑舞台缩放 2.0
  ✓ 批量截图计划恰有 6 项
  ✓ 六张截图文件名与顺序固定
  ✓ 六张截图目标互不重复
  ✓ 截图只写入隔离 user:// 批次目录
  ✓ 截图只写入隔离 user:// 批次目录
  ✓ 截图只写入隔离 user:// 批次目录
  ✓ 截图只写入隔离 user:// 批次目录
  ✓ 截图只写入隔离 user:// 批次目录
  ✓ 截图只写入隔离 user:// 批次目录

--- 结果：252 过 / 0 失败 ---
=== EXIT_CODE 0 ===
=== TEST res://tests/test_map_token_view.gd ===
Godot Engine v4.6.3.stable.official.7d41c59c4 - https://godotengine.org

=== test_map_token_view ===
[DataLoader] Loaded: 7 classes, 20 skills, 10 buffs, 8 enemies, 4 maps, 2 states, 7 talents
  ✓ 合法配置成功
  ✓ 默认节点可见
  ✓ 使用正式纹理
  ✓ 图集为 4×2
  ✓ 不按中心绘制
  ✓ 使用 Linear
  ✓ 默认方向为 SE
  ✓ 保存头顶布局
  ✓ 状态可设置
  ✓ 帧坐标精确
  ✓ 人物中心点落在组件原点
  ✓ 缩放精确
  ✓ 状态可设置
  ✓ 帧坐标精确
  ✓ 人物中心点落在组件原点
  ✓ 缩放精确
  ✓ 状态可设置
  ✓ 帧坐标精确
  ✓ 人物中心点落在组件原点
  ✓ 缩放精确
  ✓ 状态可设置
  ✓ 帧坐标精确
  ✓ 人物中心点落在组件原点
  ✓ 缩放精确
  ✓ 状态可设置
  ✓ 帧坐标精确
  ✓ 人物中心点落在组件原点
  ✓ 缩放精确
  ✓ 状态可设置
  ✓ 帧坐标精确
  ✓ 人物中心点落在组件原点
  ✓ 缩放精确
  ✓ 状态可设置
  ✓ 帧坐标精确
  ✓ 人物中心点落在组件原点
  ✓ 缩放精确
  ✓ 状态可设置
  ✓ 帧坐标精确
  ✓ 人物中心点落在组件原点
  ✓ 缩放精确
  ✓ 拒绝未知方向
  ✓ 缺少纹理路径 被拒绝
  ✓ 缺少纹理路径 时节点不可见
ERROR: [MapTokenView] Texture SHA256 mismatch: res://assets/units/kensei/map_token_clean_v2.png
   at: push_error (core/variant/variant_utility.cpp:1024)
   GDScript backtrace (most recent call first):
       [0] configure (res://scripts/units/map_token_view.gd:23)
       [1] _check_invalid_profile (res://tests/test_map_token_view.gd:66)
       [2] _run (res://tests/test_map_token_view.gd:46)
       [3] _process (res://tests/test_map_token_view.gd:18)
  ✓ 内容错误哈希 被拒绝
  ✓ 内容错误哈希 时节点不可见
ERROR: Resource file not found: res://assets/units/kensei/does_not_exist.png (expected type: unknown)
   at: _load (core/io/resource_loader.cpp:351)
   GDScript backtrace (most recent call first):
       [0] configure (res://scripts/units/map_token_view.gd:18)
       [1] _check_invalid_profile (res://tests/test_map_token_view.gd:66)
       [2] _run (res://tests/test_map_token_view.gd:47)
       [3] _process (res://tests/test_map_token_view.gd:18)
ERROR: [MapTokenView] Texture load failed: res://assets/units/kensei/does_not_exist.png
   at: push_error (core/variant/variant_utility.cpp:1024)
   GDScript backtrace (most recent call first):
       [0] configure (res://scripts/units/map_token_view.gd:20)
       [1] _check_invalid_profile (res://tests/test_map_token_view.gd:66)
       [2] _run (res://tests/test_map_token_view.gd:47)
       [3] _process (res://tests/test_map_token_view.gd:18)
  ✓ 不存在纹理路径 被拒绝
  ✓ 不存在纹理路径 时节点不可见
  ✓ 错误图集 被拒绝
  ✓ 错误图集 时节点不可见
  ✓ 缺少中心点 被拒绝
  ✓ 缺少中心点 时节点不可见
  ✓ 缺少布局字段 被拒绝
  ✓ 缺少布局字段 时节点不可见
  ✓ 布局不要求状态图标坐标 被接受
  ✓ 布局不要求状态图标坐标 时节点可见
  ✓ 非有限布局字段 opaque_union_top_y 被拒绝
  ✓ 非有限布局字段 opaque_union_top_y 时节点不可见
  ✓ 无穷布局字段 opaque_union_top_y 被拒绝
  ✓ 无穷布局字段 opaque_union_top_y 时节点不可见
  ✓ 非有限布局字段 health_bar_bottom_y 被拒绝
  ✓ 非有限布局字段 health_bar_bottom_y 时节点不可见
  ✓ 无穷布局字段 health_bar_bottom_y 被拒绝
  ✓ 无穷布局字段 health_bar_bottom_y 时节点不可见
  ✓ 非有限布局字段 popup_anchor_y 被拒绝
  ✓ 非有限布局字段 popup_anchor_y 时节点不可见
  ✓ 无穷布局字段 popup_anchor_y 被拒绝
  ✓ 无穷布局字段 popup_anchor_y 时节点不可见
  ✓ 越界人物中心点 被拒绝
  ✓ 越界人物中心点 时节点不可见
  ✓ 非有限人物中心点 被拒绝
  ✓ 非有限人物中心点 时节点不可见
--- 71 pass / 0 fail ---
=== EXIT_CODE 0 ===
=== TEST res://tests/test_prep_flow.gd ===
Godot Engine v4.6.3.stable.official.7d41c59c4 - https://godotengine.org

=== test_prep_flow (Prep v0：HP 继承 / 恢复 / 运输队) ===
[DataLoader] Loaded: 7 classes, 20 skills, 10 buffs, 8 enemies, 4 maps, 2 states, 7 talents
  OK  act1_config.json 可解析为 Dictionary
  OK  run_config.json 可解析为 Dictionary
  OK  run_config.recovery 存在
[DataLoader] Loaded: 7 classes, 20 skills, 10 buffs, 8 enemies, 4 maps, 2 states, 7 talents
  OK  data_pools.maps 含装配地图 forest_01
  OK  [1] 恢复百分比与 run_config 一致
  OK  [1] 恢复量 == roundi(max_hp*pct/100)
  OK  [1] 接受恢复：hp = min(max_hp, hp+amount)
  OK  [1] 拒绝恢复：hp 不变
  OK  [1] 恢复 clamp 到 max_hp 不溢出
  OK  [1] 恢复量 run 内恒定（与 stage 无关）
  OK  [1] max_hp<=0 → 恢复量 0（占位安全）
  OK  [1c] recover_member(0) 即时恢复 hp=min(max_hp,hp+amount)
  OK  [1c] recover_member 返回实际恢复量
  OK  [1c] 未点角色 hp 不变（拒绝=不点恢复）
  OK  [1c] 满血 recover_member 返回 0
  OK  [1c] 满血后 hp 仍 == max_hp
  OK  [1c] recover_member 越界索引返回 0
  OK  [2] 初始 party hp==max_hp（满血）
  OK  [2] 磨损者写回存活 hp（kensei=12）
  OK  [2] 满血者写回 hp==max_hp（knight=34）
  OK  [2] 战死者（缺席 survivors）hp=0（archer）
  OK  [2] 写回回填 max_hp（kensei=30）
  OK  [2] 装配 player_units 非空
  OK  [2] 磨损者 player_unit 带 hp 字段
  OK  [2] 磨损者 player_unit.hp == 写回 hp（12）
  OK  [2] 满血者 player_unit 不带 hp 字段（缺省满血 spawn）
  OK  [2] 战死者 player_unit 带 hp=0（注入层转 hp=1 入场）
  OK  [2] 恢复后磨损者 hp 提升（12 → >12 且 <=max）
  OK  [3] 前置：装备总数 == 2
  OK  [3] equip_from_convoy(空槽) 成功
  OK  [3] 装空槽后 party[0].weapon 落地
  OK  [3] 装空槽后装备总数守恒
  OK  [3] 前置：convoy 尚有装备可再装
  OK  [3] equip_from_convoy(占位槽) 成功
  OK  [3] 占位槽换装后装备总数仍守恒
  OK  [3] unequip_to_convoy 成功
  OK  [3] 卸下后 party[0].weapon 为空
  OK  [3] 卸下后装备总数守恒
  OK  [3] 卸空槽再卸返回 false（无副作用）
  OK  [3] 前置：遗物总数 == 2
  OK  [3] move_relic_to_member 成功
  OK  [3] 给遗物后 party[0].relics 非空
  OK  [3] 给遗物后遗物总数守恒
  OK  [3] move_relic_to_convoy 成功
  OK  [3] 收回后遗物总数守恒
  OK  [3] 满槽角色 move_relic_to_member 返回 false
  OK  [3] 满槽角色遗物仍为 6（不超上限）
  OK  [3] 满槽拦截后 convoy 遗物数不变

--- 结果：48 过 / 0 失败 ---
OK：全部断言通过
WARNING: ObjectDB instances leaked at exit (run with --verbose for details).
   at: cleanup (core/object/object.cpp:2663)
ERROR: 1 resources still in use at exit (run with --verbose for details).
   at: clear (core/io/resource.cpp:810)
=== EXIT_CODE 0 ===
=== TEST res://tests/test_run_manager.gd ===
Godot Engine v4.6.3.stable.official.7d41c59c4 - https://godotengine.org

=== test_run_manager (RunManager v0 回归) ===
[DataLoader] Loaded: 7 classes, 20 skills, 10 buffs, 8 enemies, 4 maps, 2 states, 7 talents
  OK  act1_config.json 可解析为 Dictionary
  OK  run_config.json 可解析为 Dictionary
[DataLoader] Loaded: 7 classes, 20 skills, 10 buffs, 8 enemies, 4 maps, 2 states, 7 talents
  OK  data_pools.equipment 非空
  OK  data_pools.relics 非空
  OK  [1] start_run: stage==1
  OK  [1] start_run: phase==battle
  OK  [1] start_run: 队伍 3 人且字段补齐
  OK  [1] 门组门数在 [2,3]（为 stage 2 掷）
  OK  [1] choose_door 后 phase==prep
  OK  [1] confirm 后 phase==battle
  OK  [1] 门组门数在 [2,3]（为 stage 3 掷）
  OK  [1] choose_door 后 phase==prep
  OK  [1] confirm 后 phase==battle
  OK  [1] 门组门数在 [2,3]（为 stage 4 掷）
  OK  [1] choose_door 后 phase==prep
  OK  [1] confirm 后 phase==battle
  OK  [1] 门组门数在 [2,3]（为 stage 5 掷）
  OK  [1] choose_door 后 phase==prep
  OK  [1] confirm 后 phase==battle
  OK  [1] 门组门数在 [2,3]（为 stage 6 掷）
  OK  [1] choose_door 后 phase==prep
  OK  [1] confirm 后 phase==battle
  OK  [1] 门组门数在 [2,3]（为 stage 7 掷）
  OK  [1] choose_door 后 phase==prep
  OK  [1] confirm 后 phase==battle
  OK  [1] Boss 前 prep 时 current_entry_door 为 Boss 标记
  OK  [1] Boss 前 confirm 后 phase==battle
  OK  [1] run 已完成
  OK  [1] 最终 stage == boss_stage(8)
  OK  [1] run_completed 信号已发
  OK  [1] phase==complete
  OK  [1] 门选择恰 6 次（stage 2..7）
  OK  [1] stage 序列 == [1..8]
  OK  [1] stage_advanced 发 7 次（2..8）
  OK  [1] stage_advanced 序列 == [2..8]
  OK  [1] reward_settled 发 8 次（每关一次）
  OK  [2] stage 1 只有固定结算（sequence==[fixed]）
  OK  [2] stage 2 sequence[0]==fixed（固定先结算）
  OK  [2] stage 2 含门奖励（sequence 含 door）
  OK  [2] stage 3 sequence[0]==fixed（固定先结算）
  OK  [2] stage 3 含门奖励（sequence 含 door）
  OK  [2] stage 4 sequence[0]==fixed（固定先结算）
  OK  [2] stage 4 含门奖励（sequence 含 door）
  OK  [2] stage 5 sequence[0]==fixed（固定先结算）
  OK  [2] stage 5 含门奖励（sequence 含 door）
  OK  [2] stage 6 sequence[0]==fixed（固定先结算）
  OK  [2] stage 6 含门奖励（sequence 含 door）
  OK  [2] stage 7 sequence[0]==fixed（固定先结算）
  OK  [2] stage 7 含门奖励（sequence 含 door）
  OK  [2] stage 8 == 固定 + Boss 固定包（sequence==[fixed,boss]）
  OK  [2] stage 8 boss summary 存在
  OK  [2] Boss 固定包含 equipment
  OK  [2] Boss 固定包含 relic
  OK  [3] gold 全程单调不减
  OK  [3] 末关后 gold > 0
  OK  [3] 前置：固定 exp 增量 >= 1（能跨阈值）
  OK  [3] 强制升级：0 号角色 level +1
  OK  [3] 强制升级：0 号角色 talent_points +1
  OK  [3] 强制升级：state 顶层 talent_points 合计 +1
  OK  [3] 强制升级：exp 扣除一个阈值（余 exp_each-1）
  OK  [3d] 前置：seed_exp >= 0（占位阈值合理）
  OK  [3d] 多级跳升：level +2（证明 while 非 if）
  OK  [3d] 多级跳升：talent_points +2
  OK  [3d] 多级跳升：exp 扣两个阈值后余 0
  OK  [3e] gold 单发未按人数放大（==固定 gold，非 ×party）
  OK  [4] relic 门掉落数 == 角色数(3)
  OK  [4] relic 门：遗物总数增加 == 角色数
  OK  [4] relic 门：每个角色 index 都有掉落
  OK  [4] equipment 门掉落数 == 角色数(3)
  OK  [4] equipment 门：convoy.equipment 增加 == 角色数
  OK  [5] relic_drought 按出现语义跨关传递零违反
  OK  [5] 至少一次：组内出现 relic 但玩家选非 relic → drought 仍归零（按出现≠按选中）
  OK  [6] defeat → is_run_failed()
  OK  [6] defeat → phase==failed
  OK  [6] run_failed 信号已发
  OK  [6] 失败后 run 未标记完成
  OK  [8] 前置：首次结算后处于非 battle 阶段
  OK  [8] phase 守卫：非 battle 阶段误调不重复结算（gold 不变）
  OK  [8] phase 守卫：非 battle 阶段误调不改 phase
  OK  [7] 满槽角色遗物槽仍为 6（不超上限）
  OK  [7] 满槽角色掉落 to_convoy==true
  OK  [7] convoy.relics 因溢出增加
  OK  [7] 未满槽角色遗物入槽（1 号 relics 非空）
  OK  [7] boss.reward 可读为 Dictionary
  OK  [7] Boss 固定包 drops 非空
  OK  [7] Boss 固定包每个 drop 含 rarity 字段
  OK  [7] Boss 固定包 kinds 含 equipment 与 relic

[整轮 run 统计（固定种子 20260704）]
  最终 gold（共享账本）：440
  各角色等级：[4, 4, 4]
  门/Boss 掉落总数（equipment+relic）：24

--- 结果：87 过 / 0 失败 ---
OK：全部断言通过
WARNING: ObjectDB instances leaked at exit (run with --verbose for details).
   at: cleanup (core/object/object.cpp:2663)
ERROR: 1 resources still in use at exit (run with --verbose for details).
   at: clear (core/io/resource.cpp:810)
=== EXIT_CODE 0 ===
=== TEST res://tests/test_run_scene_flow.gd ===
Godot Engine v4.6.3.stable.official.7d41c59c4 - https://godotengine.org

=== test_run_scene_flow (RunScene 门循环逻辑集成) ===
[DataLoader] Loaded: 7 classes, 20 skills, 10 buffs, 8 enemies, 4 maps, 2 states, 7 talents
  OK  act1_config.json 可解析为 Dictionary
  OK  run_config.json 可解析为 Dictionary
[DataLoader] Loaded: 7 classes, 20 skills, 10 buffs, 8 enemies, 4 maps, 2 states, 7 talents
  OK  data_pools.maps 非空
  OK  data_pools.waves 非空
  OK  [1] start_run: stage==1
  OK  [1] start_run: phase==battle
  OK  [2] stage 1 装配 map_id 与 current_battle 一致
  OK  [2] stage 1 玩家清单非空（map 有 player_spawns）
  OK  [2] stage 1 敌人数与波次 wave_act1_normal_02 一致(3)
  OK  [3] stage 1→2 门组门数在 [2,3]
  OK  [3] choose_door 后 phase==prep
  OK  [3] confirm 后 phase==battle
  OK  [2] stage 2 装配 map_id 与 current_battle 一致
  OK  [2] stage 2 玩家清单非空（map 有 player_spawns）
  OK  [2] stage 2 敌人数与波次 wave_act1_normal_01 一致(3)
  OK  [3] stage 2→3 门组门数在 [2,3]
  OK  [3] choose_door 后 phase==prep
  OK  [3] confirm 后 phase==battle
  OK  [2] stage 3 装配 map_id 与 current_battle 一致
  OK  [2] stage 3 玩家清单非空（map 有 player_spawns）
  OK  [2] stage 3 敌人数与波次 wave_act1_elite_01 一致(3)
  OK  [3] stage 3→4 门组门数在 [2,3]
  OK  [3] choose_door 后 phase==prep
  OK  [3] confirm 后 phase==battle
  OK  [2] stage 4 装配 map_id 与 current_battle 一致
  OK  [2] stage 4 玩家清单非空（map 有 player_spawns）
  OK  [2] stage 4 敌人数与波次 wave_act1_normal_01 一致(3)
  OK  [3] stage 4→5 门组门数在 [2,3]
  OK  [3] choose_door 后 phase==prep
  OK  [3] confirm 后 phase==battle
  OK  [2] stage 5 装配 map_id 与 current_battle 一致
  OK  [2] stage 5 玩家清单非空（map 有 player_spawns）
  OK  [2] stage 5 敌人数与波次 wave_act1_normal_03 一致(4)
  OK  [3] stage 5→6 门组门数在 [2,3]
  OK  [3] choose_door 后 phase==prep
  OK  [3] confirm 后 phase==battle
  OK  [2] stage 6 装配 map_id 与 current_battle 一致
  OK  [2] stage 6 玩家清单非空（map 有 player_spawns）
  OK  [2] stage 6 敌人数与波次 wave_act1_elite_01 一致(3)
  OK  [3] stage 6→7 门组门数在 [2,3]
  OK  [3] choose_door 后 phase==prep
  OK  [3] confirm 后 phase==battle
  OK  [2] stage 7 装配 map_id 与 current_battle 一致
  OK  [2] stage 7 玩家清单非空（map 有 player_spawns）
  OK  [2] stage 7 敌人数与波次 wave_act1_elite_01 一致(3)
  OK  [3] Boss 前 prep：current_entry_door 为 boss 标记
  OK  [3] Boss 前 confirm 后 phase==battle
  OK  [2] stage 8 装配 map_id 与 current_battle 一致
  OK  [2] stage 8 玩家清单非空（map 有 player_spawns）
  OK  [2] stage 8 敌人数与波次 wave_act1_boss_01 一致(4)
  OK  [2] 逐关装配序列 == [1..8]
  OK  [3] 门选择恰 6 次（stage 2..7）
  OK  [5] run 已完成
  OK  [5] run_completed 信号已发
  OK  [5] 最终 stage == boss_stage(8)
  OK  [4] elite 波次装配敌人非空
  OK  [4] elite 装配敌人含基础词条（affixes 非空）
  OK  [4] elite 装配敌人 special_affix==afs_bulwark
  OK  [4] elite 装配敌人 stat_scale==1.35
  OK  [7] stage1 后 phase==door_select
  OK  [7] 事件门 choose 后 phase==prep
  OK  [7] 事件门 confirm 后 current_battle 无 map（RunScene 据此走 _enter_event 不装配战斗）
  OK  [7] 事件门 current_entry_door.reward_type==event
  OK  [7] 事件门 on_battle_resolved(victory) 推进（phase 离开 battle，不 soft-lock）
  OK  [7] 事件门结算固定金币（gold 增加，门奖励按 event 跳过）
  OK  [6] defeat → is_run_failed()
  OK  [6] defeat → phase==failed
  OK  [6] run_failed 信号已发
  OK  [6] 失败后未标记完成

--- 结果：69 过 / 0 失败 ---
OK：全部断言通过
WARNING: ObjectDB instances leaked at exit (run with --verbose for details).
   at: cleanup (core/object/object.cpp:2663)
ERROR: 1 resources still in use at exit (run with --verbose for details).
   at: clear (core/io/resource.cpp:810)
=== EXIT_CODE 0 ===
=== TEST res://tests/test_run_scene_ui.gd ===
Godot Engine v4.6.3.stable.official.7d41c59c4 - https://godotengine.org

=== test_run_scene_ui (RunScene UI 面板构建回归) ===
[DataLoader] Loaded: 7 classes, 20 skills, 10 buffs, 8 enemies, 4 maps, 2 states, 7 talents
  ✓ RunScene 实例化成功
  ✓ _build_center_panel 返回非 null
  ✓ 面板含 Center/VBox 节点（旧 get_node("VBox") 曾返回 null）
  ✓ Center/VBox 是 VBoxContainer
  ✓ panel 直接子 "VBox" 不存在（VBox 在 Center 下）
  ✓ Center/VBox.add_child 成功（修复前此处 add_child on null 崩溃）

--- 结果：6 过 / 0 失败 ---
OK：全部断言通过
=== EXIT_CODE 0 ===
=== TEST res://tests/test_runloop_data_smoke.gd ===
Godot Engine v4.6.3.stable.official.7d41c59c4 - https://godotengine.org

=== test_runloop_data_smoke (run-loop v0 门模式数据骨架冒烟) ===
[DataLoader] Loaded: 7 classes, 20 skills, 10 buffs, 8 enemies, 4 maps, 2 states, 7 talents
  ✓ event_mysterious_merchant.json 可解析且为 Dictionary
  ✓ event_mysterious_merchant.json → id 非空
  ✓ event_mysterious_merchant.json → title 非空
  ✓ event_mysterious_merchant.json → description 非空
  ✓ event_mysterious_merchant.json → choices 为非空 Array
  ✓ event_mysterious_merchant.json choice#1 → text 非空
  ✓ event_mysterious_merchant.json choice#1 → outcomes 为非空 Array
  ✓ event_mysterious_merchant.json choice#1 outcome#1 → weight 为正数
  ✓ event_mysterious_merchant.json choice#1 outcome#1 → effects 为非空 Array
  ✓ event_mysterious_merchant.json choice#1 outcome#1 → effect 为含 type 的 Dictionary
  ✓ event_mysterious_merchant.json choice#1 outcome#1 → effect 为含 type 的 Dictionary
  ✓ event_mysterious_merchant.json choice#1 outcome#1 → description 非空
  ✓ event_mysterious_merchant.json choice#2 → text 非空
  ✓ event_mysterious_merchant.json choice#2 → outcomes 为非空 Array
  ✓ event_mysterious_merchant.json choice#2 outcome#1 → weight 为正数
  ✓ event_mysterious_merchant.json choice#2 outcome#1 → effects 为非空 Array
  ✓ event_mysterious_merchant.json choice#2 outcome#1 → effect 为含 type 的 Dictionary
  ✓ event_mysterious_merchant.json choice#2 outcome#1 → effect 为含 type 的 Dictionary
  ✓ event_mysterious_merchant.json choice#2 outcome#1 → description 非空
  ✓ event_mysterious_merchant.json choice#2 outcome#2 → weight 为正数
  ✓ event_mysterious_merchant.json choice#2 outcome#2 → effects 为非空 Array
  ✓ event_mysterious_merchant.json choice#2 outcome#2 → effect 为含 type 的 Dictionary
  ✓ event_mysterious_merchant.json choice#2 outcome#2 → description 非空
  ✓ event_mysterious_merchant.json choice#3 → text 非空
  ✓ event_mysterious_merchant.json choice#3 → outcomes 为非空 Array
  ✓ event_mysterious_merchant.json choice#3 outcome#1 → weight 为正数
  ✓ event_mysterious_merchant.json choice#3 outcome#1 → effects 为非空 Array
  ✓ event_mysterious_merchant.json choice#3 outcome#1 → effect 为含 type 的 Dictionary
  ✓ event_mysterious_merchant.json choice#3 outcome#1 → description 非空
  ✓ event_abandoned_mine.json 可解析且为 Dictionary
  ✓ event_abandoned_mine.json → id 非空
  ✓ event_abandoned_mine.json → title 非空
  ✓ event_abandoned_mine.json → description 非空
  ✓ event_abandoned_mine.json → choices 为非空 Array
  ✓ event_abandoned_mine.json choice#1 → text 非空
  ✓ event_abandoned_mine.json choice#1 → outcomes 为非空 Array
  ✓ event_abandoned_mine.json choice#1 outcome#1 → weight 为正数
  ✓ event_abandoned_mine.json choice#1 outcome#1 → effects 为非空 Array
  ✓ event_abandoned_mine.json choice#1 outcome#1 → effect 为含 type 的 Dictionary
  ✓ event_abandoned_mine.json choice#1 outcome#1 → description 非空
  ✓ event_abandoned_mine.json choice#1 outcome#2 → weight 为正数
  ✓ event_abandoned_mine.json choice#1 outcome#2 → effects 为非空 Array
  ✓ event_abandoned_mine.json choice#1 outcome#2 → effect 为含 type 的 Dictionary
  ✓ event_abandoned_mine.json choice#1 outcome#2 → effect 为含 type 的 Dictionary
  ✓ event_abandoned_mine.json choice#1 outcome#2 → description 非空
  ✓ event_abandoned_mine.json choice#1 outcome#3 → weight 为正数
  ✓ event_abandoned_mine.json choice#1 outcome#3 → effects 为非空 Array
  ✓ event_abandoned_mine.json choice#1 outcome#3 → effect 为含 type 的 Dictionary
  ✓ event_abandoned_mine.json choice#1 outcome#3 → description 非空
  ✓ event_abandoned_mine.json choice#2 → text 非空
  ✓ event_abandoned_mine.json choice#2 → outcomes 为非空 Array
  ✓ event_abandoned_mine.json choice#2 outcome#1 → weight 为正数
  ✓ event_abandoned_mine.json choice#2 outcome#1 → effects 为非空 Array
  ✓ event_abandoned_mine.json choice#2 outcome#1 → effect 为含 type 的 Dictionary
  ✓ event_abandoned_mine.json choice#2 outcome#1 → description 非空
  ✓ event_abandoned_mine.json choice#2 outcome#2 → weight 为正数
  ✓ event_abandoned_mine.json choice#2 outcome#2 → effects 为非空 Array
  ✓ event_abandoned_mine.json choice#2 outcome#2 → effect 为含 type 的 Dictionary
  ✓ event_abandoned_mine.json choice#2 outcome#2 → description 非空
  ✓ event_abandoned_mine.json choice#3 → text 非空
  ✓ event_abandoned_mine.json choice#3 → outcomes 为非空 Array
  ✓ event_abandoned_mine.json choice#3 outcome#1 → weight 为正数
  ✓ event_abandoned_mine.json choice#3 outcome#1 → effects 为非空 Array
  ✓ event_abandoned_mine.json choice#3 outcome#1 → effect 为含 type 的 Dictionary
  ✓ event_abandoned_mine.json choice#3 outcome#1 → description 非空
  ✓ event_blessing_altar.json 可解析且为 Dictionary
  ✓ event_blessing_altar.json → id 非空
  ✓ event_blessing_altar.json → title 非空
  ✓ event_blessing_altar.json → description 非空
  ✓ event_blessing_altar.json → choices 为非空 Array
  ✓ event_blessing_altar.json choice#1 → text 非空
  ✓ event_blessing_altar.json choice#1 → outcomes 为非空 Array
  ✓ event_blessing_altar.json choice#1 outcome#1 → weight 为正数
  ✓ event_blessing_altar.json choice#1 outcome#1 → effects 为非空 Array
  ✓ event_blessing_altar.json choice#1 outcome#1 → effect 为含 type 的 Dictionary
  ✓ event_blessing_altar.json choice#1 outcome#1 → effect 为含 type 的 Dictionary
  ✓ event_blessing_altar.json choice#1 outcome#1 → description 非空
  ✓ event_blessing_altar.json choice#2 → text 非空
  ✓ event_blessing_altar.json choice#2 → outcomes 为非空 Array
  ✓ event_blessing_altar.json choice#2 outcome#1 → weight 为正数
  ✓ event_blessing_altar.json choice#2 outcome#1 → effects 为非空 Array
  ✓ event_blessing_altar.json choice#2 outcome#1 → effect 为含 type 的 Dictionary
  ✓ event_blessing_altar.json choice#2 outcome#1 → effect 为含 type 的 Dictionary
  ✓ event_blessing_altar.json choice#2 outcome#1 → description 非空
  ✓ event_blessing_altar.json choice#3 → text 非空
  ✓ event_blessing_altar.json choice#3 → outcomes 为非空 Array
  ✓ event_blessing_altar.json choice#3 outcome#1 → weight 为正数
  ✓ event_blessing_altar.json choice#3 outcome#1 → effects 为非空 Array
  ✓ event_blessing_altar.json choice#3 outcome#1 → effect 为含 type 的 Dictionary
  ✓ event_blessing_altar.json choice#3 outcome#1 → description 非空
  ✓ data/events 目录可打开
  ✓ run_config.json 可解析且为 Dictionary
  ✓ difficulty 非空字符串（开局难度档）
  ✓ run 级 recovery 为 Dictionary
  ✓ recovery.percent_max_hp 在 1-100（占位值，run 内恒定）
  ✓ recovery.declinable == true（可拒绝，背水流）
  ✓ act1_config.json 可解析且为 Dictionary
  ✓ act == 1
  ✓ stage_count == 8
  ✓ boss_stage == 8（Boss 固定末关）
  ✓ boss 为 Dictionary
  ✓ boss.map_id 对应地图存在 (mountain_pass_01)
  ✓ boss.enemy_config 非空
  ✓ boss.reward 为 Dictionary
  ✓ boss.reward.fixed 含 gold+exp
  ✓ boss.reward.package 为非空 Array
  ✓ Boss 包 RewardDrop.kind 合法 (gold)
  ✓ Boss 包 RewardDrop.kind 合法 (exp)
  ✓ Boss 包 RewardDrop.kind 合法 (equipment)
  ✓ Boss 包 RewardDrop.kind 合法 (relic)
  ✓ Boss 固定包含 gold
  ✓ Boss 固定包含 exp
  ✓ Boss 固定包含 equipment
  ✓ Boss 固定包含 relic
  ✓ ActConfig 不含 recovery 字段（已挪 run_config.json）
  ✓ door_gen 为 Dictionary
  ✓ door_count 为 Dictionary
  ✓ door_count 2 <= min <= max <= 3（下限暂定 2，2026-07-03 裁决）
  ✓ type_weights 为 Dictionary
  ✓ type_weights 含 gold 且权重 > 0
  ✓ type_weights 含 exp 且权重 > 0
  ✓ type_weights 含 equipment 且权重 > 0
  ✓ type_weights 含 relic 且权重 > 0
  ✓ type_weights 含 event 且权重 > 0
  ✓ type_weights 键 gold 在五类门枚举内（无 shop）
  ✓ type_weights 无禁用类型 (gold)
  ✓ type_weights 键 exp 在五类门枚举内（无 shop）
  ✓ type_weights 无禁用类型 (exp)
  ✓ type_weights 键 equipment 在五类门枚举内（无 shop）
  ✓ type_weights 无禁用类型 (equipment)
  ✓ type_weights 键 relic 在五类门枚举内（无 shop）
  ✓ type_weights 无禁用类型 (relic)
  ✓ type_weights 键 event 在五类门枚举内（无 shop）
  ✓ type_weights 无禁用类型 (event)
  ✓ elite_room_weight > 0
  ✓ constraints 为 Dictionary
  ✓ 约束：事件门不得连续 [已定]
  ✓ 约束：同组门类型互不相同 [提案]
  ✓ 旧约束 shop_not_counted_as_stage 已移除（商店退出门池，2026-07-03）
  ✓ pity 为 Dictionary
  ✓ pity.relic_drought_stages > 0（遗物保底占位）
  ✓ pity.count_by == appearance（按出现计数 [已定]）
  ✓ fixed_shops 为 Dictionary
  ✓ fixed_shops.mid_act_after_stage 在 1-7（幕中定位占位）
  ✓ fixed_shops.pre_boss == true（Boss 前一次）
  ✓ battle_pools 为 Dictionary
  ✓ battle_pools.normal 为非空 Array
  ✓ battle_pools.normal 条目非空字符串 (wave_act1_normal_01)
  ✓ battle_pools.normal 条目非空字符串 (wave_act1_normal_02)
  ✓ battle_pools.normal 条目非空字符串 (wave_act1_normal_03)
  ✓ battle_pools.elite 为非空 Array
  ✓ battle_pools.elite 条目非空字符串 (wave_act1_elite_01)
  ✓ battle_pools.elite 条目非空字符串 (wave_act1_elite_02)
  ✓ map_pool 为非空 Array
  ✓ map_pool 地图存在 (forest_01)
  ✓ map_pool 地图存在 (lakeside_01)
  ✓ map_pool 地图存在 (mountain_pass_01)
  ✓ event_pool 为非空 Array
  ✓ event_pool 事件存在于 data/events (event_mysterious_merchant)
  ✓ event_pool 事件存在于 data/events (event_abandoned_mine)
  ✓ event_pool 事件存在于 data/events (event_blessing_altar)
  ✓ fixed_reward_per_stage 含 gold+exp（每图固定结算）
  ✓ party_size_bonus 为 Dictionary（不满4人补偿占位）
  ✓ 波次文件存在 (wave_act1_normal_01)
  ✓ 波次文件存在 (wave_act1_normal_02)
  ✓ 波次文件存在 (wave_act1_normal_03)
  ✓ 波次文件存在 (wave_act1_elite_01)
  ✓ 波次文件存在 (wave_act1_elite_02)
  ✓ 波次文件存在 (wave_act1_boss_01)
  ✓ 波次文件存在 (wave_event_mine_ambush)
  ✓ battle_pools.normal 波次文件存在 (wave_act1_normal_01)
  ✓ battle_pools.normal 波次文件存在 (wave_act1_normal_02)
  ✓ battle_pools.normal 波次文件存在 (wave_act1_normal_03)
  ✓ battle_pools.elite 波次文件存在 (wave_act1_elite_01)
  ✓ battle_pools.elite 波次文件存在 (wave_act1_elite_02)
  ✓ boss.enemy_config 波次文件存在 (wave_act1_boss_01)
  ✓ event_abandoned_mine 可解析
  ✓ event_abandoned_mine start_battle 波次文件存在 (wave_event_mine_ambush)
  ✓ event_abandoned_mine 含 start_battle 战斗结局
  ✓ data/waves 目录可打开
  ✓ 波次 wave_act1_boss_01.json 可解析为 Dictionary
  ✓ 波次 wave_act1_boss_01.json → id 与文件名一致
  ✓ 波次 wave_act1_boss_01.json → enemies 为非空 Array
  ✓ wave_act1_boss_01 enemy#1 → class_id 非空字符串
  ✓ wave_act1_boss_01 enemy#1 → spawn_pos 为 2 元数组
  ✓ wave_act1_boss_01 enemy#1 → spawn_pos x/y 在 0..7 (7,3)
  ✓ wave_act1_boss_01 enemy#1 → tier 合法枚举 (elite_chief)
  ✓ wave_act1_boss_01 enemy#1 → elite_chief 含 special_affix (afs_bulwark)
  ✓ wave_act1_boss_01 enemy#1 → special_affix 文件存在 (afs_bulwark)
  ✓ wave_act1_boss_01 enemy#1 → affix 文件存在 (af_vanguard)
  ✓ wave_act1_boss_01 enemy#1 → affix 文件存在 (af_heal_resist)
  ✓ wave_act1_boss_01 enemy#2 → class_id 非空字符串
  ✓ wave_act1_boss_01 enemy#2 → spawn_pos 为 2 元数组
  ✓ wave_act1_boss_01 enemy#2 → spawn_pos x/y 在 0..7 (7,2)
  ✓ wave_act1_boss_01 enemy#2 → tier 合法枚举 (normal)
  ✓ wave_act1_boss_01 enemy#3 → class_id 非空字符串
  ✓ wave_act1_boss_01 enemy#3 → spawn_pos 为 2 元数组
  ✓ wave_act1_boss_01 enemy#3 → spawn_pos x/y 在 0..7 (7,4)
  ✓ wave_act1_boss_01 enemy#3 → tier 合法枚举 (normal)
  ✓ wave_act1_boss_01 enemy#4 → class_id 非空字符串
  ✓ wave_act1_boss_01 enemy#4 → spawn_pos 为 2 元数组
  ✓ wave_act1_boss_01 enemy#4 → spawn_pos x/y 在 0..7 (6,1)
  ✓ wave_act1_boss_01 enemy#4 → tier 合法枚举 (normal)
  ✓ 波次 wave_act1_elite_01.json 可解析为 Dictionary
  ✓ 波次 wave_act1_elite_01.json → id 与文件名一致
  ✓ 波次 wave_act1_elite_01.json → enemies 为非空 Array
  ✓ wave_act1_elite_01 enemy#1 → class_id 非空字符串
  ✓ wave_act1_elite_01 enemy#1 → spawn_pos 为 2 元数组
  ✓ wave_act1_elite_01 enemy#1 → spawn_pos x/y 在 0..7 (7,3)
  ✓ wave_act1_elite_01 enemy#1 → tier 合法枚举 (elite_chief)
  ✓ wave_act1_elite_01 enemy#1 → elite_chief 含 special_affix (afs_bulwark)
  ✓ wave_act1_elite_01 enemy#1 → special_affix 文件存在 (afs_bulwark)
  ✓ wave_act1_elite_01 enemy#1 → affix 文件存在 (af_vanguard)
  ✓ wave_act1_elite_01 enemy#2 → class_id 非空字符串
  ✓ wave_act1_elite_01 enemy#2 → spawn_pos 为 2 元数组
  ✓ wave_act1_elite_01 enemy#2 → spawn_pos x/y 在 0..7 (6,2)
  ✓ wave_act1_elite_01 enemy#2 → tier 合法枚举 (normal)
  ✓ wave_act1_elite_01 enemy#3 → class_id 非空字符串
  ✓ wave_act1_elite_01 enemy#3 → spawn_pos 为 2 元数组
  ✓ wave_act1_elite_01 enemy#3 → spawn_pos x/y 在 0..7 (6,4)
  ✓ wave_act1_elite_01 enemy#3 → tier 合法枚举 (normal)
  ✓ 波次 wave_act1_elite_02.json 可解析为 Dictionary
  ✓ 波次 wave_act1_elite_02.json → id 与文件名一致
  ✓ 波次 wave_act1_elite_02.json → enemies 为非空 Array
  ✓ wave_act1_elite_02 enemy#1 → class_id 非空字符串
  ✓ wave_act1_elite_02 enemy#1 → spawn_pos 为 2 元数组
  ✓ wave_act1_elite_02 enemy#1 → spawn_pos x/y 在 0..7 (7,3)
  ✓ wave_act1_elite_02 enemy#1 → tier 合法枚举 (elite_chief)
  ✓ wave_act1_elite_02 enemy#1 → elite_chief 含 special_affix (afs_frenzy)
  ✓ wave_act1_elite_02 enemy#1 → special_affix 文件存在 (afs_frenzy)
  ✓ wave_act1_elite_02 enemy#1 → affix 文件存在 (af_heal_resist)
  ✓ wave_act1_elite_02 enemy#1 → affix 文件存在 (af_vanguard)
  ✓ wave_act1_elite_02 enemy#2 → class_id 非空字符串
  ✓ wave_act1_elite_02 enemy#2 → spawn_pos 为 2 元数组
  ✓ wave_act1_elite_02 enemy#2 → spawn_pos x/y 在 0..7 (6,2)
  ✓ wave_act1_elite_02 enemy#2 → tier 合法枚举 (normal)
  ✓ wave_act1_elite_02 enemy#3 → class_id 非空字符串
  ✓ wave_act1_elite_02 enemy#3 → spawn_pos 为 2 元数组
  ✓ wave_act1_elite_02 enemy#3 → spawn_pos x/y 在 0..7 (6,5)
  ✓ wave_act1_elite_02 enemy#3 → tier 合法枚举 (normal)
  ✓ 波次 wave_act1_normal_01.json 可解析为 Dictionary
  ✓ 波次 wave_act1_normal_01.json → id 与文件名一致
  ✓ 波次 wave_act1_normal_01.json → enemies 为非空 Array
  ✓ wave_act1_normal_01 enemy#1 → class_id 非空字符串
  ✓ wave_act1_normal_01 enemy#1 → spawn_pos 为 2 元数组
  ✓ wave_act1_normal_01 enemy#1 → spawn_pos x/y 在 0..7 (6,2)
  ✓ wave_act1_normal_01 enemy#1 → tier 合法枚举 (normal)
  ✓ wave_act1_normal_01 enemy#2 → class_id 非空字符串
  ✓ wave_act1_normal_01 enemy#2 → spawn_pos 为 2 元数组
  ✓ wave_act1_normal_01 enemy#2 → spawn_pos x/y 在 0..7 (6,4)
  ✓ wave_act1_normal_01 enemy#2 → tier 合法枚举 (normal)
  ✓ wave_act1_normal_01 enemy#3 → class_id 非空字符串
  ✓ wave_act1_normal_01 enemy#3 → spawn_pos 为 2 元数组
  ✓ wave_act1_normal_01 enemy#3 → spawn_pos x/y 在 0..7 (7,3)
  ✓ wave_act1_normal_01 enemy#3 → tier 合法枚举 (lesser_elite)
  ✓ wave_act1_normal_01 enemy#3 → affix 文件存在 (af_vanguard)
  ✓ 波次 wave_act1_normal_02.json 可解析为 Dictionary
  ✓ 波次 wave_act1_normal_02.json → id 与文件名一致
  ✓ 波次 wave_act1_normal_02.json → enemies 为非空 Array
  ✓ wave_act1_normal_02 enemy#1 → class_id 非空字符串
  ✓ wave_act1_normal_02 enemy#1 → spawn_pos 为 2 元数组
  ✓ wave_act1_normal_02 enemy#1 → spawn_pos x/y 在 0..7 (6,2)
  ✓ wave_act1_normal_02 enemy#1 → tier 合法枚举 (normal)
  ✓ wave_act1_normal_02 enemy#2 → class_id 非空字符串
  ✓ wave_act1_normal_02 enemy#2 → spawn_pos 为 2 元数组
  ✓ wave_act1_normal_02 enemy#2 → spawn_pos x/y 在 0..7 (6,5)
  ✓ wave_act1_normal_02 enemy#2 → tier 合法枚举 (normal)
  ✓ wave_act1_normal_02 enemy#3 → class_id 非空字符串
  ✓ wave_act1_normal_02 enemy#3 → spawn_pos 为 2 元数组
  ✓ wave_act1_normal_02 enemy#3 → spawn_pos x/y 在 0..7 (7,3)
  ✓ wave_act1_normal_02 enemy#3 → tier 合法枚举 (lesser_elite)
  ✓ wave_act1_normal_02 enemy#3 → affix 文件存在 (af_heal_resist)
  ✓ 波次 wave_act1_normal_03.json 可解析为 Dictionary
  ✓ 波次 wave_act1_normal_03.json → id 与文件名一致
  ✓ 波次 wave_act1_normal_03.json → enemies 为非空 Array
  ✓ wave_act1_normal_03 enemy#1 → class_id 非空字符串
  ✓ wave_act1_normal_03 enemy#1 → spawn_pos 为 2 元数组
  ✓ wave_act1_normal_03 enemy#1 → spawn_pos x/y 在 0..7 (6,2)
  ✓ wave_act1_normal_03 enemy#1 → tier 合法枚举 (normal)
  ✓ wave_act1_normal_03 enemy#2 → class_id 非空字符串
  ✓ wave_act1_normal_03 enemy#2 → spawn_pos 为 2 元数组
  ✓ wave_act1_normal_03 enemy#2 → spawn_pos x/y 在 0..7 (6,5)
  ✓ wave_act1_normal_03 enemy#2 → tier 合法枚举 (normal)
  ✓ wave_act1_normal_03 enemy#3 → class_id 非空字符串
  ✓ wave_act1_normal_03 enemy#3 → spawn_pos 为 2 元数组
  ✓ wave_act1_normal_03 enemy#3 → spawn_pos x/y 在 0..7 (7,3)
  ✓ wave_act1_normal_03 enemy#3 → tier 合法枚举 (lesser_elite)
  ✓ wave_act1_normal_03 enemy#3 → affix 文件存在 (af_vanguard)
  ✓ wave_act1_normal_03 enemy#4 → class_id 非空字符串
  ✓ wave_act1_normal_03 enemy#4 → spawn_pos 为 2 元数组
  ✓ wave_act1_normal_03 enemy#4 → spawn_pos x/y 在 0..7 (7,5)
  ✓ wave_act1_normal_03 enemy#4 → tier 合法枚举 (normal)
  ✓ 波次 wave_event_mine_ambush.json 可解析为 Dictionary
  ✓ 波次 wave_event_mine_ambush.json → id 与文件名一致
  ✓ 波次 wave_event_mine_ambush.json → enemies 为非空 Array
  ✓ wave_event_mine_ambush enemy#1 → class_id 非空字符串
  ✓ wave_event_mine_ambush enemy#1 → spawn_pos 为 2 元数组
  ✓ wave_event_mine_ambush enemy#1 → spawn_pos x/y 在 0..7 (6,2)
  ✓ wave_event_mine_ambush enemy#1 → tier 合法枚举 (normal)
  ✓ wave_event_mine_ambush enemy#2 → class_id 非空字符串
  ✓ wave_event_mine_ambush enemy#2 → spawn_pos 为 2 元数组
  ✓ wave_event_mine_ambush enemy#2 → spawn_pos x/y 在 0..7 (6,4)
  ✓ wave_event_mine_ambush enemy#2 → tier 合法枚举 (normal)
  ✓ wave_event_mine_ambush enemy#3 → class_id 非空字符串
  ✓ wave_event_mine_ambush enemy#3 → spawn_pos 为 2 元数组
  ✓ wave_event_mine_ambush enemy#3 → spawn_pos x/y 在 0..7 (7,3)
  ✓ wave_event_mine_ambush enemy#3 → tier 合法枚举 (normal)
  ✓ data/waves 至少 7 个 JSON（实际 7）
  ✓ 词条 base 文件存在 (af_vanguard)
  ✓ 词条 af_vanguard 可解析为 Dictionary
  ✓ 词条 af_vanguard → id 与文件名一致
  ✓ 词条 af_vanguard → name 非空
  ✓ 词条 af_vanguard → type 非空
  ✓ 词条 af_vanguard → is_passive 为 bool
  ✓ 词条 af_vanguard → pool 与子目录一致（base）
  ✓ 词条 base 文件存在 (af_heal_resist)
  ✓ 词条 af_heal_resist 可解析为 Dictionary
  ✓ 词条 af_heal_resist → id 与文件名一致
  ✓ 词条 af_heal_resist → name 非空
  ✓ 词条 af_heal_resist → type 非空
  ✓ 词条 af_heal_resist → is_passive 为 bool
  ✓ 词条 af_heal_resist → pool 与子目录一致（base）
  ✓ 词条 special 文件存在 (afs_bulwark)
  ✓ 词条 afs_bulwark 可解析为 Dictionary
  ✓ 词条 afs_bulwark → id 与文件名一致
  ✓ 词条 afs_bulwark → name 非空
  ✓ 词条 afs_bulwark → type 非空
  ✓ 词条 afs_bulwark → is_passive 为 bool
  ✓ 词条 afs_bulwark → pool 与子目录一致（special）
  ✓ 词条 special 文件存在 (afs_frenzy)
  ✓ 词条 afs_frenzy 可解析为 Dictionary
  ✓ 词条 afs_frenzy → id 与文件名一致
  ✓ 词条 afs_frenzy → name 非空
  ✓ 词条 afs_frenzy → type 非空
  ✓ 词条 afs_frenzy → is_passive 为 bool
  ✓ 词条 afs_frenzy → pool 与子目录一致（special）
  ✓ data/relics 目录可打开
  ✓ 遗物 relic_berserker_totem.json 可解析为 Dictionary
  ✓ 遗物 relic_berserker_totem → id 非空
  ✓ 遗物 relic_berserker_totem → name 非空
  ✓ 遗物 relic_berserker_totem → rarity 合法 (epic)
  ✓ 遗物 relic_berserker_totem → category 合法 (build)
  ✓ 遗物 relic_berserker_totem → effects 为数组
  ✓ 遗物 relic_coin_pouch.json 可解析为 Dictionary
  ✓ 遗物 relic_coin_pouch → id 非空
  ✓ 遗物 relic_coin_pouch → name 非空
  ✓ 遗物 relic_coin_pouch → rarity 合法 (common)
  ✓ 遗物 relic_coin_pouch → category 合法 (economy)
  ✓ 遗物 relic_coin_pouch → effects 为数组
  ✓ 遗物 relic_guardian_ward.json 可解析为 Dictionary
  ✓ 遗物 relic_guardian_ward → id 非空
  ✓ 遗物 relic_guardian_ward → name 非空
  ✓ 遗物 relic_guardian_ward → rarity 合法 (rare)
  ✓ 遗物 relic_guardian_ward → category 合法 (build)
  ✓ 遗物 relic_guardian_ward → effects 为数组
  ✓ 遗物 relic_iron_core.json 可解析为 Dictionary
  ✓ 遗物 relic_iron_core → id 非空
  ✓ 遗物 relic_iron_core → name 非空
  ✓ 遗物 relic_iron_core → rarity 合法 (common)
  ✓ 遗物 relic_iron_core → category 合法 (stat)
  ✓ 遗物 relic_iron_core → effects 为数组
  ✓ 遗物 relic_keen_edge.json 可解析为 Dictionary
  ✓ 遗物 relic_keen_edge → id 非空
  ✓ 遗物 relic_keen_edge → name 非空
  ✓ 遗物 relic_keen_edge → rarity 合法 (rare)
  ✓ 遗物 relic_keen_edge → category 合法 (stat)
  ✓ 遗物 relic_keen_edge → effects 为数组
  ✓ 遗物 relic_lucky_clover.json 可解析为 Dictionary
  ✓ 遗物 relic_lucky_clover → id 非空
  ✓ 遗物 relic_lucky_clover → name 非空
  ✓ 遗物 relic_lucky_clover → rarity 合法 (common)
  ✓ 遗物 relic_lucky_clover → category 合法 (stat)
  ✓ 遗物 relic_lucky_clover → effects 为数组
  ✓ 遗物 relic_mentor_tome.json 可解析为 Dictionary
  ✓ 遗物 relic_mentor_tome → id 非空
  ✓ 遗物 relic_mentor_tome → name 非空
  ✓ 遗物 relic_mentor_tome → rarity 合法 (epic)
  ✓ 遗物 relic_mentor_tome → category 合法 (economy)
  ✓ 遗物 relic_mentor_tome → effects 为数组
  ✓ 遗物 relic_scholar_seal.json 可解析为 Dictionary
  ✓ 遗物 relic_scholar_seal → id 非空
  ✓ 遗物 relic_scholar_seal → name 非空
  ✓ 遗物 relic_scholar_seal → rarity 合法 (rare)
  ✓ 遗物 relic_scholar_seal → category 合法 (economy)
  ✓ 遗物 relic_scholar_seal → effects 为数组
  ✓ 遗物 relic_swift_boots.json 可解析为 Dictionary
  ✓ 遗物 relic_swift_boots → id 非空
  ✓ 遗物 relic_swift_boots → name 非空
  ✓ 遗物 relic_swift_boots → rarity 合法 (rare)
  ✓ 遗物 relic_swift_boots → category 合法 (stat)
  ✓ 遗物 relic_swift_boots → effects 为数组
  ✓ 遗物 relic_vampiric_fang.json 可解析为 Dictionary
  ✓ 遗物 relic_vampiric_fang → id 非空
  ✓ 遗物 relic_vampiric_fang → name 非空
  ✓ 遗物 relic_vampiric_fang → rarity 合法 (epic)
  ✓ 遗物 relic_vampiric_fang → category 合法 (build)
  ✓ 遗物 relic_vampiric_fang → effects 为数组
  ✓ data/relics 至少 10 个 JSON（实际 10）
  ✓ data/equipment 目录可打开
  ✓ 装备 eq_arm_chain_mail.json 可解析为 Dictionary
  ✓ 装备 eq_arm_chain_mail → id 非空
  ✓ 装备 eq_arm_chain_mail → name 非空
  ✓ 装备 eq_arm_chain_mail → slot 合法 (armor)
  ✓ 装备 eq_arm_chain_mail → tier 存在
  ✓ 装备 eq_arm_chain_mail → rarity 非空
  ✓ 装备 eq_arm_chain_mail → stats 为 Dictionary
  ✓ 装备 eq_arm_cloth_robe.json 可解析为 Dictionary
  ✓ 装备 eq_arm_cloth_robe → id 非空
  ✓ 装备 eq_arm_cloth_robe → name 非空
  ✓ 装备 eq_arm_cloth_robe → slot 合法 (armor)
  ✓ 装备 eq_arm_cloth_robe → tier 存在
  ✓ 装备 eq_arm_cloth_robe → rarity 非空
  ✓ 装备 eq_arm_cloth_robe → stats 为 Dictionary
  ✓ 装备 eq_arm_leather_vest.json 可解析为 Dictionary
  ✓ 装备 eq_arm_leather_vest → id 非空
  ✓ 装备 eq_arm_leather_vest → name 非空
  ✓ 装备 eq_arm_leather_vest → slot 合法 (armor)
  ✓ 装备 eq_arm_leather_vest → tier 存在
  ✓ 装备 eq_arm_leather_vest → rarity 非空
  ✓ 装备 eq_arm_leather_vest → stats 为 Dictionary
  ✓ 装备 eq_arm_tower_shield.json 可解析为 Dictionary
  ✓ 装备 eq_arm_tower_shield → id 非空
  ✓ 装备 eq_arm_tower_shield → name 非空
  ✓ 装备 eq_arm_tower_shield → slot 合法 (armor)
  ✓ 装备 eq_arm_tower_shield → tier 存在
  ✓ 装备 eq_arm_tower_shield → rarity 非空
  ✓ 装备 eq_arm_tower_shield → stats 为 Dictionary
  ✓ 装备 eq_wpn_armorslayer.json 可解析为 Dictionary
  ✓ 装备 eq_wpn_armorslayer → id 非空
  ✓ 装备 eq_wpn_armorslayer → name 非空
  ✓ 装备 eq_wpn_armorslayer → slot 合法 (weapon)
  ✓ 装备 eq_wpn_armorslayer → tier 存在
  ✓ 装备 eq_wpn_armorslayer → rarity 非空
  ✓ 装备 eq_wpn_armorslayer → stats 为 Dictionary
  ✓ 装备 eq_wpn_binding_blade.json 可解析为 Dictionary
  ✓ 装备 eq_wpn_binding_blade → id 非空
  ✓ 装备 eq_wpn_binding_blade → name 非空
  ✓ 装备 eq_wpn_binding_blade → slot 合法 (weapon)
  ✓ 装备 eq_wpn_binding_blade → tier 存在
  ✓ 装备 eq_wpn_binding_blade → rarity 非空
  ✓ 装备 eq_wpn_binding_blade → stats 为 Dictionary
  ✓ 装备 eq_wpn_brave_sword.json 可解析为 Dictionary
  ✓ 装备 eq_wpn_brave_sword → id 非空
  ✓ 装备 eq_wpn_brave_sword → name 非空
  ✓ 装备 eq_wpn_brave_sword → slot 合法 (weapon)
  ✓ 装备 eq_wpn_brave_sword → tier 存在
  ✓ 装备 eq_wpn_brave_sword → rarity 非空
  ✓ 装备 eq_wpn_brave_sword → stats 为 Dictionary
  ✓ 装备 eq_wpn_durandal.json 可解析为 Dictionary
  ✓ 装备 eq_wpn_durandal → id 非空
  ✓ 装备 eq_wpn_durandal → name 非空
  ✓ 装备 eq_wpn_durandal → slot 合法 (weapon)
  ✓ 装备 eq_wpn_durandal → tier 存在
  ✓ 装备 eq_wpn_durandal → rarity 非空
  ✓ 装备 eq_wpn_durandal → stats 为 Dictionary
  ✓ 装备 eq_wpn_iron_blade.json 可解析为 Dictionary
  ✓ 装备 eq_wpn_iron_blade → id 非空
  ✓ 装备 eq_wpn_iron_blade → name 非空
  ✓ 装备 eq_wpn_iron_blade → slot 合法 (weapon)
  ✓ 装备 eq_wpn_iron_blade → tier 存在
  ✓ 装备 eq_wpn_iron_blade → rarity 非空
  ✓ 装备 eq_wpn_iron_blade → stats 为 Dictionary
  ✓ 装备 eq_wpn_iron_sword.json 可解析为 Dictionary
  ✓ 装备 eq_wpn_iron_sword → id 非空
  ✓ 装备 eq_wpn_iron_sword → name 非空
  ✓ 装备 eq_wpn_iron_sword → slot 合法 (weapon)
  ✓ 装备 eq_wpn_iron_sword → tier 存在
  ✓ 装备 eq_wpn_iron_sword → rarity 非空
  ✓ 装备 eq_wpn_iron_sword → stats 为 Dictionary
  ✓ 装备 eq_wpn_killing_edge.json 可解析为 Dictionary
  ✓ 装备 eq_wpn_killing_edge → id 非空
  ✓ 装备 eq_wpn_killing_edge → name 非空
  ✓ 装备 eq_wpn_killing_edge → slot 合法 (weapon)
  ✓ 装备 eq_wpn_killing_edge → tier 存在
  ✓ 装备 eq_wpn_killing_edge → rarity 非空
  ✓ 装备 eq_wpn_killing_edge → stats 为 Dictionary
  ✓ 装备 eq_wpn_light_brand.json 可解析为 Dictionary
  ✓ 装备 eq_wpn_light_brand → id 非空
  ✓ 装备 eq_wpn_light_brand → name 非空
  ✓ 装备 eq_wpn_light_brand → slot 合法 (weapon)
  ✓ 装备 eq_wpn_light_brand → tier 存在
  ✓ 装备 eq_wpn_light_brand → rarity 非空
  ✓ 装备 eq_wpn_light_brand → stats 为 Dictionary
  ✓ 装备 eq_wpn_longsword.json 可解析为 Dictionary
  ✓ 装备 eq_wpn_longsword → id 非空
  ✓ 装备 eq_wpn_longsword → name 非空
  ✓ 装备 eq_wpn_longsword → slot 合法 (weapon)
  ✓ 装备 eq_wpn_longsword → tier 存在
  ✓ 装备 eq_wpn_longsword → rarity 非空
  ✓ 装备 eq_wpn_longsword → stats 为 Dictionary
  ✓ 装备 eq_wpn_mani_katti.json 可解析为 Dictionary
  ✓ 装备 eq_wpn_mani_katti → id 非空
  ✓ 装备 eq_wpn_mani_katti → name 非空
  ✓ 装备 eq_wpn_mani_katti → slot 合法 (weapon)
  ✓ 装备 eq_wpn_mani_katti → tier 存在
  ✓ 装备 eq_wpn_mani_katti → rarity 非空
  ✓ 装备 eq_wpn_mani_katti → stats 为 Dictionary
  ✓ 装备 eq_wpn_oak_staff.json 可解析为 Dictionary
  ✓ 装备 eq_wpn_oak_staff → id 非空
  ✓ 装备 eq_wpn_oak_staff → name 非空
  ✓ 装备 eq_wpn_oak_staff → slot 合法 (weapon)
  ✓ 装备 eq_wpn_oak_staff → tier 存在
  ✓ 装备 eq_wpn_oak_staff → rarity 非空
  ✓ 装备 eq_wpn_oak_staff → stats 为 Dictionary
  ✓ 装备 eq_wpn_poison_sword.json 可解析为 Dictionary
  ✓ 装备 eq_wpn_poison_sword → id 非空
  ✓ 装备 eq_wpn_poison_sword → name 非空
  ✓ 装备 eq_wpn_poison_sword → slot 合法 (weapon)
  ✓ 装备 eq_wpn_poison_sword → tier 存在
  ✓ 装备 eq_wpn_poison_sword → rarity 非空
  ✓ 装备 eq_wpn_poison_sword → stats 为 Dictionary
  ✓ 装备 eq_wpn_rapier.json 可解析为 Dictionary
  ✓ 装备 eq_wpn_rapier → id 非空
  ✓ 装备 eq_wpn_rapier → name 非空
  ✓ 装备 eq_wpn_rapier → slot 合法 (weapon)
  ✓ 装备 eq_wpn_rapier → tier 存在
  ✓ 装备 eq_wpn_rapier → rarity 非空
  ✓ 装备 eq_wpn_rapier → stats 为 Dictionary
  ✓ 装备 eq_wpn_regal_blade.json 可解析为 Dictionary
  ✓ 装备 eq_wpn_regal_blade → id 非空
  ✓ 装备 eq_wpn_regal_blade → name 非空
  ✓ 装备 eq_wpn_regal_blade → slot 合法 (weapon)
  ✓ 装备 eq_wpn_regal_blade → tier 存在
  ✓ 装备 eq_wpn_regal_blade → rarity 非空
  ✓ 装备 eq_wpn_regal_blade → stats 为 Dictionary
  ✓ 装备 eq_wpn_runesword.json 可解析为 Dictionary
  ✓ 装备 eq_wpn_runesword → id 非空
  ✓ 装备 eq_wpn_runesword → name 非空
  ✓ 装备 eq_wpn_runesword → slot 合法 (weapon)
  ✓ 装备 eq_wpn_runesword → tier 存在
  ✓ 装备 eq_wpn_runesword → rarity 非空
  ✓ 装备 eq_wpn_runesword → stats 为 Dictionary
  ✓ 装备 eq_wpn_short_bow.json 可解析为 Dictionary
  ✓ 装备 eq_wpn_short_bow → id 非空
  ✓ 装备 eq_wpn_short_bow → name 非空
  ✓ 装备 eq_wpn_short_bow → slot 合法 (weapon)
  ✓ 装备 eq_wpn_short_bow → tier 存在
  ✓ 装备 eq_wpn_short_bow → rarity 非空
  ✓ 装备 eq_wpn_short_bow → stats 为 Dictionary
  ✓ 装备 eq_wpn_silver_blade.json 可解析为 Dictionary
  ✓ 装备 eq_wpn_silver_blade → id 非空
  ✓ 装备 eq_wpn_silver_blade → name 非空
  ✓ 装备 eq_wpn_silver_blade → slot 合法 (weapon)
  ✓ 装备 eq_wpn_silver_blade → tier 存在
  ✓ 装备 eq_wpn_silver_blade → rarity 非空
  ✓ 装备 eq_wpn_silver_blade → stats 为 Dictionary
  ✓ 装备 eq_wpn_silver_sword.json 可解析为 Dictionary
  ✓ 装备 eq_wpn_silver_sword → id 非空
  ✓ 装备 eq_wpn_silver_sword → name 非空
  ✓ 装备 eq_wpn_silver_sword → slot 合法 (weapon)
  ✓ 装备 eq_wpn_silver_sword → tier 存在
  ✓ 装备 eq_wpn_silver_sword → rarity 非空
  ✓ 装备 eq_wpn_silver_sword → stats 为 Dictionary
  ✓ 装备 eq_wpn_slim_sword.json 可解析为 Dictionary
  ✓ 装备 eq_wpn_slim_sword → id 非空
  ✓ 装备 eq_wpn_slim_sword → name 非空
  ✓ 装备 eq_wpn_slim_sword → slot 合法 (weapon)
  ✓ 装备 eq_wpn_slim_sword → tier 存在
  ✓ 装备 eq_wpn_slim_sword → rarity 非空
  ✓ 装备 eq_wpn_slim_sword → stats 为 Dictionary
  ✓ 装备 eq_wpn_sol_katti.json 可解析为 Dictionary
  ✓ 装备 eq_wpn_sol_katti → id 非空
  ✓ 装备 eq_wpn_sol_katti → name 非空
  ✓ 装备 eq_wpn_sol_katti → slot 合法 (weapon)
  ✓ 装备 eq_wpn_sol_katti → tier 存在
  ✓ 装备 eq_wpn_sol_katti → rarity 非空
  ✓ 装备 eq_wpn_sol_katti → stats 为 Dictionary
  ✓ 装备 eq_wpn_steel_blade.json 可解析为 Dictionary
  ✓ 装备 eq_wpn_steel_blade → id 非空
  ✓ 装备 eq_wpn_steel_blade → name 非空
  ✓ 装备 eq_wpn_steel_blade → slot 合法 (weapon)
  ✓ 装备 eq_wpn_steel_blade → tier 存在
  ✓ 装备 eq_wpn_steel_blade → rarity 非空
  ✓ 装备 eq_wpn_steel_blade → stats 为 Dictionary
  ✓ 装备 eq_wpn_steel_lance.json 可解析为 Dictionary
  ✓ 装备 eq_wpn_steel_lance → id 非空
  ✓ 装备 eq_wpn_steel_lance → name 非空
  ✓ 装备 eq_wpn_steel_lance → slot 合法 (weapon)
  ✓ 装备 eq_wpn_steel_lance → tier 存在
  ✓ 装备 eq_wpn_steel_lance → rarity 非空
  ✓ 装备 eq_wpn_steel_lance → stats 为 Dictionary
  ✓ 装备 eq_wpn_steel_sword.json 可解析为 Dictionary
  ✓ 装备 eq_wpn_steel_sword → id 非空
  ✓ 装备 eq_wpn_steel_sword → name 非空
  ✓ 装备 eq_wpn_steel_sword → slot 合法 (weapon)
  ✓ 装备 eq_wpn_steel_sword → tier 存在
  ✓ 装备 eq_wpn_steel_sword → rarity 非空
  ✓ 装备 eq_wpn_steel_sword → stats 为 Dictionary
  ✓ 装备 eq_wpn_wo_dao.json 可解析为 Dictionary
  ✓ 装备 eq_wpn_wo_dao → id 非空
  ✓ 装备 eq_wpn_wo_dao → name 非空
  ✓ 装备 eq_wpn_wo_dao → slot 合法 (weapon)
  ✓ 装备 eq_wpn_wo_dao → tier 存在
  ✓ 装备 eq_wpn_wo_dao → rarity 非空
  ✓ 装备 eq_wpn_wo_dao → stats 为 Dictionary
  ✓ 装备 eq_wpn_wyrmslayer.json 可解析为 Dictionary
  ✓ 装备 eq_wpn_wyrmslayer → id 非空
  ✓ 装备 eq_wpn_wyrmslayer → name 非空
  ✓ 装备 eq_wpn_wyrmslayer → slot 合法 (weapon)
  ✓ 装备 eq_wpn_wyrmslayer → tier 存在
  ✓ 装备 eq_wpn_wyrmslayer → rarity 非空
  ✓ 装备 eq_wpn_wyrmslayer → stats 为 Dictionary
  ✓ data/equipment 至少 8 个 JSON（实际 29）
  ✓ progression 为 Dictionary（升级阈值+天赋点占位）
  ✓ progression.exp_threshold_base > 0（占位）
  ✓ progression.exp_threshold_growth >= 0（占位，1.0=平坦）
  ✓ progression.talent_point_per_level >= 1（升级得天赋点，占位）
  ✓ door_rewards 为 Dictionary（门奖励数额+品质权重占位）
  ✓ door_rewards.gold > 0（共享账本，占位）
  ✓ door_rewards.exp > 0（每角色，占位）
  ✓ door_rewards.relic_per_drop >= 1（每次掉落个数，占位）
  ✓ door_rewards.equipment_rarity_weights 为 Dictionary
  ✓ door_rewards.equipment_rarity_weights 非空
  ✓ equipment_rarity_weights 品质键 common 在 rarity 枚举内
  ✓ equipment_rarity_weights.common 权重 > 0
  ✓ equipment_rarity_weights 品质键 rare 在 rarity 枚举内
  ✓ equipment_rarity_weights.rare 权重 > 0
  ✓ equipment_rarity_weights 品质键 epic 在 rarity 枚举内
  ✓ equipment_rarity_weights.epic 权重 > 0
  ✓ door_rewards.elite_equipment_rarity_weights 为 Dictionary
  ✓ door_rewards.elite_equipment_rarity_weights 非空
  ✓ elite_equipment_rarity_weights 品质键 common 在 rarity 枚举内
  ✓ elite_equipment_rarity_weights.common 权重 > 0
  ✓ elite_equipment_rarity_weights 品质键 rare 在 rarity 枚举内
  ✓ elite_equipment_rarity_weights.rare 权重 > 0
  ✓ elite_equipment_rarity_weights 品质键 epic 在 rarity 枚举内
  ✓ elite_equipment_rarity_weights.epic 权重 > 0
  ✓ shop 为 Dictionary（固定商店配置占位）
  ✓ shop.stock_size > 0（库存件数占位）
  ✓ shop.price_by_rarity 为 Dictionary
  ✓ shop.price_by_rarity 非空
  ✓ shop.price_by_rarity 品质键 common 在 rarity 枚举内
  ✓ shop.price_by_rarity.common 价格 > 0
  ✓ shop.price_by_rarity 品质键 rare 在 rarity 枚举内
  ✓ shop.price_by_rarity.rare 价格 > 0
  ✓ shop.price_by_rarity 品质键 epic 在 rarity 枚举内
  ✓ shop.price_by_rarity.epic 价格 > 0
  ✓ shop.price_by_rarity 品质键 legendary 在 rarity 枚举内
  ✓ shop.price_by_rarity.legendary 价格 > 0
  ✓ shop.sell_ratio 在 (0,1]（回收比例占位）

--- 结果：640 过 / 0 失败 ---
OK
=== EXIT_CODE 0 ===
=== TEST res://tests/test_shop_flow.gd ===
Godot Engine v4.6.3.stable.official.7d41c59c4 - https://godotengine.org

=== test_shop_flow (固定商店 v0：判定 / 库存 / 买卖 / 守恒) ===
[DataLoader] Loaded: 7 classes, 20 skills, 10 buffs, 8 enemies, 4 maps, 2 states, 7 talents
  OK  act1_config.json 可解析为 Dictionary
  OK  run_config.json 可解析为 Dictionary
  OK  act_config.shop 为 Dictionary
  OK  door_gen.fixed_shops 为 Dictionary
[DataLoader] Loaded: 7 classes, 20 skills, 10 buffs, 8 enemies, 4 maps, 2 states, 7 talents
  OK  data_pools.equipment 非空
  OK  data_pools.relics 非空
  OK  [1] 前置：mid_act_after_stage 在 1-7
  OK  [1] 驱动到 stage4 打完的 Prep（phase==prep）
  OK  [1] 幕中商店 Prep（stage4）→ is_shop_prep()==true
  OK  [1] 驱动到 stage7 打完的 Boss 前 Prep（phase==prep）
  OK  [1] Boss 前商店 Prep（stage7）→ is_shop_prep()==true
  OK  [1] stage2 打完的 Prep = 非商店（is_shop_prep()==false）
  OK  [1] stage3 打完的 Prep = 非商店（is_shop_prep()==false）
  OK  [1] stage5 打完的 Prep = 非商店（is_shop_prep()==false）
  OK  [1] stage6 打完的 Prep = 非商店（is_shop_prep()==false）
  OK  [1] battle 阶段 is_shop_prep()==false
  OK  [2] 商店 Prep 就绪
  OK  [2] 商店库存非空
  OK  [2] 库存件数 == stock_size(4)（候选池充足）
  OK  [2] 每件 kind 合法 + ref_id/name 非空 + price>0
  OK  [2] 同一 Prep 库存稳定（两次调用件数一致）
  OK  [2] 同一 Prep 库存稳定（逐件 ref_id 一致）
  OK  [2] 非商店 Prep get_shop_stock() 返回空
  OK  [3] 前置：库存非空
  OK  [3] gold 足 → buy_item 返回 true
  OK  [3] gold 足 → 扣减买价（gold -= price）
  OK  [3] gold 足 → 该件入运输队（convoy 对应库 +1）
  OK  [3] gold 足 → 买后库存移除该件（同件不可重复买）
  OK  [3] gold 不足 → buy_item 返回 false
  OK  [3] gold 不足 → gold 不扣
  OK  [3] gold 不足 → convoy 不增
  OK  [3] 非法 kind（rune）→ buy_item 返回 false
  OK  [3] 非法 kind → gold 不扣
  OK  [4] 前置：存在装备样本
  OK  [4] 卖价预览 > 0（= 买价×比例）
  OK  [4] 卖出返回 true
  OK  [4] 卖出 → gold 增 sell_price
  OK  [4] 卖出 → 该件出运输队
  OK  [4] 卖不存在的物品 → 返回 false
  OK  [4] 卖不存在 → gold 不变
  OK  [5] 前置：库存有货
  OK  [5] buy 成功
  OK  [5] sell 成功
  OK  [5] 金币守恒：净变 == -买价 + roundi(买价×比例)
  OK  [5] 回收 == 买价×sell_ratio（占位比例生效）
  OK  [6] 原配置商店 Prep 就绪
  OK  [6] 改价后商店 Prep 就绪
  OK  [6] 改价前后库存件数一致（同种子同库存）
  OK  [6] 同种子库存逐件 ref_id 一致（改的是价不是库存）
  OK  [6] 价格随 config ×10（价格从 config 读，非硬编码）

--- 结果：50 过 / 0 失败 ---
OK：全部断言通过
WARNING: ObjectDB instances leaked at exit (run with --verbose for details).
   at: cleanup (core/object/object.cpp:2663)
ERROR: 1 resources still in use at exit (run with --verbose for details).
   at: clear (core/io/resource.cpp:810)
=== EXIT_CODE 0 ===
=== TEST res://tests/test_skill_attack_type.gd ===
Godot Engine v4.6.3.stable.official.7d41c59c4 - https://godotengine.org

=== test_skill_attack_type (R4.3 attack_type 校验) ===
[DataLoader] Loaded: 7 classes, 20 skills, 10 buffs, 8 enemies, 4 maps, 2 states, 7 talents
  OK  skills 目录可打开
  OK  archer_aimed_shot.json 声明了 attack_type
  OK  archer_aimed_shot.json attack_type 符合派生规则
  OK  archer_eagle_eye.json 声明了 attack_type
  OK  archer_eagle_eye.json attack_type 符合派生规则
  OK  archer_piercing_arrow.json 声明了 attack_type
  OK  archer_piercing_arrow.json attack_type 符合派生规则
  OK  cleric_bless.json 声明了 attack_type
  OK  cleric_bless.json attack_type 符合派生规则
  OK  cleric_heal.json 声明了 attack_type
  OK  cleric_heal.json attack_type 符合派生规则
  OK  cleric_holy_smite.json 声明了 attack_type
  OK  cleric_holy_smite.json attack_type 符合派生规则
  OK  knight_charge.json 声明了 attack_type
  OK  knight_charge.json attack_type 符合派生规则
  OK  knight_heavy_strike.json 声明了 attack_type
  OK  knight_heavy_strike.json attack_type 符合派生规则
  OK  knight_iron_wall.json 声明了 attack_type
  OK  knight_iron_wall.json attack_type 符合派生规则
  OK  mage_fireball.json 声明了 attack_type
  OK  mage_fireball.json attack_type 符合派生规则
  OK  mage_ice_bolt.json 声明了 attack_type
  OK  mage_ice_bolt.json attack_type 符合派生规则
  OK  mage_mana_shield.json 声明了 attack_type
  OK  mage_mana_shield.json attack_type 符合派生规则
  OK  soldier_rally.json 声明了 attack_type
  OK  soldier_rally.json attack_type 符合派生规则
  OK  soldier_shield_bash.json 声明了 attack_type
  OK  soldier_shield_bash.json attack_type 符合派生规则
  OK  soldier_slash.json 声明了 attack_type
  OK  soldier_slash.json attack_type 符合派生规则
  OK  swordsman_badao.json 声明了 attack_type
  OK  swordsman_badao.json attack_type 符合派生规则
  OK  swordsman_juhe.json 声明了 attack_type
  OK  swordsman_juhe.json attack_type 符合派生规则
  OK  swordsman_yishan.json 声明了 attack_type
  OK  swordsman_yishan.json attack_type 符合派生规则
  OK  swordsman_zhanji.json 声明了 attack_type
  OK  swordsman_zhanji.json attack_type 符合派生规则
  OK  swordsman_zhaojia.json 声明了 attack_type
  OK  swordsman_zhaojia.json attack_type 符合派生规则
  OK  技能 JSON 数量 >= 20

--- 结果：42 过 / 0 失败 ---
=== EXIT_CODE 0 ===
=== TEST res://tests/test_skill_target_mode.gd ===
Godot Engine v4.6.3.stable.official.7d41c59c4 - https://godotengine.org

=== test_skill_target_mode（target_mode 导引擎）===
[DataLoader] Loaded: 7 classes, 20 skills, 10 buffs, 8 enemies, 4 maps, 2 states, 7 talents
[DataLoader] Loaded: 7 classes, 20 skills, 10 buffs, 8 enemies, 4 maps, 2 states, 7 talents
[Grid] Initialized 8x8 map: test_arena
[TacticalScene] Units spawned: 6
[TurnManager] Round 1 queue: [剑圣(player), 弓箭手(enemy), 枪兵(enemy), 法师(enemy), 不灭木桩(enemy), 复活木桩(enemy)]
[TurnManager] Turn: 剑圣 (player)

[T1] 20 条技能都声明了 target_mode 且取值在闭集内
  ✓ 没有技能漏填 target_mode
  ✓ 没有技能填了闭集外的值
  ✓ 技能总数 >= 20
  ✓ swordsman_badao 的 target_mode 与设计库一致
  ✓ swordsman_juhe 的 target_mode 与设计库一致
  ✓ swordsman_yishan 的 target_mode 与设计库一致
  ✓ swordsman_zhanji 的 target_mode 与设计库一致
  ✓ swordsman_zhaojia 的 target_mode 与设计库一致

[T2] 行为保持：只有例外名单上的技能允许与旧反推不同
  ✓ 「能否点空地」的变化面 == 例外名单
  ✓ 「瞄准谁」一条都没变（本次不该动这一维）
  ✓ 例外 swordsman_badao 的理由已登记：拔刀 area=diamond/1 被旧反推误判为选地面；设计库 target_mode=单位

[T3] 验收：拔刀不能再点空地、一闪仍能点空格
  ✓ 前提：两条技能都装载了
  ✓ 拔刀不再是「可点空地」
  ✓ 拔刀瞄准敌军
  ✓ 对照：旧反推确实把拔刀判成可点空地（所以这是一处真实修复）
  ✓ 拔刀的 area 形状未被改动
  ✓ 拔刀的 area 大小未被改动（伤害波及仍是菱形 1）
  ✓ 一闪仍是「可点空地」
  ✓ 对照：旧反推也认为一闪可点空地（这一条本就该保持不变）

[T4] 缺字段或值越界时退回旧反推（并告警，不静默）
WARNING: [Skill] test_no_target_mode 缺 target_mode，退回旧的 area 反推（该反推已被设计库判定失效，请补字段）
   at: push_warning (core/variant/variant_utility.cpp:1034)
   GDScript backtrace (most recent call first):
       [0] _skill_target_mode (res://scripts/core/tactical_manager.gd:1930)
       [1] _is_ground_target_skill (res://scripts/core/tactical_manager.gd:1916)
       [2] _test_missing_field_is_loud (res://tests/test_skill_target_mode.gd:200)
       [3] _run (res://tests/test_skill_target_mode.gd:77)
       [4] _process (res://tests/test_skill_target_mode.gd:63)
  ✓ 缺 target_mode → 退回旧反推（可点空地）
WARNING: [Skill] test_bad_target_mode 的 target_mode「区域」不在闭集 ["单位", "格子", "方向", "自身"] 内，退回旧的 area 反推
   at: push_warning (core/variant/variant_utility.cpp:1034)
   GDScript backtrace (most recent call first):
       [0] _skill_target_mode (res://scripts/core/tactical_manager.gd:1927)
       [1] _is_ground_target_skill (res://scripts/core/tactical_manager.gd:1916)
       [2] _test_missing_field_is_loud (res://tests/test_skill_target_mode.gd:206)
       [3] _run (res://tests/test_skill_target_mode.gd:77)
       [4] _process (res://tests/test_skill_target_mode.gd:63)
  ✓ 闭集外的值 → 同样退回旧反推
  ✓ 退回路径对 range=self+area=single 给出「自身」
WARNING: [Skill] test_legacy_self 缺 target_mode，退回旧的 area 反推（该反推已被设计库判定失效，请补字段）
   at: push_warning (core/variant/variant_utility.cpp:1034)
   GDScript backtrace (most recent call first):
       [0] _skill_target_mode (res://scripts/core/tactical_manager.gd:1930)
       [1] _get_skill_target_relation (res://scripts/core/tactical_manager.gd:1870)
       [2] _test_missing_field_is_loud (res://tests/test_skill_target_mode.gd:215)
       [3] _run (res://tests/test_skill_target_mode.gd:77)
       [4] _process (res://tests/test_skill_target_mode.gd:63)
  ✓ 退回后瞄准关系仍是 self

[T5] 方向捕获与 area 脱钩：受伤格零变化，函数级差异仅 knight_charge
  ✓ 前提：模拟的捕获方向与推导方向不同（否则整组失去区分力）
  ✓ ★ 受伤格：20 条一格没变
  ✓ 函数级差异只有 knight_charge
  ✓ 对照：那处差异确实存在（否则上一条是永真断言）
  ✓ 机制：area=single 时 direction 不影响受伤格

[T6] 方向捕获仍由 range 驱动（如实登记：格子/方向尚未完全声明式）
  ✓ cleric_bless 是 target_mode=格子
  ✓ cleric_bless 的 range 不是 line → 不进方向选择
  ✓ mage_fireball 是 target_mode=格子
  ✓ mage_fireball 的 range 不是 line → 不进方向选择
  ✓ 【已知未完成】格子 + range=line 仍会进方向选择模式

--- 结果：33 过 / 0 失败 ---
=== EXIT_CODE 0 ===
=== TEST res://tests/test_skillbar_playground_load.gd ===
Godot Engine v4.6.3.stable.official.7d41c59c4 - https://godotengine.org

=== test_skillbar_playground_load ===
[DataLoader] Loaded: 7 classes, 20 skills, 10 buffs, 8 enemies, 4 maps, 2 states, 7 talents
  ✓ 脚本 res://scripts/ui/playground/skillbar_playground.gd 能 load（粗筛：文件在、路径对）
  ✓ 场景 res://scenes/dev/skillbar_playground.tscn 能 load
  ✓ 场景能实例化
  ✓ 根节点确实挂着脚本（get_script() != null）
  ✓ 挂的脚本路径就是 res://scripts/ui/playground/skillbar_playground.gd

--- 结果：5 过 / 0 失败 ---
=== EXIT_CODE 0 ===
=== TEST res://tests/test_skillbar_v3_ui.gd ===
Godot Engine v4.6.3.stable.official.7d41c59c4 - https://godotengine.org

=== test_skillbar_v3_ui (技能栏 v3 批4 UI 回归) ===
[DataLoader] Loaded: 7 classes, 20 skills, 10 buffs, 8 enemies, 4 maps, 2 states, 7 talents
  ✓ SwordQiBar 实例存在
  ✓ SwordQiBar.sword_qi == 80
  ✓ SwordQiBar.sword_qi_max == 100
  ✓ SwordQiBar.threshold == 70（自 state.sword_qi_config）
  ✓ 剑气区可见（剑圣单位）
  ✓ 印记『心』方块存在
  ✓ 印记『心』held
  ✓ 印记满3 → full_state
  ✓ 缺省 threshold 回退 70
  ✓ SwordQiBar.sword_qi == 3（未达标）
  ✓ 无印记 → 『心』not held
  ✓ 无印记 → not full_state
  ✓ 非剑圣单位 → 剑气区隐藏
  ✓ 单段 → 物理 · 24
  ✓ 多段 → 物理 3 × 12 (36)
  ✓ 治疗 → 治疗 · +16
  ✓ 魔法单段 → 魔法 · 18
  ✓ BottomDashboard 信号 attack_requested 存在
  ✓ BottomDashboard 信号 skill_toggle_requested 存在
  ✓ BottomDashboard 信号 skill_selected 存在
  ✓ BottomDashboard 信号 end_turn_requested 存在
  ✓ BottomDashboard 信号 end_move_requested 存在
  ✓ BottomDashboard 信号 cancel_requested 存在
  ✓ BottomDashboard.update_state 存在
  ✓ DamageForecaster.set_forecast 存在

--- 结果：25 过 / 0 失败 ---
OK
=== EXIT_CODE 0 ===
=== TEST res://tests/test_state_registry.gd ===
Godot Engine v4.6.3.stable.official.7d41c59c4 - https://godotengine.org

=== test_state_registry (设计库状态注册的引擎映射 · 路径 C) ===
[DataLoader] Loaded: 7 classes, 20 skills, 10 buffs, 8 enemies, 4 maps, 2 states, 7 talents
[DataLoader] Loaded: 7 classes, 20 skills, 10 buffs, 8 enemies, 4 maps, 2 states, 7 talents

[1] 装载回读（data/states/*.json → DataLoader.states）
  ✓ DataLoader 有 states 字典
  ✓ states 装载条数 == 2
  ✓ beishui 已注册
  ✓ shuangchi 已注册
  ✓ beishui 条目内 id 与注册键一致
  ✓ shuangchi 条目内 id 与注册键一致

[2] 设计库镜像字段保真（lane §2.2 字段归属表）
  ✓ beishui name
  ✓ beishui kind
  ✓ beishui duration_kind
  ✓ beishui resistable
  ✓ beishui definition 逐字一致
  ✓ shuangchi name
  ✓ shuangchi kind
  ✓ shuangchi duration_kind
  ✓ shuangchi resistable
  ✓ shuangchi definition 逐字一致

[3] 背水即时判定（HP<=30% 成立，回升即脱离，不快照）
  ✓ 背水是可判定状态
  ✓ HP 100% → 不处于背水
  ✓ HP 31% → 不处于背水（高于阈值）
  ✓ HP 30% → 处于背水（边界含等号）
  ✓ HP 29% → 处于背水
  ✓ HP 1% → 处于背水
  ✓ HP 回升到 50% → 自动脱离背水（不快照）
  ✓ 反复升降 HP 逐次重算 [10,80,20,90,30]

[4] 双持即时判定（Wave 2 起 evaluable：主手+副手同时装备武器）
  ✓ 双持已可判定（Wave 2 建了副手槽）
  ✓ 可判定的状态没有阻塞原因
  ✓ 单位主手武器非空（来自 enemy JSON 的 weapon_id）
  ✓ 只有主手 → 不处于双持
  ✓ 装上副手 → 处于双持
  ✓ 卸下副手 → 立即脱离双持（即时判定、不快照）
  ✓ 主手为空（前置失效）→ 即便副手在也不算双持
  ✓ 主手恢复 → 又处于双持

[5] 判不了 ≠ 判定为否
  ✓ unevaluable 状态不可判定
  ✓ 给出了阻塞原因
WARNING: [StateRegistry] 状态判不了（engine_status=unevaluable），求值按不成立处理: test_unevaluable；原因: 引擎尚未实现该判定（合成夹具）
   at: push_warning (core/variant/variant_utility.cpp:1034)
   GDScript backtrace (most recent call first):
       [0] is_in_state (res://scripts/data/state_registry.gd:31)
       [1] _test_unevaluable_distinction (res://tests/test_state_registry.gd:252)
       [2] _run (res://tests/test_state_registry.gd:67)
       [3] _process (res://tests/test_state_registry.gd:55)
  ✓ unevaluable 求值恒为不成立（谓词本身成立也不放行）
  ✓ 对照·背水满血也返回 false
  ✓ 但背水 is_evaluable=true（两种 false 可区分）
  ✓ 可判定的状态没有阻塞原因

[6] 健壮性（未知 id / null 单位）
WARNING: [StateRegistry] 未注册的状态 id: not_a_real_state
   at: push_warning (core/variant/variant_utility.cpp:1034)
   GDScript backtrace (most recent call first):
       [0] is_in_state (res://scripts/data/state_registry.gd:27)
       [1] _test_robustness (res://tests/test_state_registry.gd:272)
       [2] _run (res://tests/test_state_registry.gd:68)
       [3] _process (res://tests/test_state_registry.gd:55)
  ✓ 未注册 id 求值为 false
  ✓ 未注册 id 不可判定
  ✓ 未注册 id 无阻塞原因
  ✓ 未注册 id 取条目为空字典
WARNING: [StateRegistry] 未注册的状态 id:
   at: push_warning (core/variant/variant_utility.cpp:1034)
   GDScript backtrace (most recent call first):
       [0] is_in_state (res://scripts/data/state_registry.gd:27)
       [1] _test_robustness (res://tests/test_state_registry.gd:276)
       [2] _run (res://tests/test_state_registry.gd:68)
       [3] _process (res://tests/test_state_registry.gd:55)
  ✓ 空串 id 求值为 false
WARNING: [StateRegistry] hp_ratio_at_most 无法求值：单位或 stats 缺失、或 max_hp<=0，按不成立处理
   at: push_warning (core/variant/variant_utility.cpp:1034)
   GDScript backtrace (most recent call first):
       [0] _evaluate (res://scripts/data/state_registry.gd:89)
       [1] is_in_state (res://scripts/data/state_registry.gd:38)
       [2] _test_robustness (res://tests/test_state_registry.gd:278)
       [3] _run (res://tests/test_state_registry.gd:68)
       [4] _process (res://tests/test_state_registry.gd:55)
  ✓ null 单位求值为 false 且不崩
  ✓ known_state_ids 返回 2 条
  ✓ known_state_ids 含 beishui
  ✓ known_state_ids 含 shuangchi
WARNING: [StateRegistry] 未注册的状态 id: beishui
   at: push_warning (core/variant/variant_utility.cpp:1034)
   GDScript backtrace (most recent call first):
       [0] is_in_state (res://scripts/data/state_registry.gd:27)
       [1] _test_robustness (res://tests/test_state_registry.gd:287)
       [2] _run (res://tests/test_state_registry.gd:68)
       [3] _process (res://tests/test_state_registry.gd:55)
  ✓ 空注册表求值为 false
  ✓ 空注册表 known_state_ids 为 0

[7] 阈值来自 JSON 而非代码写死
  ✓ 阈值 50 时 HP 40% → 成立（真实值 30 会判否）
  ✓ 阈值 50 时 HP 60% → 不成立
  ✓ 阈值 10 时 HP 20% → 不成立（同 HP 阈值 30 时成立）
  ✓ 对照·真实注册表同 HP 20% → 成立
WARNING: [StateRegistry] hp_ratio_at_most 缺 params.hp_ratio_pct，判定放弃
   at: push_warning (core/variant/variant_utility.cpp:1034)
   GDScript backtrace (most recent call first):
       [0] _evaluate (res://scripts/data/state_registry.gd:96)
       [1] is_in_state (res://scripts/data/state_registry.gd:38)
       [2] _test_threshold_from_json (res://tests/test_state_registry.gd:335)
       [3] _run (res://tests/test_state_registry.gd:69)
       [4] _process (res://tests/test_state_registry.gd:55)
  ✓ 缺 hp_ratio_pct → 放弃判定返回 false
  ✓ get_state 返回副本，改副本不影响注册表
  ✓ 原始 DataLoader.states 也未被污染

[8] 零影响对照（新注册表不污染既有数据层）
  ✓ states 与 buffs 无 id 交集
  ✓ buffs 装载数 == data/buffs 目录 JSON 文件数
  ✓ states 装载数 == data/states 目录 JSON 文件数
  ✓ 既有 buff haste 仍在
  ✓ 既有 buff swordsman_parry_stance 仍在
  ✓ beishui 不含 effect_type（不是 buff 模板）
  ✓ beishui 不含 duration（条件维持，无时长）
  ✓ shuangchi 不含 effect_type（不是 buff 模板）
  ✓ shuangchi 不含 duration（条件维持，无时长）

--- 结果：65 过 / 0 失败 ---
=== EXIT_CODE 0 ===
=== TEST res://tests/test_support_displacement.gd ===
Godot Engine v4.6.3.stable.official.7d41c59c4 - https://godotengine.org

=== test_support_displacement (辅助类位移技能不再静默失效) ===
[DataLoader] Loaded: 7 classes, 20 skills, 10 buffs, 8 enemies, 4 maps, 2 states, 7 talents
[Grid] Initialized 8x8 map: test_arena
[TacticalScene] Units spawned: 6
[TurnManager] Round 1 queue: [剑圣(player), 弓箭手(enemy), 枪兵(enemy), 法师(enemy), 不灭木桩(enemy), 复活木桩(enemy)]
[TurnManager] Turn: 剑圣 (player)
  ✓ 场景中找到剑圣

[A] 辅助类位移技能（power<=0 + displacement）
WARNING: [Skill] test_blink 缺 target_mode，退回旧的 area 反推（该反推已被设计库判定失效，请补字段）
   at: push_warning (core/variant/variant_utility.cpp:1034)
   GDScript backtrace (most recent call first):
       [0] _skill_target_mode (res://scripts/core/tactical_manager.gd:1930)
       [1] _get_skill_target_relation (res://scripts/core/tactical_manager.gd:1870)
       [2] _get_units_in_skill_area (res://scripts/core/tactical_manager.gd:1851)
       [3] _execute_skill_action (res://scripts/core/tactical_manager.gd:1611)
       [4] _test_support_displacement (res://tests/test_support_displacement.gd:111)
       [5] _run (res://tests/test_support_displacement.gd:67)
       [6] _process (res://tests/test_support_displacement.gd:43)
WARNING: [Skill] test_blink 缺 target_mode，退回旧的 area 反推（该反推已被设计库判定失效，请补字段）
   at: push_warning (core/variant/variant_utility.cpp:1034)
   GDScript backtrace (most recent call first):
       [0] _skill_target_mode (res://scripts/core/tactical_manager.gd:1930)
       [1] _is_ground_target_skill (res://scripts/core/tactical_manager.gd:1916)
       [2] _execute_skill_action (res://scripts/core/tactical_manager.gd:1613)
       [3] _test_support_displacement (res://tests/test_support_displacement.gd:111)
       [4] _run (res://tests/test_support_displacement.gd:67)
       [5] _process (res://tests/test_support_displacement.gd:43)
[Skill] 剑圣 uses 测试·瞬移 (0 target(s))
[Skill] 剑圣 位移 (2, 2) → (4, 2)
  ✓ power=0 的位移技能确实移动了（修复前会站着不动且不报错）
  ✓ 落点正是所选目标格

[B] 有伤害的位移技能仍然位移（回归）
WARNING: [Skill] test_dash 缺 target_mode，退回旧的 area 反推（该反推已被设计库判定失效，请补字段）
   at: push_warning (core/variant/variant_utility.cpp:1034)
   GDScript backtrace (most recent call first):
       [0] _skill_target_mode (res://scripts/core/tactical_manager.gd:1930)
       [1] _get_skill_target_relation (res://scripts/core/tactical_manager.gd:1870)
       [2] _get_units_in_skill_area (res://scripts/core/tactical_manager.gd:1851)
       [3] _execute_skill_action (res://scripts/core/tactical_manager.gd:1611)
       [4] _test_hostile_displacement_still_works (res://tests/test_support_displacement.gd:143)
       [5] _run (res://tests/test_support_displacement.gd:68)
       [6] _process (res://tests/test_support_displacement.gd:43)
WARNING: [Skill] test_dash 缺 target_mode，退回旧的 area 反推（该反推已被设计库判定失效，请补字段）
   at: push_warning (core/variant/variant_utility.cpp:1034)
   GDScript backtrace (most recent call first):
       [0] _skill_target_mode (res://scripts/core/tactical_manager.gd:1930)
       [1] _is_ground_target_skill (res://scripts/core/tactical_manager.gd:1916)
       [2] _execute_skill_action (res://scripts/core/tactical_manager.gd:1613)
       [3] _test_hostile_displacement_still_works (res://tests/test_support_displacement.gd:143)
       [4] _run (res://tests/test_support_displacement.gd:68)
       [5] _process (res://tests/test_support_displacement.gd:43)
[Skill] 剑圣 uses 测试·突进 on empty area (4, 3)
[Skill] 剑圣 位移 (2, 3) → (4, 3)
  ✓ power>0 的位移技能仍然移动

[C] 位移仍发生在伤害结算之后（途经格用起点算）
  ✓ 找到一名敌人当途经目标
  ✓ 摆出「敌人在途中」的局面
WARNING: [Skill] test_dash2 缺 target_mode，退回旧的 area 反推（该反推已被设计库判定失效，请补字段）
   at: push_warning (core/variant/variant_utility.cpp:1034)
   GDScript backtrace (most recent call first):
       [0] _skill_target_mode (res://scripts/core/tactical_manager.gd:1930)
       [1] _get_skill_target_relation (res://scripts/core/tactical_manager.gd:1870)
       [2] _get_units_in_skill_area (res://scripts/core/tactical_manager.gd:1851)
       [3] _execute_skill_action (res://scripts/core/tactical_manager.gd:1611)
       [4] _test_displacement_after_damage (res://tests/test_support_displacement.gd:204)
       [5] _run (res://tests/test_support_displacement.gd:69)
       [6] _process (res://tests/test_support_displacement.gd:43)
WARNING: [Skill] test_dash2 缺 target_mode，退回旧的 area 反推（该反推已被设计库判定失效，请补字段）
   at: push_warning (core/variant/variant_utility.cpp:1034)
[Skill] 剑圣 uses 测试·穿击 on 枪兵
[Attack] 剑圣→枪兵 | hit=true | crit=false | dmg=16
[SwordQi] 剑圣 +10 qi on hit → 10
[Skill] 剑圣 位移 (1, 1) → (3, 1)
  ✓ 途中的敌人确实掉了血（说明路径是用【起点】算的，位移没被提前）
  ✓ 施法者最终落在目标格

--- 结果：8 过 / 0 失败 ---
   GDScript backtrace (most recent call first):
       [0] _skill_target_mode (res://scripts/core/tactical_manager.gd:1930)
       [1] _is_ground_target_skill (res://scripts/core/tactical_manager.gd:1916)
       [2] _execute_skill_action (res://scripts/core/tactical_manager.gd:1613)
       [3] _test_displacement_after_damage (res://tests/test_support_displacement.gd:204)
       [4] _run (res://tests/test_support_displacement.gd:69)
       [5] _process (res://tests/test_support_displacement.gd:43)
=== EXIT_CODE 0 ===
=== TEST res://tests/test_swordsman_integration.gd ===
Godot Engine v4.6.3.stable.official.7d41c59c4 - https://godotengine.org

=== test_swordsman_integration (批次2) ===
[DataLoader] Loaded: 7 classes, 20 skills, 10 buffs, 8 enemies, 4 maps, 2 states, 7 talents
[Grid] Initialized 8x8 map: test_arena
[TacticalScene] Units spawned: 6
[TurnManager] Round 1 queue: [剑圣(player), 弓箭手(enemy), 枪兵(enemy), 法师(enemy), 不灭木桩(enemy), 复活木桩(enemy)]
[TurnManager] Turn: 剑圣 (player)
  ✓ 场景中存在剑圣单位

[A] tactical_manager._apply_sword_qi_on_hit 接线
[SwordQi] 剑圣 +1 qi on hit → 1
  ✓ 斩击命中 → +1 气
  ✓ 未命中 → 不产气(仍2)
[SwordQi] 剑圣 +3 qi on kill → 3
  ✓ 击杀 → 返3气
  ✓ 命中未击杀 → 不返击杀气(0)
[SwordMark] 剑圣 gained mark 「道」 on hit, total=1
  ✓ 命中 mark_gain → 印记数1
[SwordQi] 剑圣 swordsman_juhe CD 3→2 on kill
  ✓ 居合击杀 → cd 3→2
[SwordQi] 剑圣 swordsman_juhe CD 1→0 on kill
  ✓ cd 减到0 → 移除冷却条目
[SwordMark] 剑圣 gained mark 「心」 on hit, total=1
[SwordQi] 剑圣 +3 qi on kill → 3
[SwordQi] 剑圣 swordsman_juhe CD 3→2 on kill
  ✓ 居合完整: 返3气
  ✓ 居合完整: 得1印记
  ✓ 居合完整: cd 3→2

[B] tactical_manager._build_skill_entry 资源门槛
  ✓ 居合 0气 → 不可用 且 原因含「剑气」
  ✓ 居合 60气 → 可用
  ✓ 拔刀 0印记 → 原因含「印记」
  ✓ 拔刀 3印记 → 印记门槛通过(原因不含「印记」)

[D] get_dashboard_data 主属性接线 (基础值 + 加成增量)
  ✓ dashboard 含 stats 字典
  ✓ dashboard 含 stats_delta 字典
  ✓ stats.str==基础STR
  ✓ stats.spd==基础SPD
  ✓ stats.dex==基础DEX
  ✓ stats.mov==基础MOV
  ✓ delta.spd==生效−基础SPD
  ✓ delta.dex==生效−基础DEX
  ✓ 主属性非全0(基础spd>0)

[F] 基础攻击产气（剑圣普攻命中 +10 剑气）
[Attack] 剑圣→枪兵 | hit=true | crit=false | dmg=9
[SwordQi] 剑圣 +10 qi on hit → 10
  ✓ 剑圣普攻命中 → sword_qi==10（基础攻击产气）

[G] 一闪位移 _apply_skill_displacement（落在所选目标格）
[Skill] 剑圣 位移 (1, 2) → (1, 1)
  ✓ 位移到目标空格
  ✓ 目标格被占 → 不位移

[E] 仪表盘部件: 基础值+括号加成文本格式
  ✓ STR 有加成 → '10 (+2)'
  ✓ MAG 无加成 → '2'
  ✓ DEX 有加成 → '9 (+2)'
  ✓ SPD 心眼加成 → '8 (+1)'

--- 结果：31 过 / 0 失败 ---
=== EXIT_CODE 0 ===
=== TEST res://tests/test_swordsman_p0_fixes.gd ===
Godot Engine v4.6.3.stable.official.7d41c59c4 - https://godotengine.org

=== test_swordsman_p0_fixes (P0 资源门槛 + 拔刀印记时序) ===
[DataLoader] Loaded: 7 classes, 20 skills, 10 buffs, 8 enemies, 4 maps, 2 states, 7 talents
[Grid] Initialized 8x8 map: test_arena
[TacticalScene] Units spawned: 6
[TurnManager] Round 1 queue: [剑圣(player), 弓箭手(enemy), 枪兵(enemy), 法师(enemy), 不灭木桩(enemy), 复活木桩(enemy)]
[TurnManager] Turn: 剑圣 (player)

[①a] 居合剑气门槛：qi<60 拦截、qi>=60 放行
  ✓ 居合 qi=50 validate ok=false
[Skill] swordsman_juhe blocked: 剑气不足：需 60 / 现 50
  ✓ 居合 qi=50 execute 返回 false
  ✓ 居合被拦截 → 剑气未消耗(仍50)
  ✓ 居合被拦截 → 未进冷却
  ✓ 居合 qi=60 validate ok=true
[Skill] 剑圣 uses 居合 on 枪兵
[Attack] 剑圣→枪兵 | hit=true | crit=true | dmg=63
[SwordMark] 剑圣 gained mark 「势」 on hit, total=1
  ✓ 居合 qi=60 execute 返回 true

[①b] 拔刀印记门槛：印记<3 拦截、满3 放行
  ✓ 拔刀 印记=2 validate ok=false
[Skill] swordsman_badao blocked: 印记不足：需 3 / 现 2
  ✓ 拔刀 印记=2 execute 返回 false
  ✓ 拔刀被拦截 → 印记未消耗(仍2)
  ✓ 拔刀 满印记 validate ok=true

[①c] 一闪剑气门槛：qi=0 拦截
  ✓ 一闪 qi=0 validate ok=false

[②] 拔刀伤害结算后才扣印记 → 吃到自身势(STR+2)
[Skill] 剑圣 uses 拔刀 on 枪兵
[Attack] 剑圣→枪兵 | hit=true | crit=false | dmg=28
  ✓ 拔刀 满印记 execute 返回 true
  ✓ 拔刀非暴击伤害=28（吃到势，非旧 bug 的 25）
  ✓ 拔刀施放后印记清空(get_mark_count==0)

--- 结果：14 过 / 0 失败 ---
OK
=== EXIT_CODE 0 ===
=== TEST res://tests/test_swordsman_qa_impl.gd ===
Godot Engine v4.6.3.stable.official.7d41c59c4 - https://godotengine.org

=== test_swordsman_qa_impl (一闪路径/落点/拔刀溅射/forecast) ===
[DataLoader] Loaded: 7 classes, 20 skills, 10 buffs, 8 enemies, 4 maps, 2 states, 7 talents
[Grid] Initialized 8x8 map: test_arena
[TacticalScene] Units spawned: 6
[TurnManager] Round 1 queue: [剑圣(player), 弓箭手(enemy), 枪兵(enemy), 法师(enemy), 不灭木桩(enemy), 复活木桩(enemy)]
[TurnManager] Turn: 剑圣 (player)
  ✓ 场景中存在剑圣单位

[①] 一闪路径 AoE：起点→落点沿途敌受伤 + 位移到落点
  ✓ 落点(2,y)为空
  ✓ 一闪 action 构造成功
  ✓ 一闪 affected_cells 含中途格(1,y)
  ✓ 一闪 affected_cells 不含起点(0,y)
  ✓ 一闪 affected_cells 含落点(2,y)
[Skill] 剑圣 uses 一闪 on 枪兵
[Attack] 剑圣→枪兵 | hit=true | crit=false | dmg=8
[Skill] 剑圣 位移 (0, 0) → (2, 0)
  ✓ 一闪 _execute_skill_action 返回 true
  ✓ 中途敌(1,y)受伤(HP下降)
  ✓ 剑圣位移到落点(2,y)

[②] 一闪落点拒绝：无效落点不允许释放 + 零消耗
  ✓ 落点被占 → _can_confirm_skill_target==false
[Skill] swordsman_yishan blocked: 剑气不足：需 10 / 现 5
  ✓ 无效落点 _execute_skill_action 返回 false
  ✓ 拒绝后 剑气未扣（仍为5）
  ✓ 拒绝后 standard_used 未变
  ✓ 拒绝后 movement_used 未变
  ✓ 拒绝后 一闪无冷却写入

[⑤] 拔刀溅射：邻格目标受伤≈主目标 50%（splash_damage_pct）
  ✓ 拔刀 action 构造成功
  ✓ preview 主目标伤害>0
  ✓ preview 溅射==主目标 50%（确定性比值）
[Skill] 剑圣 uses 拔刀 on 枪兵
[Attack] 剑圣→枪兵 | hit=true | crit=false | dmg=32
[Skill] 剑圣 uses 拔刀 on 弓箭手
[Attack] 剑圣→弓箭手 | hit=true | crit=false | dmg=16
  ✓ 拔刀 _execute_skill_action 返回 true
  ✓ 主目标受伤>0
  ✓ 溅射目标受伤>0
  ✓ 主目标降幅>=溅射降幅

[③] 技能 forecast：居合单体 + 拔刀多目标汇总
  ✓ 居合 forecast 非空
  ✓ 居合 forecast visible
  ✓ 居合 forecast hit_count==1
  ✓ 居合 forecast damage==preview 直算
  ✓ 居合 forecast total_damage==damage
  ✓ 拔刀 forecast 非空
  ✓ 拔刀 forecast hit_count>1
  ✓ 拔刀 forecast total_damage==主满+溅射50%
  ✓ 拔刀 forecast damage==total_damage

--- 结果：31 过 / 0 失败 ---
OK
=== EXIT_CODE 0 ===
=== TEST res://tests/test_swordsman_resources.gd ===
Godot Engine v4.6.3.stable.official.7d41c59c4 - https://godotengine.org

=== test_swordsman_resources (批次1) ===
[DataLoader] Loaded: 7 classes, 20 skills, 10 buffs, 8 enemies, 4 maps, 2 states, 7 talents
[DataLoader] Loaded: 7 classes, 20 skills, 10 buffs, 8 enemies, 4 maps, 2 states, 7 talents

[1] 数据层 JSON 值
  ✓ kensei 职业存在
  ✓ sword_qi_config.qi_max==100
  ✓ sword_qi_config.qi_initial==0
  ✓ sword_qi_config.crit_per_qi==2
  ✓ sword_qi_config.qi_per_crit_pct==10
  ✓ sword_qi_config.qi_ratio_threshold_pct==50
  ✓ sword_qi_config.low_qi_stat_key==SPD
  ✓ sword_qi_config.low_qi_stat_bonus==2
  ✓ sword_qi_config.high_qi_stat_key==DEX
  ✓ sword_qi_config.high_qi_stat_bonus==2
  ✓ 旧键 speed_threshold 已删除
  ✓ 旧键 speed_bonus 已删除
  ✓ sword_qi_config.mark_dex_bonus==2
  ✓ sword_qi_config.mark_spd_bonus==2
  ✓ sword_qi_config.mark_str_bonus==2
  ✓ sword_qi_config.mark_max==3
  ✓ skill_ids 长度==5
  ✓ 斩击 qi_gain_on_hit==25
  ✓ 斩击 qi_cost==0
  ✓ 斩击 power==100
  ✓ 一闪 qi_cost==10
  ✓ 一闪 power==50
  ✓ 招架 qi_cost==10
  ✓ 招架 slot_swap_trigger==marks_full
  ✓ 招架 slot_swap_target==swordsman_badao
  ✓ 居合 qi_cost==60
  ✓ 居合 guaranteed_hit==true
  ✓ 居合 guaranteed_crit==true
  ✓ 居合 qi_gain_on_kill==30
  ✓ 居合 mark_gain==1
  ✓ 居合 ki_on_kill_cd_reduction==1
  ✓ 居合 power==300
  ✓ 拔刀 requires_marks==3
  ✓ 拔刀 mark_cost==3
  ✓ 拔刀 qi_cost==20
  ✓ 拔刀 crit_damage_mult==1.2（乘算通道）
  ✓ 拔刀不再使用加算字段 crit_damage_bonus
  ✓ 拔刀 slot_swap_provider==true
  ✓ 拔刀 power==180

[2] unit.gd 剑气钳制
  ✓ 初始 _qi_max==100
  ✓ 初始 sword_qi==0
  ✓ 初始印记数==0
  ✓ set_sword_qi(5)→5
  ✓ set_sword_qi(150)→钳到100
  ✓ set_sword_qi(-3)→钳到0

[3] 心眼被动（暴击每10点+2 / 剑气比例分档属性）
  ✓ 剑气0 → crit_bonus==0
  ✓ 剑气9 → crit_bonus==0(不足一档，向下取整)
  ✓ 剑气10 → crit_bonus==2(floor(10/10)×2)
  ✓ 剑气70 → crit_bonus==14(floor(70/10)×2)
  ✓ 剑气100(满) → crit_bonus==20(floor(100/10)×2)
  ✓ 剑气0(低气段) → SPD==基础+2
  ✓ 剑气0(低气段) → DEX==基础(不给技巧)
  ✓ 剑气50(==上限50%，边界含等号) → SPD==基础+2
  ✓ 剑气50 → DEX==基础
  ✓ 剑气51(>上限50%) → SPD==基础(不再给速度)
  ✓ 剑气51(高气段) → DEX==基础+2
  ✓ 剑气100(高气段) → SPD==基础
  ✓ 剑气100(高气段) → DEX==基础+2(不叠加)
  ✓ 剑气70 → get_crit_value(10)==10+int((基础DEX+2)/2)+14

[4] 印记属性 +2
  ✓ 基线 DEX==9
  ✓ 基线 LCK==5
  ✓ 基线 STR==10
  ✓ 持心 → DEX==11
  ✓ 持道 → SPD+2
  ✓ 持道 → LCK 不变
  ✓ 持势 → STR==12
  ✓ clear后 DEX==9
  ✓ clear后 STR==10
  ✓ clear后 SPD 复原

[5] 印记计数 + 招架→拔刀槽位替换（数据驱动，替换规则读 JSON）
  ✓ 印记0 招架槽→招架
  ✓ gain×3 → 印记数==3
  ✓ 印记满 is_marks_full()==true
  ✓ 第4次 gain 返回空串
  ✓ 印记满 招架槽→拔刀
  ✓ 斩击槽不替换
  ✓ clear后 招架槽→招架
  ✓ _mark_max==3 (来自 JSON mark_max)
  ✓ spend_marks(1) 返回扣除数1
  ✓ spend 1 后 印记数==2
  ✓ spend_marks(5) 超量 → 返回剩余2
  ✓ 全扣后 印记数==0

[5b] 槽位替换职业校验（拔刀=剑圣专属，剑士不得替换）
  ✓ myrmidon 职业存在
  ✓ 剑士 skill_ids 不含拔刀
  ✓ 剑士持有招架（替换的 provider 槽确实在其技能表内）
  ✓ 剑士印记同样能攒满（共享印记资源）
  ✓ 剑士印记满 → 招架槽仍是招架（不得替换为剑圣专属拔刀）
  ✓ 剑圣 skill_ids 含拔刀
  ✓ 剑圣印记0 → 招架槽是招架
  ✓ 剑圣印记满 → 招架槽替换为拔刀（替换仍然生效）
  ✓ 剑圣印记满 + 目标为不存在的技能 → 不替换

[6] 职业隔离（非剑圣无剑气）
  ✓ 非剑圣 _qi_max==0
  ✓ 非剑圣 set_sword_qi(5) 无效→0
  ✓ 非剑圣 crit_bonus==0

[7] 伤害公式 / 必中必暴 / 暴击倍率
  ✓ 命中下限==1%(非20%)
  ✓ 命中公式 ==70%
  ✓ 心眼: 剑气70 暴击率比0高15(=14 暴击加成 + 1 技巧折算)
  ✓ guaranteed_hit → 命中100%
  ✓ guaranteed_crit(physical) → 暴击100%
  ✓ pure + guaranteed_crit → 暴击 0%
  ✓ pure 无论传什么暴击开关都不暴 → 0%
  ✓ 暴击基线 1.5x (base20→30)
  ✓ 拔刀 1.8x = 1.5×1.2 (base20→36)
  ✓ 加算先于乘算 (1.5+0.5)×1.2=2.4 (base20→48)
  ✓ pure 不暴击且无暴击乘区 (base20→20)
  ✓ physical base==20
  ✓ physical 下限 max(0)==0
  ✓ pure 无视防御==20

[8] hybrid 基础伤害（物理魔法各算一次再取平均）
  ✓ hybrid DEF>RES：(10+16)/2==13
  ✓ hybrid DEF<RES：(26+8)/2==17
  ✓ hybrid 魔法侧触地板：(20+0)/2==10
  ✓ hybrid 物理侧触地板：(0+15)/2=7.5 → 向下取整 7
  ✓ hybrid 两侧都触地板==0
  ✓ hybrid weapon_might 两侧共用：(16+22)/2==19

[9] 最终伤害向下取整（R1.8）
  ✓ 结算 17.5 → 向下取整 17（非四舍五入 18）
  ✓ 预告 17.5 → 向下取整 17（与结算同口径）
  ✓ 结算 0.9 → 向下取整 0

--- 结果：116 过 / 0 失败 ---
=== EXIT_CODE 0 ===
=== TEST res://tests/test_swordsman_runtime_path.gd ===
Godot Engine v4.6.3.stable.official.7d41c59c4 - https://godotengine.org

=== test_swordsman_runtime_path (运行时路径诊断) ===
[DataLoader] Loaded: 7 classes, 20 skills, 10 buffs, 8 enemies, 4 maps, 2 states, 7 talents
[Grid] Initialized 8x8 map: test_arena
[TacticalScene] Units spawned: 6
[TurnManager] Round 1 queue: [剑圣(player), 弓箭手(enemy), 枪兵(enemy), 法师(enemy), 不灭木桩(enemy), 复活木桩(enemy)]
[TurnManager] Turn: 剑圣 (player)
  ✓ 场景中存在剑圣单位
  ✓ spawn 剑圣 _qi_max>0（资源已初始化）
  ✓ spawn 剑圣 sword_qi 初始==0

[a] 斩击 _build_skill_action→_execute_skill_action 命中 → +1 剑气
  ✓ 斩击 action 构造成功
[Skill] 剑圣 uses 斩击 on 枪兵
[Attack] 剑圣→枪兵 | hit=true | crit=false | dmg=0
[SwordQi] 剑圣 +25 qi on hit → 25
[SwordMark] 剑圣 gained mark 「势」 on hit, total=1
  ✓ 斩击 _execute_skill_action 返回 true
  ✓ 前提：斩击的 qi_gain_on_hit 为正（否则下一条是空转）
  ✓ 斩击命中 → sword_qi +25（运行时真实链路）
  ✓ 斩击命中 → 得1印记（剑圣转职后，mark_gain=1）

[b] 一闪施放 → cd=3；reset_turn_state() 逐回合递减
  ✓ 一闪 action 构造成功
  ✓ 一闪 payload.cooldown==3（来自 JSON）
[Skill] 剑圣 uses 一闪 on empty area (5, 0)
[Skill] 剑圣 位移 (5, 1) → (5, 0)
  ✓ 一闪 _execute_skill_action 返回 true
  ✓ 施放后 skill_cooldowns['swordsman_yishan']==3
  ✓ 施放后 一闪不可用(cd>0)
  ✓ reset 1次 → cd 3→2
  ✓ reset 2次 → cd 2→1
  ✓ reset 3次 → cd 1→0(移除)
  ✓ reset 3次后 一闪可用
  ✓ cd 归零后从 skill_cooldowns 移除

[c] 居合击杀 → qi_gain_on_kill + ki_on_kill_cd_reduction（运行时）
[Skill] 剑圣 uses 居合 on 枪兵
[Attack] 剑圣→枪兵 | hit=true | crit=true | dmg=72
[TacticalManager] 枪兵 (enemy) died at (5, 2) | HP=0
[TacticalScene] Unit killed: 枪兵 (enemy) | remaining: 5
[SwordMark] 剑圣 gained mark 「心」 on hit, total=1
[SwordQi] 剑圣 +30 qi on kill → 30
[SwordQi] 剑圣 swordsman_juhe CD 3→2 on kill
  ✓ 居合 _execute_skill_action 返回 true
  ✓ 居合击杀 → 敌人死亡
  ✓ 居合: 施放扣60气 + 击杀返30气 → sword_qi==30
  ✓ 居合: 得1印记(mark_gain)
  ✓ 居合: cd 写3 → 击杀-1 → 2

--- 结果：23 过 / 0 失败 ---
OK
=== EXIT_CODE 0 ===
=== TEST res://tests/test_swordsman_skillbar.gd ===
Godot Engine v4.6.3.stable.official.7d41c59c4 - https://godotengine.org

=== test_swordsman_skillbar (技能栏修复回归) ===
[DataLoader] Loaded: 7 classes, 20 skills, 10 buffs, 8 enemies, 4 maps, 2 states, 7 talents
[Grid] Initialized 8x8 map: test_arena
[TacticalScene] Units spawned: 6
[TurnManager] Round 1 queue: [剑圣(player), 弓箭手(enemy), 枪兵(enemy), 法师(enemy), 不灭木桩(enemy), 复活木桩(enemy)]
[TurnManager] Turn: 剑圣 (player)

[⑥] forecast 数据契约：targets/target_hp

[⑦] 迅捷可用性判定走槽位替换（满印时招架槽已是拔刀）
[DataLoader] Loaded: 7 classes, 20 skills, 10 buffs, 8 enemies, 4 maps, 2 states, 7 talents

[⑧] 心眼被动说明文字 vs 实际口径

--- 结果：71 过 / 0 失败 ---
OK
=== EXIT_CODE 0 ===
=== TEST res://tests/test_tactical_inject_smoke.gd ===
Godot Engine v4.6.3.stable.official.7d41c59c4 - https://godotengine.org

=== test_tactical_inject_smoke (TacticalScene 注入模式) ===
[DataLoader] Loaded: 7 classes, 20 skills, 10 buffs, 8 enemies, 4 maps, 2 states, 7 talents
[Grid] Initialized 8x8 map: forest_01
[TacticalScene] Units spawned: 3
[TurnManager] Round 1 queue: [剑圣(player), 哥布林战士(enemy), 哥布林战士(enemy)]
[TurnManager] Turn: 剑圣 (player)
  OK  场景实例化成功
  OK  tactical_manager 存在
  OK  注入 spawn 单位总数 == 3
  OK  玩家单位 spawn 1 个
  OK  敌人单位 spawn 2 个
  OK  玩家单位为 kensei
  OK  玩家不注入词条（has_affix 为假）
  OK  玩家单位 max_hp > 注入 hp（磨损前提）
  OK  玩家注入 hp<max_hp → stats.hp==注入 hp（不满血入场）
  OK  缩放敌（含 afs_bulwark）存在
  OK  参照敌（无词条）存在
  OK  缩放敌 has_affix(af_heal_resist) 为真（基础词条注入）
  OK  缩放敌 has_affix(afs_bulwark) 为真（特殊词条注入）
  OK  参照敌 has_affix(af_heal_resist) 为假（scale=1.0 未注入词条）
  OK  缩放敌 max_hp == round(参照敌 max_hp × 1.35)
  OK  缩放敌 max_hp > 参照敌 max_hp（数值增强生效）
  OK  缩放敌 hp==max_hp（注入后回满）
  OK  注入流程未崩（场景仍有效）
[Grid] Initialized 8x8 map: forest_01
[TacticalScene] Units spawned: 2
[TurnManager] Round 1 queue: [剑圣(player), 哥布林战士(enemy)]
[TurnManager] Turn: 剑圣 (player)
  OK  战死角色（注入 hp=0）单位存在
  OK  注入 hp<=0 → 以 hp=1 入场（无永久死亡[占位]）

--- 结果：20 过 / 0 失败 ---
OK：全部断言通过
=== EXIT_CODE 0 ===
=== TEST res://tests/test_tactical_map_token_integration.gd ===
Godot Engine v4.6.3.stable.official.7d41c59c4 - https://godotengine.org

=== test_tactical_map_token_integration ===
[DataLoader] Loaded: 7 classes, 20 skills, 10 buffs, 8 enemies, 4 maps, 2 states, 7 talents
[Grid] Initialized 8x8 map: forest_01
[TacticalScene] Units spawned: 2
[TurnManager] Round 1 queue: [剑圣(player), 哥布林战士(enemy)]
[TurnManager] Turn: 剑圣 (player)

--- 结果：14 过 / 0 失败 ---
ALL PASS
=== EXIT_CODE 0 ===
=== TEST res://tests/test_talent_carrier.gd ===
Godot Engine v4.6.3.stable.official.7d41c59c4 - https://godotengine.org

=== test_talent_carrier (天赋载体 + after-damage 三事件 · A1) ===
[DataLoader] Loaded: 7 classes, 20 skills, 10 buffs, 8 enemies, 4 maps, 2 states, 7 talents
[DataLoader] Loaded: 7 classes, 20 skills, 10 buffs, 8 enemies, 4 maps, 2 states, 7 talents

[A] 装载回读（data/talents/*.json → DataLoader.talents → 注册）
  ✓ DataLoader 有 talents 字典
  ✓ talents 装载数 == data/talents 目录 JSON 文件数
  ✓ 介错已装载
  ✓ 条目内 id 与注册键一致
  ✓ 介错 trigger_event
  ✓ 介错 trigger_condition 为空
  ✓ 介错 effect
  ✓ 介错 class_id
  ✓ 介错注册成功
  ✓ 生产数据无一被拒
  ✓ 介错未被拒（拒绝理由为空）

[A2] 天赋镜像保真（对照设计库权威值）
  ✓ myrmidon_jiecuo 已装载
  ✓ myrmidon_jiecuo.name
  ✓ myrmidon_jiecuo.class_id
  ✓ myrmidon_jiecuo.trigger_event
  ✓ myrmidon_jiecuo.trigger_condition
  ✓ myrmidon_jiecuo.trigger_frequency
  ✓ kensei_ertianyiliu 已装载
  ✓ kensei_ertianyiliu.name
  ✓ kensei_ertianyiliu.class_id
  ✓ kensei_ertianyiliu.trigger_event
  ✓ kensei_ertianyiliu.trigger_condition
  ✓ kensei_ertianyiliu.trigger_frequency
  ✓ kensei_erdaokairen 已装载
  ✓ kensei_erdaokairen.name
  ✓ kensei_erdaokairen.class_id
  ✓ kensei_erdaokairen.trigger_event
  ✓ kensei_erdaokairen.trigger_condition
  ✓ kensei_erdaokairen.trigger_frequency

[B] 注册纪律（宁可不注册，不可错误触发）
WARNING: [TalentRegistry] 拒绝注册天赋 test_rej_unevaluable：依赖的状态「test_state_unevaluable」引擎判不了（引擎尚未实现该判定（合成夹具））——按 Wave 1 §2.3 响亮失败，拒绝注册
   at: push_warning (core/variant/variant_utility.cpp:1034)
   GDScript backtrace (most recent call first):
       [0] _reject (res://scripts/data/talent_registry.gd:224)
       [1] _build (res://scripts/data/talent_registry.gd:169)
       [2] _init (res://scripts/data/talent_registry.gd:139)
       [3] _make_registry (res://tests/test_talent_carrier.gd:914)
       [4] _test_rejection_discipline (res://tests/test_talent_carrier.gd:960)
       [5] _run (res://tests/test_talent_carrier.gd:342)
       [6] _process (res://tests/test_talent_carrier.gd:332)
WARNING: [TalentRegistry] 拒绝注册天赋 test_rej_unknown_state：依赖的状态「wu_you_ci_state」未在 data/states/ 注册
   at: push_warning (core/variant/variant_utility.cpp:1034)
   GDScript backtrace (most recent call first):
       [0] _reject (res://scripts/data/talent_registry.gd:224)
       [1] _build (res://scripts/data/talent_registry.gd:169)
       [2] _init (res://scripts/data/talent_registry.gd:139)
       [3] _make_registry (res://tests/test_talent_carrier.gd:914)
       [4] _test_rejection_discipline (res://tests/test_talent_carrier.gd:960)
       [5] _run (res://tests/test_talent_carrier.gd:342)
       [6] _process (res://tests/test_talent_carrier.gd:332)
WARNING: [TalentRegistry] 拒绝注册天赋 test_rej_unsupported：触发行 main 的 condition_model=unsupported：条件含引擎尚不能表达的部分，按「宁可不注册」拒收
   at: push_warning (core/variant/variant_utility.cpp:1034)
   GDScript backtrace (most recent call first):
       [0] _reject (res://scripts/data/talent_registry.gd:224)
       [1] _build (res://scripts/data/talent_registry.gd:169)
       [2] _init (res://scripts/data/talent_registry.gd:139)
       [3] _make_registry (res://tests/test_talent_carrier.gd:914)
       [4] _test_rejection_discipline (res://tests/test_talent_carrier.gd:960)
       [5] _run (res://tests/test_talent_carrier.gd:342)
       [6] _process (res://tests/test_talent_carrier.gd:332)
WARNING: [TalentRegistry] 拒绝注册天赋 test_rej_unsupported_event：触发行 main 的事件「单位回合开始时」引擎不分发（当前支持 ["命中后", "造成伤害时", "击杀时", "执行攻击动作时", "命中时", "暴击时", "受到攻击时"]）
   at: push_warning (core/variant/variant_utility.cpp:1034)
   GDScript backtrace (most recent call first):
       [0] _reject (res://scripts/data/talent_registry.gd:224)
       [1] _build (res://scripts/data/talent_registry.gd:169)
       [2] _init (res://scripts/data/talent_registry.gd:139)
       [3] _make_registry (res://tests/test_talent_carrier.gd:914)
       [4] _test_rejection_discipline (res://tests/test_talent_carrier.gd:960)
       [5] _run (res://tests/test_talent_carrier.gd:342)
       [6] _process (res://tests/test_talent_carrier.gd:332)
WARNING: [TalentRegistry] 拒绝注册天赋 test_rej_frequency：触发频率「每回合」未实装（当前只支持 ["每次"]），拒收而非当作不限次
   at: push_warning (core/variant/variant_utility.cpp:1034)
   GDScript backtrace (most recent call first):
       [0] _reject (res://scripts/data/talent_registry.gd:224)
       [1] _build (res://scripts/data/talent_registry.gd:169)
       [2] _init (res://scripts/data/talent_registry.gd:139)
       [3] _make_registry (res://tests/test_talent_carrier.gd:914)
       [4] _test_rejection_discipline (res://tests/test_talent_carrier.gd:960)
       [5] _run (res://tests/test_talent_carrier.gd:342)
       [6] _process (res://tests/test_talent_carrier.gd:332)
WARNING: [TalentRegistry] 拒绝注册天赋 test_rej_unknown_effect：engine_effects 含未知 type「teleport_to_moon」（当前支持 ["gain_resource", "offhand_followup", "unlock_offhand_weapon_effect", "empower_next_offhand", "more_damage_from_stat", "offhand_recursive_followup", "parry_damage_reduction"]）
   at: push_warning (core/variant/variant_utility.cpp:1034)
   GDScript backtrace (most recent call first):
       [0] _reject (res://scripts/data/talent_registry.gd:224)
       [1] _build (res://scripts/data/talent_registry.gd:169)
       [2] _init (res://scripts/data/talent_registry.gd:139)
       [3] _make_registry (res://tests/test_talent_carrier.gd:914)
       [4] _test_rejection_discipline (res://tests/test_talent_carrier.gd:960)
       [5] _run (res://tests/test_talent_carrier.gd:342)
       [6] _process (res://tests/test_talent_carrier.gd:332)
WARNING: [TalentRegistry] 拒绝注册天赋 test_rej_condition_mismatch：condition_model=none 但 trigger_condition 非空（「处于〔背水〕状态」）——声明与设计库镜像矛盾
   at: push_warning (core/variant/variant_utility.cpp:1034)
   GDScript backtrace (most recent call first):
       [0] _reject (res://scripts/data/talent_registry.gd:224)
       [1] _build (res://scripts/data/talent_registry.gd:169)
       [2] _init (res://scripts/data/talent_registry.gd:139)
       [3] _make_registry (res://tests/test_talent_carrier.gd:914)
       [4] _test_rejection_discipline (res://tests/test_talent_carrier.gd:960)
       [5] _run (res://tests/test_talent_carrier.gd:342)
       [6] _process (res://tests/test_talent_carrier.gd:332)
WARNING: [TalentRegistry] 拒绝注册天赋 test_rej_no_effects：engine_effects 为空——没有可执行的效果，注册了也是死卡
   at: push_warning (core/variant/variant_utility.cpp:1034)
   GDScript backtrace (most recent call first):
       [0] _reject (res://scripts/data/talent_registry.gd:224)
       [1] _build (res://scripts/data/talent_registry.gd:169)
       [2] _init (res://scripts/data/talent_registry.gd:139)
       [3] _make_registry (res://tests/test_talent_carrier.gd:914)
       [4] _test_rejection_discipline (res://tests/test_talent_carrier.gd:960)
       [5] _run (res://tests/test_talent_carrier.gd:342)
       [6] _process (res://tests/test_talent_carrier.gd:332)
WARNING: [TalentRegistry] 拒绝注册天赋 test_rej_states_empty：condition_model=states 但 requires_states / requires_contexts / requires_turn_phase 全为空——声明与数据矛盾
   at: push_warning (core/variant/variant_utility.cpp:1034)
   GDScript backtrace (most recent call first):
       [0] _reject (res://scripts/data/talent_registry.gd:224)
       [1] _build (res://scripts/data/talent_registry.gd:169)
       [2] _init (res://scripts/data/talent_registry.gd:139)
       [3] _make_registry (res://tests/test_talent_carrier.gd:914)
       [4] _test_rejection_discipline (res://tests/test_talent_carrier.gd:960)
       [5] _run (res://tests/test_talent_carrier.gd:342)
       [6] _process (res://tests/test_talent_carrier.gd:332)
WARNING: [TalentRegistry] 拒绝注册天赋 test_rej_no_event：无任何触发行（主行缺 trigger_event 且无 extra_triggers）
   at: push_warning (core/variant/variant_utility.cpp:1034)
   GDScript backtrace (most recent call first):
       [0] _reject (res://scripts/data/talent_registry.gd:224)
       [1] _build (res://scripts/data/talent_registry.gd:157)
       [2] _init (res://scripts/data/talent_registry.gd:139)
       [3] _make_registry (res://tests/test_talent_carrier.gd:914)
       [4] _test_rejection_discipline (res://tests/test_talent_carrier.gd:960)
       [5] _run (res://tests/test_talent_carrier.gd:342)
       [6] _process (res://tests/test_talent_carrier.gd:332)
WARNING: [TalentRegistry] 拒绝注册天赋 test_rej_no_model：触发行 main 缺 condition_model（必须显式声明条件的引擎表达力）
   at: push_warning (core/variant/variant_utility.cpp:1034)
   GDScript backtrace (most recent call first):
       [0] _reject (res://scripts/data/talent_registry.gd:224)
       [1] _build (res://scripts/data/talent_registry.gd:169)
       [2] _init (res://scripts/data/talent_registry.gd:139)
       [3] _make_registry (res://tests/test_talent_carrier.gd:914)
       [4] _test_rejection_discipline (res://tests/test_talent_carrier.gd:960)
       [5] _run (res://tests/test_talent_carrier.gd:342)
       [6] _process (res://tests/test_talent_carrier.gd:332)
WARNING: [TalentRegistry] 拒绝注册天赋 test_rej_bad_model：触发行 main 的 condition_model「States」非法，合法值 ["none", "states", "unsupported"]
   at: push_warning (core/variant/variant_utility.cpp:1034)
   GDScript backtrace (most recent call first):
       [0] _reject (res://scripts/data/talent_registry.gd:224)
       [1] _build (res://scripts/data/talent_registry.gd:169)
       [2] _init (res://scripts/data/talent_registry.gd:139)
       [3] _make_registry (res://tests/test_talent_carrier.gd:914)
       [4] _test_rejection_discipline (res://tests/test_talent_carrier.gd:960)
       [5] _run (res://tests/test_talent_carrier.gd:342)
       [6] _process (res://tests/test_talent_carrier.gd:332)
WARNING: [TalentRegistry] 拒绝注册天赋 test_rej_bad_resource：gain_resource 的 resource「gold」未支持（当前支持 ["qi", "mark"]）
   at: push_warning (core/variant/variant_utility.cpp:1034)
   GDScript backtrace (most recent call first):
       [0] _reject (res://scripts/data/talent_registry.gd:224)
       [1] _build (res://scripts/data/talent_registry.gd:169)
       [2] _init (res://scripts/data/talent_registry.gd:139)
       [3] _make_registry (res://tests/test_talent_carrier.gd:914)
       [4] _test_rejection_discipline (res://tests/test_talent_carrier.gd:960)
       [5] _run (res://tests/test_talent_carrier.gd:342)
       [6] _process (res://tests/test_talent_carrier.gd:332)
WARNING: [TalentRegistry] 拒绝注册天赋 test_rej_amount_zero：gain_resource 的 amount 必须为正整数，实际 0
   at: push_warning (core/variant/variant_utility.cpp:1034)
   GDScript backtrace (most recent call first):
       [0] _reject (res://scripts/data/talent_registry.gd:224)
       [1] _build (res://scripts/data/talent_registry.gd:169)
       [2] _init (res://scripts/data/talent_registry.gd:139)
       [3] _make_registry (res://tests/test_talent_carrier.gd:914)
       [4] _test_rejection_discipline (res://tests/test_talent_carrier.gd:960)
       [5] _run (res://tests/test_talent_carrier.gd:342)
       [6] _process (res://tests/test_talent_carrier.gd:332)
WARNING: [TalentRegistry] 拒绝注册天赋 test_rej_amount_str：gain_resource 的 amount 必须是数字，实际是 String
   at: push_warning (core/variant/variant_utility.cpp:1034)
   GDScript backtrace (most recent call first):
       [0] _reject (res://scripts/data/talent_registry.gd:224)
       [1] _build (res://scripts/data/talent_registry.gd:169)
       [2] _init (res://scripts/data/talent_registry.gd:139)
       [3] _make_registry (res://tests/test_talent_carrier.gd:914)
       [4] _test_rejection_discipline (res://tests/test_talent_carrier.gd:960)
       [5] _run (res://tests/test_talent_carrier.gd:342)
       [6] _process (res://tests/test_talent_carrier.gd:332)
WARNING: [TalentRegistry] 拒绝注册天赋 test_rej_amount_fraction：gain_resource 的 amount 必须是整数值，实际 2.5 含小数部分
   at: push_warning (core/variant/variant_utility.cpp:1034)
   GDScript backtrace (most recent call first):
       [0] _reject (res://scripts/data/talent_registry.gd:224)
       [1] _build (res://scripts/data/talent_registry.gd:169)
       [2] _init (res://scripts/data/talent_registry.gd:139)
       [3] _make_registry (res://tests/test_talent_carrier.gd:914)
       [4] _test_rejection_discipline (res://tests/test_talent_carrier.gd:960)
       [5] _run (res://tests/test_talent_carrier.gd:342)
       [6] _process (res://tests/test_talent_carrier.gd:332)
WARNING: [TalentRegistry] 拒绝注册天赋 test_rej_amount_huge：gain_resource 的 amount 999999 超出合理上限 999（疑似手误多打了位数）
   at: push_warning (core/variant/variant_utility.cpp:1034)
   GDScript backtrace (most recent call first):
       [0] _reject (res://scripts/data/talent_registry.gd:224)
       [1] _build (res://scripts/data/talent_registry.gd:169)
       [2] _init (res://scripts/data/talent_registry.gd:139)
       [3] _make_registry (res://tests/test_talent_carrier.gd:914)
       [4] _test_rejection_discipline (res://tests/test_talent_carrier.gd:960)
       [5] _run (res://tests/test_talent_carrier.gd:342)
       [6] _process (res://tests/test_talent_carrier.gd:332)
WARNING: [TalentRegistry] 拒绝注册天赋 test_rej_states_not_array：requires_states 必须是数组，实际是 String（写成裸字符串会绕过状态依赖检查）
   at: push_warning (core/variant/variant_utility.cpp:1034)
   GDScript backtrace (most recent call first):
       [0] _reject (res://scripts/data/talent_registry.gd:224)
       [1] _build (res://scripts/data/talent_registry.gd:169)
       [2] _init (res://scripts/data/talent_registry.gd:139)
       [3] _make_registry (res://tests/test_talent_carrier.gd:914)
       [4] _test_rejection_discipline (res://tests/test_talent_carrier.gd:960)
       [5] _run (res://tests/test_talent_carrier.gd:342)
       [6] _process (res://tests/test_talent_carrier.gd:332)
WARNING: [TalentRegistry] 拒绝注册天赋 test_rej_states_item_not_str：requires_states 的元素必须是状态 id 字符串，实际含 Dictionary
   at: push_warning (core/variant/variant_utility.cpp:1034)
   GDScript backtrace (most recent call first):
       [0] _reject (res://scripts/data/talent_registry.gd:224)
       [1] _build (res://scripts/data/talent_registry.gd:169)
       [2] _init (res://scripts/data/talent_registry.gd:139)
       [3] _make_registry (res://tests/test_talent_carrier.gd:914)
       [4] _test_rejection_discipline (res://tests/test_talent_carrier.gd:960)
       [5] _run (res://tests/test_talent_carrier.gd:342)
       [6] _process (res://tests/test_talent_carrier.gd:332)
WARNING: [TalentRegistry] 拒绝注册天赋 test_rej_effects_not_array：engine_effects 必须是数组，实际是 Dictionary
   at: push_warning (core/variant/variant_utility.cpp:1034)
   GDScript backtrace (most recent call first):
       [0] _reject (res://scripts/data/talent_registry.gd:224)
       [1] _build (res://scripts/data/talent_registry.gd:169)
       [2] _init (res://scripts/data/talent_registry.gd:139)
       [3] _make_registry (res://tests/test_talent_carrier.gd:914)
       [4] _test_rejection_discipline (res://tests/test_talent_carrier.gd:960)
       [5] _run (res://tests/test_talent_carrier.gd:342)
       [6] _process (res://tests/test_talent_carrier.gd:332)
WARNING: [TalentRegistry] 拒绝注册天赋 test_rej_effects_item_not_dict：engine_effects 含非字典项（String）
   at: push_warning (core/variant/variant_utility.cpp:1034)
   GDScript backtrace (most recent call first):
       [0] _reject (res://scripts/data/talent_registry.gd:224)
       [1] _build (res://scripts/data/talent_registry.gd:169)
       [2] _init (res://scripts/data/talent_registry.gd:139)
       [3] _make_registry (res://tests/test_talent_carrier.gd:914)
       [4] _test_rejection_discipline (res://tests/test_talent_carrier.gd:960)
       [5] _run (res://tests/test_talent_carrier.gd:342)
       [6] _process (res://tests/test_talent_carrier.gd:332)
WARNING: [TalentRegistry] 拒绝注册天赋 test_rej_offhand_no_dtype：offhand_followup 的 damage_type「」未支持（当前支持 ["physical", "magical", "pure"]）
   at: push_warning (core/variant/variant_utility.cpp:1034)
   GDScript backtrace (most recent call first):
       [0] _reject (res://scripts/data/talent_registry.gd:224)
       [1] _build (res://scripts/data/talent_registry.gd:169)
       [2] _init (res://scripts/data/talent_registry.gd:139)
       [3] _make_registry (res://tests/test_talent_carrier.gd:914)
       [4] _test_rejection_discipline (res://tests/test_talent_carrier.gd:960)
       [5] _run (res://tests/test_talent_carrier.gd:342)
       [6] _process (res://tests/test_talent_carrier.gd:332)
WARNING: [TalentRegistry] 拒绝注册天赋 test_rej_offhand_bad_pct：offhand_followup 的 damage_pct 必须是数字，实际是 String
   at: push_warning (core/variant/variant_utility.cpp:1034)
   GDScript backtrace (most recent call first):
       [0] _reject (res://scripts/data/talent_registry.gd:224)
       [1] _build (res://scripts/data/talent_registry.gd:169)
       [2] _init (res://scripts/data/talent_registry.gd:139)
       [3] _make_registry (res://tests/test_talent_carrier.gd:914)
       [4] _test_rejection_discipline (res://tests/test_talent_carrier.gd:960)
       [5] _run (res://tests/test_talent_carrier.gd:342)
       [6] _process (res://tests/test_talent_carrier.gd:332)
WARNING: [TalentRegistry] 拒绝注册天赋 test_rej_id_mismatch：条目内 id「另一个id」与注册键「test_rej_id_mismatch」不一致
   at: push_warning (core/variant/variant_utility.cpp:1034)
   GDScript backtrace (most recent call first):
       [0] _reject (res://scripts/data/talent_registry.gd:224)
       [1] _build (res://scripts/data/talent_registry.gd:153)
       [2] _init (res://scripts/data/talent_registry.gd:139)
       [3] _make_registry (res://tests/test_talent_carrier.gd:914)
       [4] _test_rejection_discipline (res://tests/test_talent_carrier.gd:960)
       [5] _run (res://tests/test_talent_carrier.gd:342)
       [6] _process (res://tests/test_talent_carrier.gd:332)
  ✓ 依赖判不了的状态 → 拒绝注册
  ✓ 拒绝理由非空（可观测的失败信号）
  ✓ 拒绝理由点明状态判不了
  ✓ 拒绝理由带上了状态的阻塞原因
  ✓ 被拒 id 进了 rejected_ids 清单
  ✓ requires_states 写成裸字符串 → 拒绝注册（不因 cast 失败放行）
  ✓ 该拒绝理由点明必须是数组
  ✓ test_rej_unknown_state → 拒绝注册
  ✓ test_rej_unknown_state 拒绝理由含「未在 data/states/ 注册」
  ✓ test_rej_unsupported → 拒绝注册
  ✓ test_rej_unsupported 拒绝理由含「unsupported」
  ✓ test_rej_unsupported_event → 拒绝注册
  ✓ test_rej_unsupported_event 拒绝理由含「引擎不分发」
  ✓ test_rej_frequency → 拒绝注册
  ✓ test_rej_frequency 拒绝理由含「频率」
  ✓ test_rej_unknown_effect → 拒绝注册
  ✓ test_rej_unknown_effect 拒绝理由含「未知 type」
  ✓ test_rej_condition_mismatch → 拒绝注册
  ✓ test_rej_condition_mismatch 拒绝理由含「矛盾」
  ✓ test_rej_no_effects → 拒绝注册
  ✓ test_rej_no_effects 拒绝理由含「engine_effects 为空」
  ✓ test_rej_states_empty → 拒绝注册
  ✓ test_rej_states_empty 拒绝理由含「全为空」
  ✓ test_rej_no_event → 拒绝注册
  ✓ test_rej_no_event 拒绝理由含「缺 trigger_event」
  ✓ test_rej_no_model → 拒绝注册
  ✓ test_rej_no_model 拒绝理由含「缺 condition_model」
  ✓ test_rej_bad_model → 拒绝注册
  ✓ test_rej_bad_model 拒绝理由含「非法」
  ✓ test_rej_bad_resource → 拒绝注册
  ✓ test_rej_bad_resource 拒绝理由含「未支持」
  ✓ test_rej_amount_zero → 拒绝注册
  ✓ test_rej_amount_zero 拒绝理由含「正整数」
  ✓ test_rej_amount_str → 拒绝注册
  ✓ test_rej_amount_str 拒绝理由含「必须是数字」
  ✓ test_rej_amount_fraction → 拒绝注册
  ✓ test_rej_amount_fraction 拒绝理由含「必须是整数值」
  ✓ test_rej_amount_huge → 拒绝注册
  ✓ test_rej_amount_huge 拒绝理由含「超出合理上限」
  ✓ test_rej_states_item_not_str → 拒绝注册
  ✓ test_rej_states_item_not_str 拒绝理由含「必须是状态 id 字符串」
  ✓ test_rej_effects_not_array → 拒绝注册
  ✓ test_rej_effects_not_array 拒绝理由含「engine_effects 必须是数组」
  ✓ test_rej_effects_item_not_dict → 拒绝注册
  ✓ test_rej_effects_item_not_dict 拒绝理由含「含非字典项」
  ✓ test_rej_id_mismatch → 拒绝注册
  ✓ test_rej_id_mismatch 拒绝理由含「与注册键」
  ✓ test_rej_offhand_no_dtype → 拒绝注册
  ✓ test_rej_offhand_no_dtype 拒绝理由含「damage_type」
  ✓ test_rej_offhand_bad_pct → 拒绝注册
  ✓ test_rej_offhand_bad_pct 拒绝理由含「damage_pct 必须是数字」
  ✓ 合法合成卡 test_ok_hit_after 注册成功
  ✓ 合法合成卡 test_ok_on_damage 注册成功
  ✓ 合法合成卡 test_ok_needs_beishui 注册成功
  ✓ 合法合成卡 test_ok_offhand_25 注册成功
  ✓ 合法合成卡 test_ok_offhand_magical 注册成功
  ✓ 合法合成卡 test_ok_rowlevel 注册成功
  ✓ 合法合成卡 test_ok_killcount 注册成功
  ✓ 合法合成卡 test_ok_amount_json_float 注册成功
  ✓ 生产卡 kensei_erdaokairen 注册成功
  ✓ 生产卡 kensei_ertianyiliu 注册成功
  ✓ 生产卡 kensei_jianqihuidang 注册成功
  ✓ 生产卡 kensei_jiaoren 注册成功
  ✓ 生产卡 kensei_yanfan 注册成功
  ✓ 生产卡 myrmidon_jiecuo 注册成功
  ✓ 生产卡 myrmidon_sixian 注册成功
  ✓ 被拒总数 == 全部 test_rej_* 夹具数（24）
  ✓ 注册成功总数 == 全部生产卡 + 全部 test_ok_* 夹具（15）
WARNING: [TalentRegistry] 拒绝注册天赋 kensei_erdaokairen：依赖状态「shuangchi」但未提供 StateRegistry，无法核验
   at: push_warning (core/variant/variant_utility.cpp:1034)
   GDScript backtrace (most recent call first):
       [0] _reject (res://scripts/data/talent_registry.gd:224)
       [1] _build (res://scripts/data/talent_registry.gd:169)
       [2] _init (res://scripts/data/talent_registry.gd:139)
       [3] _test_rejection_discipline (res://tests/test_talent_carrier.gd:1024)
       [4] _run (res://tests/test_talent_carrier.gd:342)
       [5] _process (res://tests/test_talent_carrier.gd:332)
WARNING: [TalentRegistry] 拒绝注册天赋 kensei_ertianyiliu：依赖状态「shuangchi」但未提供 StateRegistry，无法核验
   at: push_warning (core/variant/variant_utility.cpp:1034)
   GDScript backtrace (most recent call first):
       [0] _reject (res://scripts/data/talent_registry.gd:224)
       [1] _build (res://scripts/data/talent_registry.gd:169)
       [2] _init (res://scripts/data/talent_registry.gd:139)
       [3] _test_rejection_discipline (res://tests/test_talent_carrier.gd:1024)
       [4] _run (res://tests/test_talent_carrier.gd:342)
       [5] _process (res://tests/test_talent_carrier.gd:332)
WARNING: [TalentRegistry] 拒绝注册天赋 kensei_jianqihuidang：依赖状态「shuangchi」但未提供 StateRegistry，无法核验
   at: push_warning (core/variant/variant_utility.cpp:1034)
   GDScript backtrace (most recent call first):
       [0] _reject (res://scripts/data/talent_registry.gd:224)
       [1] _build (res://scripts/data/talent_registry.gd:169)
       [2] _init (res://scripts/data/talent_registry.gd:139)
       [3] _test_rejection_discipline (res://tests/test_talent_carrier.gd:1024)
       [4] _run (res://tests/test_talent_carrier.gd:342)
       [5] _process (res://tests/test_talent_carrier.gd:332)
WARNING: [TalentRegistry] 拒绝注册天赋 kensei_jiaoren：依赖状态「shuangchi」但未提供 StateRegistry，无法核验
   at: push_warning (core/variant/variant_utility.cpp:1034)
   GDScript backtrace (most recent call first):
       [0] _reject (res://scripts/data/talent_registry.gd:224)
       [1] _build (res://scripts/data/talent_registry.gd:169)
       [2] _init (res://scripts/data/talent_registry.gd:139)
       [3] _test_rejection_discipline (res://tests/test_talent_carrier.gd:1024)
       [4] _run (res://tests/test_talent_carrier.gd:342)
       [5] _process (res://tests/test_talent_carrier.gd:332)
WARNING: [TalentRegistry] 拒绝注册天赋 kensei_yanfan：依赖状态「shuangchi」但未提供 StateRegistry，无法核验
   at: push_warning (core/variant/variant_utility.cpp:1034)
   GDScript backtrace (most recent call first):
       [0] _reject (res://scripts/data/talent_registry.gd:224)
       [1] _build (res://scripts/data/talent_registry.gd:169)
       [2] _init (res://scripts/data/talent_registry.gd:139)
       [3] _test_rejection_discipline (res://tests/test_talent_carrier.gd:1024)
       [4] _run (res://tests/test_talent_carrier.gd:342)
       [5] _process (res://tests/test_talent_carrier.gd:332)
WARNING: [TalentRegistry] 拒绝注册天赋 test_ok_needs_beishui：依赖状态「beishui」但未提供 StateRegistry，无法核验
   at: push_warning (core/variant/variant_utility.cpp:1034)
   GDScript backtrace (most recent call first):
       [0] _reject (res://scripts/data/talent_registry.gd:224)
       [1] _build (res://scripts/data/talent_registry.gd:169)
       [2] _init (res://scripts/data/talent_registry.gd:139)
       [3] _test_rejection_discipline (res://tests/test_talent_carrier.gd:1024)
       [4] _run (res://tests/test_talent_carrier.gd:342)
       [5] _process (res://tests/test_talent_carrier.gd:332)
WARNING: [TalentRegistry] 拒绝注册天赋 test_ok_offhand_25：依赖状态「shuangchi」但未提供 StateRegistry，无法核验
   at: push_warning (core/variant/variant_utility.cpp:1034)
   GDScript backtrace (most recent call first):
       [0] _reject (res://scripts/data/talent_registry.gd:224)
       [1] _build (res://scripts/data/talent_registry.gd:169)
       [2] _init (res://scripts/data/talent_registry.gd:139)
       [3] _test_rejection_discipline (res://tests/test_talent_carrier.gd:1024)
       [4] _run (res://tests/test_talent_carrier.gd:342)
       [5] _process (res://tests/test_talent_carrier.gd:332)
WARNING: [TalentRegistry] 拒绝注册天赋 test_ok_offhand_magical：依赖状态「shuangchi」但未提供 StateRegistry，无法核验
   at: push_warning (core/variant/variant_utility.cpp:1034)
   GDScript backtrace (most recent call first):
       [0] _reject (res://scripts/data/talent_registry.gd:224)
       [1] _build (res://scripts/data/talent_registry.gd:169)
       [2] _init (res://scripts/data/talent_registry.gd:139)
       [3] _test_rejection_discipline (res://tests/test_talent_carrier.gd:1024)
       [4] _run (res://tests/test_talent_carrier.gd:342)
       [5] _process (res://tests/test_talent_carrier.gd:332)
WARNING: [TalentRegistry] 拒绝注册天赋 test_ok_rowlevel：依赖状态「shuangchi」但未提供 StateRegistry，无法核验
   at: push_warning (core/variant/variant_utility.cpp:1034)
   GDScript backtrace (most recent call first):
       [0] _reject (res://scripts/data/talent_registry.gd:224)
       [1] _build (res://scripts/data/talent_registry.gd:169)
       [2] _init (res://scripts/data/talent_registry.gd:139)
       [3] _test_rejection_discipline (res://tests/test_talent_carrier.gd:1024)
       [4] _run (res://tests/test_talent_carrier.gd:342)
       [5] _process (res://tests/test_talent_carrier.gd:332)
WARNING: [TalentRegistry] 拒绝注册天赋 test_rej_unevaluable：依赖状态「test_state_unevaluable」但未提供 StateRegistry，无法核验
   at: push_warning (core/variant/variant_utility.cpp:1034)
   GDScript backtrace (most recent call first):
       [0] _reject (res://scripts/data/talent_registry.gd:224)
       [1] _build (res://scripts/data/talent_registry.gd:169)
       [2] _init (res://scripts/data/talent_registry.gd:139)
       [3] _test_rejection_discipline (res://tests/test_talent_carrier.gd:1024)
       [4] _run (res://tests/test_talent_carrier.gd:342)
       [5] _process (res://tests/test_talent_carrier.gd:332)
WARNING: [TalentRegistry] 拒绝注册天赋 test_rej_unknown_state：依赖状态「wu_you_ci_state」但未提供 StateRegistry，无法核验
   at: push_warning (core/variant/variant_utility.cpp:1034)
   GDScript backtrace (most recent call first):
       [0] _reject (res://scripts/data/talent_registry.gd:224)
       [1] _build (res://scripts/data/talent_registry.gd:169)
       [2] _init (res://scripts/data/talent_registry.gd:139)
       [3] _test_rejection_discipline (res://tests/test_talent_carrier.gd:1024)
       [4] _run (res://tests/test_talent_carrier.gd:342)
       [5] _process (res://tests/test_talent_carrier.gd:332)
WARNING: [TalentRegistry] 拒绝注册天赋 test_rej_unsupported：触发行 main 的 condition_model=unsupported：条件含引擎尚不能表达的部分，按「宁可不注册」拒收
   at: push_warning (core/variant/variant_utility.cpp:1034)
   GDScript backtrace (most recent call first):
       [0] _reject (res://scripts/data/talent_registry.gd:224)
       [1] _build (res://scripts/data/talent_registry.gd:169)
       [2] _init (res://scripts/data/talent_registry.gd:139)
       [3] _test_rejection_discipline (res://tests/test_talent_carrier.gd:1024)
       [4] _run (res://tests/test_talent_carrier.gd:342)
       [5] _process (res://tests/test_talent_carrier.gd:332)
WARNING: [TalentRegistry] 拒绝注册天赋 test_rej_unsupported_event：触发行 main 的事件「单位回合开始时」引擎不分发（当前支持 ["命中后", "造成伤害时", "击杀时", "执行攻击动作时", "命中时", "暴击时", "受到攻击时"]）
   at: push_warning (core/variant/variant_utility.cpp:1034)
   GDScript backtrace (most recent call first):
       [0] _reject (res://scripts/data/talent_registry.gd:224)
       [1] _build (res://scripts/data/talent_registry.gd:169)
       [2] _init (res://scripts/data/talent_registry.gd:139)
       [3] _test_rejection_discipline (res://tests/test_talent_carrier.gd:1024)
       [4] _run (res://tests/test_talent_carrier.gd:342)
       [5] _process (res://tests/test_talent_carrier.gd:332)
WARNING: [TalentRegistry] 拒绝注册天赋 test_rej_frequency：触发频率「每回合」未实装（当前只支持 ["每次"]），拒收而非当作不限次
   at: push_warning (core/variant/variant_utility.cpp:1034)
   GDScript backtrace (most recent call first):
       [0] _reject (res://scripts/data/talent_registry.gd:224)
       [1] _build (res://scripts/data/talent_registry.gd:169)
       [2] _init (res://scripts/data/talent_registry.gd:139)
       [3] _test_rejection_discipline (res://tests/test_talent_carrier.gd:1024)
       [4] _run (res://tests/test_talent_carrier.gd:342)
       [5] _process (res://tests/test_talent_carrier.gd:332)
WARNING: [TalentRegistry] 拒绝注册天赋 test_rej_unknown_effect：engine_effects 含未知 type「teleport_to_moon」（当前支持 ["gain_resource", "offhand_followup", "unlock_offhand_weapon_effect", "empower_next_offhand", "more_damage_from_stat", "offhand_recursive_followup", "parry_damage_reduction"]）
   at: push_warning (core/variant/variant_utility.cpp:1034)
   GDScript backtrace (most recent call first):
       [0] _reject (res://scripts/data/talent_registry.gd:224)
       [1] _build (res://scripts/data/talent_registry.gd:169)
       [2] _init (res://scripts/data/talent_registry.gd:139)
       [3] _test_rejection_discipline (res://tests/test_talent_carrier.gd:1024)
       [4] _run (res://tests/test_talent_carrier.gd:342)
       [5] _process (res://tests/test_talent_carrier.gd:332)
WARNING: [TalentRegistry] 拒绝注册天赋 test_rej_condition_mismatch：condition_model=none 但 trigger_condition 非空（「处于〔背水〕状态」）——声明与设计库镜像矛盾
   at: push_warning (core/variant/variant_utility.cpp:1034)
   GDScript backtrace (most recent call first):
       [0] _reject (res://scripts/data/talent_registry.gd:224)
       [1] _build (res://scripts/data/talent_registry.gd:169)
       [2] _init (res://scripts/data/talent_registry.gd:139)
       [3] _test_rejection_discipline (res://tests/test_talent_carrier.gd:1024)
       [4] _run (res://tests/test_talent_carrier.gd:342)
       [5] _process (res://tests/test_talent_carrier.gd:332)
WARNING: [TalentRegistry] 拒绝注册天赋 test_rej_no_effects：engine_effects 为空——没有可执行的效果，注册了也是死卡
   at: push_warning (core/variant/variant_utility.cpp:1034)
   GDScript backtrace (most recent call first):
       [0] _reject (res://scripts/data/talent_registry.gd:224)
       [1] _build (res://scripts/data/talent_registry.gd:169)
       [2] _init (res://scripts/data/talent_registry.gd:139)
       [3] _test_rejection_discipline (res://tests/test_talent_carrier.gd:1024)
       [4] _run (res://tests/test_talent_carrier.gd:342)
       [5] _process (res://tests/test_talent_carrier.gd:332)
WARNING: [TalentRegistry] 拒绝注册天赋 test_rej_states_empty：condition_model=states 但 requires_states / requires_contexts / requires_turn_phase 全为空——声明与数据矛盾
   at: push_warning (core/variant/variant_utility.cpp:1034)
   GDScript backtrace (most recent call first):
       [0] _reject (res://scripts/data/talent_registry.gd:224)
       [1] _build (res://scripts/data/talent_registry.gd:169)
       [2] _init (res://scripts/data/talent_registry.gd:139)
       [3] _test_rejection_discipline (res://tests/test_talent_carrier.gd:1024)
       [4] _run (res://tests/test_talent_carrier.gd:342)
       [5] _process (res://tests/test_talent_carrier.gd:332)
WARNING: [TalentRegistry] 拒绝注册天赋 test_rej_no_event：无任何触发行（主行缺 trigger_event 且无 extra_triggers）
   at: push_warning (core/variant/variant_utility.cpp:1034)
   GDScript backtrace (most recent call first):
       [0] _reject (res://scripts/data/talent_registry.gd:224)
       [1] _build (res://scripts/data/talent_registry.gd:157)
       [2] _init (res://scripts/data/talent_registry.gd:139)
       [3] _test_rejection_discipline (res://tests/test_talent_carrier.gd:1024)
       [4] _run (res://tests/test_talent_carrier.gd:342)
       [5] _process (res://tests/test_talent_carrier.gd:332)
WARNING: [TalentRegistry] 拒绝注册天赋 test_rej_no_model：触发行 main 缺 condition_model（必须显式声明条件的引擎表达力）
   at: push_warning (core/variant/variant_utility.cpp:1034)
   GDScript backtrace (most recent call first):
       [0] _reject (res://scripts/data/talent_registry.gd:224)
       [1] _build (res://scripts/data/talent_registry.gd:169)
       [2] _init (res://scripts/data/talent_registry.gd:139)
       [3] _test_rejection_discipline (res://tests/test_talent_carrier.gd:1024)
       [4] _run (res://tests/test_talent_carrier.gd:342)
       [5] _process (res://tests/test_talent_carrier.gd:332)
WARNING: [TalentRegistry] 拒绝注册天赋 test_rej_bad_model：触发行 main 的 condition_model「States」非法，合法值 ["none", "states", "unsupported"]
   at: push_warning (core/variant/variant_utility.cpp:1034)
   GDScript backtrace (most recent call first):
       [0] _reject (res://scripts/data/talent_registry.gd:224)
       [1] _build (res://scripts/data/talent_registry.gd:169)
       [2] _init (res://scripts/data/talent_registry.gd:139)
       [3] _test_rejection_discipline (res://tests/test_talent_carrier.gd:1024)
       [4] _run (res://tests/test_talent_carrier.gd:342)
       [5] _process (res://tests/test_talent_carrier.gd:332)
WARNING: [TalentRegistry] 拒绝注册天赋 test_rej_bad_resource：gain_resource 的 resource「gold」未支持（当前支持 ["qi", "mark"]）
   at: push_warning (core/variant/variant_utility.cpp:1034)
   GDScript backtrace (most recent call first):
       [0] _reject (res://scripts/data/talent_registry.gd:224)
       [1] _build (res://scripts/data/talent_registry.gd:169)
       [2] _init (res://scripts/data/talent_registry.gd:139)
       [3] _test_rejection_discipline (res://tests/test_talent_carrier.gd:1024)
       [4] _run (res://tests/test_talent_carrier.gd:342)
       [5] _process (res://tests/test_talent_carrier.gd:332)
WARNING: [TalentRegistry] 拒绝注册天赋 test_rej_amount_zero：gain_resource 的 amount 必须为正整数，实际 0
   at: push_warning (core/variant/variant_utility.cpp:1034)
   GDScript backtrace (most recent call first):
       [0] _reject (res://scripts/data/talent_registry.gd:224)
       [1] _build (res://scripts/data/talent_registry.gd:169)
       [2] _init (res://scripts/data/talent_registry.gd:139)
       [3] _test_rejection_discipline (res://tests/test_talent_carrier.gd:1024)
       [4] _run (res://tests/test_talent_carrier.gd:342)
       [5] _process (res://tests/test_talent_carrier.gd:332)
WARNING: [TalentRegistry] 拒绝注册天赋 test_rej_amount_str：gain_resource 的 amount 必须是数字，实际是 String
   at: push_warning (core/variant/variant_utility.cpp:1034)
   GDScript backtrace (most recent call first):
       [0] _reject (res://scripts/data/talent_registry.gd:224)
       [1] _build (res://scripts/data/talent_registry.gd:169)
       [2] _init (res://scripts/data/talent_registry.gd:139)
       [3] _test_rejection_discipline (res://tests/test_talent_carrier.gd:1024)
       [4] _run (res://tests/test_talent_carrier.gd:342)
       [5] _process (res://tests/test_talent_carrier.gd:332)
WARNING: [TalentRegistry] 拒绝注册天赋 test_rej_amount_fraction：gain_resource 的 amount 必须是整数值，实际 2.5 含小数部分
   at: push_warning (core/variant/variant_utility.cpp:1034)
   GDScript backtrace (most recent call first):
       [0] _reject (res://scripts/data/talent_registry.gd:224)
       [1] _build (res://scripts/data/talent_registry.gd:169)
       [2] _init (res://scripts/data/talent_registry.gd:139)
       [3] _test_rejection_discipline (res://tests/test_talent_carrier.gd:1024)
       [4] _run (res://tests/test_talent_carrier.gd:342)
       [5] _process (res://tests/test_talent_carrier.gd:332)
WARNING: [TalentRegistry] 拒绝注册天赋 test_rej_amount_huge：gain_resource 的 amount 999999 超出合理上限 999（疑似手误多打了位数）
   at: push_warning (core/variant/variant_utility.cpp:1034)
   GDScript backtrace (most recent call first):
       [0] _reject (res://scripts/data/talent_registry.gd:224)
       [1] _build (res://scripts/data/talent_registry.gd:169)
       [2] _init (res://scripts/data/talent_registry.gd:139)
       [3] _test_rejection_discipline (res://tests/test_talent_carrier.gd:1024)
       [4] _run (res://tests/test_talent_carrier.gd:342)
       [5] _process (res://tests/test_talent_carrier.gd:332)
WARNING: [TalentRegistry] 拒绝注册天赋 test_rej_states_not_array：requires_states 必须是数组，实际是 String（写成裸字符串会绕过状态依赖检查）
   at: push_warning (core/variant/variant_utility.cpp:1034)
   GDScript backtrace (most recent call first):
       [0] _reject (res://scripts/data/talent_registry.gd:224)
       [1] _build (res://scripts/data/talent_registry.gd:169)
       [2] _init (res://scripts/data/talent_registry.gd:139)
       [3] _test_rejection_discipline (res://tests/test_talent_carrier.gd:1024)
       [4] _run (res://tests/test_talent_carrier.gd:342)
       [5] _process (res://tests/test_talent_carrier.gd:332)
WARNING: [TalentRegistry] 拒绝注册天赋 test_rej_states_item_not_str：requires_states 的元素必须是状态 id 字符串，实际含 Dictionary
   at: push_warning (core/variant/variant_utility.cpp:1034)
   GDScript backtrace (most recent call first):
       [0] _reject (res://scripts/data/talent_registry.gd:224)
       [1] _build (res://scripts/data/talent_registry.gd:169)
       [2] _init (res://scripts/data/talent_registry.gd:139)
       [3] _test_rejection_discipline (res://tests/test_talent_carrier.gd:1024)
       [4] _run (res://tests/test_talent_carrier.gd:342)
       [5] _process (res://tests/test_talent_carrier.gd:332)
WARNING: [TalentRegistry] 拒绝注册天赋 test_rej_effects_not_array：engine_effects 必须是数组，实际是 Dictionary
   at: push_warning (core/variant/variant_utility.cpp:1034)
   GDScript backtrace (most recent call first):
       [0] _reject (res://scripts/data/talent_registry.gd:224)
       [1] _build (res://scripts/data/talent_registry.gd:169)
       [2] _init (res://scripts/data/talent_registry.gd:139)
       [3] _test_rejection_discipline (res://tests/test_talent_carrier.gd:1024)
       [4] _run (res://tests/test_talent_carrier.gd:342)
       [5] _process (res://tests/test_talent_carrier.gd:332)
WARNING: [TalentRegistry] 拒绝注册天赋 test_rej_effects_item_not_dict：engine_effects 含非字典项（String）
   at: push_warning (core/variant/variant_utility.cpp:1034)
   GDScript backtrace (most recent call first):
       [0] _reject (res://scripts/data/talent_registry.gd:224)
       [1] _build (res://scripts/data/talent_registry.gd:169)
       [2] _init (res://scripts/data/talent_registry.gd:139)
       [3] _test_rejection_discipline (res://tests/test_talent_carrier.gd:1024)
       [4] _run (res://tests/test_talent_carrier.gd:342)
       [5] _process (res://tests/test_talent_carrier.gd:332)
WARNING: [TalentRegistry] 拒绝注册天赋 test_rej_offhand_no_dtype：offhand_followup 的 damage_type「」未支持（当前支持 ["physical", "magical", "pure"]）
   at: push_warning (core/variant/variant_utility.cpp:1034)
   GDScript backtrace (most recent call first):
       [0] _reject (res://scripts/data/talent_registry.gd:224)
       [1] _build (res://scripts/data/talent_registry.gd:169)
       [2] _init (res://scripts/data/talent_registry.gd:139)
       [3] _test_rejection_discipline (res://tests/test_talent_carrier.gd:1024)
       [4] _run (res://tests/test_talent_carrier.gd:342)
       [5] _process (res://tests/test_talent_carrier.gd:332)
WARNING: [TalentRegistry] 拒绝注册天赋 test_rej_offhand_bad_pct：offhand_followup 的 damage_pct 必须是数字，实际是 String
   at: push_warning (core/variant/variant_utility.cpp:1034)
   GDScript backtrace (most recent call first):
       [0] _reject (res://scripts/data/talent_registry.gd:224)
       [1] _build (res://scripts/data/talent_registry.gd:169)
       [2] _init (res://scripts/data/talent_registry.gd:139)
       [3] _test_rejection_discipline (res://tests/test_talent_carrier.gd:1024)
       [4] _run (res://tests/test_talent_carrier.gd:342)
       [5] _process (res://tests/test_talent_carrier.gd:332)
WARNING: [TalentRegistry] 拒绝注册天赋 test_rej_id_mismatch：条目内 id「另一个id」与注册键「test_rej_id_mismatch」不一致
   at: push_warning (core/variant/variant_utility.cpp:1034)
   GDScript backtrace (most recent call first):
       [0] _reject (res://scripts/data/talent_registry.gd:224)
       [1] _build (res://scripts/data/talent_registry.gd:153)
       [2] _init (res://scripts/data/talent_registry.gd:139)
       [3] _test_rejection_discipline (res://tests/test_talent_carrier.gd:1024)
       [4] _run (res://tests/test_talent_carrier.gd:342)
       [5] _process (res://tests/test_talent_carrier.gd:332)
  ✓ 无 StateRegistry → 依赖状态的卡仍被拒

[C1] 按事件索引
WARNING: [TalentRegistry] 拒绝注册天赋 test_rej_unevaluable：依赖的状态「test_state_unevaluable」引擎判不了（引擎尚未实现该判定（合成夹具））——按 Wave 1 §2.3 响亮失败，拒绝注册
   at: push_warning (core/variant/variant_utility.cpp:1034)
   GDScript backtrace (most recent call first):
       [0] _reject (res://scripts/data/talent_registry.gd:224)
       [1] _build (res://scripts/data/talent_registry.gd:169)
       [2] _init (res://scripts/data/talent_registry.gd:139)
       [3] _make_registry (res://tests/test_talent_carrier.gd:914)
       [4] _test_event_index (res://tests/test_talent_carrier.gd:1036)
       [5] _run (res://tests/test_talent_carrier.gd:343)
       [6] _process (res://tests/test_talent_carrier.gd:332)
WARNING: [TalentRegistry] 拒绝注册天赋 test_rej_unknown_state：依赖的状态「wu_you_ci_state」未在 data/states/ 注册
   at: push_warning (core/variant/variant_utility.cpp:1034)
   GDScript backtrace (most recent call first):
       [0] _reject (res://scripts/data/talent_registry.gd:224)
       [1] _build (res://scripts/data/talent_registry.gd:169)
       [2] _init (res://scripts/data/talent_registry.gd:139)
       [3] _make_registry (res://tests/test_talent_carrier.gd:914)
       [4] _test_event_index (res://tests/test_talent_carrier.gd:1036)
       [5] _run (res://tests/test_talent_carrier.gd:343)
       [6] _process (res://tests/test_talent_carrier.gd:332)
WARNING: [TalentRegistry] 拒绝注册天赋 test_rej_unsupported：触发行 main 的 condition_model=unsupported：条件含引擎尚不能表达的部分，按「宁可不注册」拒收
   at: push_warning (core/variant/variant_utility.cpp:1034)
   GDScript backtrace (most recent call first):
       [0] _reject (res://scripts/data/talent_registry.gd:224)
       [1] _build (res://scripts/data/talent_registry.gd:169)
       [2] _init (res://scripts/data/talent_registry.gd:139)
       [3] _make_registry (res://tests/test_talent_carrier.gd:914)
       [4] _test_event_index (res://tests/test_talent_carrier.gd:1036)
       [5] _run (res://tests/test_talent_carrier.gd:343)
       [6] _process (res://tests/test_talent_carrier.gd:332)
WARNING: [TalentRegistry] 拒绝注册天赋 test_rej_unsupported_event：触发行 main 的事件「单位回合开始时」引擎不分发（当前支持 ["命中后", "造成伤害时", "击杀时", "执行攻击动作时", "命中时", "暴击时", "受到攻击时"]）
   at: push_warning (core/variant/variant_utility.cpp:1034)
   GDScript backtrace (most recent call first):
       [0] _reject (res://scripts/data/talent_registry.gd:224)
       [1] _build (res://scripts/data/talent_registry.gd:169)
       [2] _init (res://scripts/data/talent_registry.gd:139)
       [3] _make_registry (res://tests/test_talent_carrier.gd:914)
       [4] _test_event_index (res://tests/test_talent_carrier.gd:1036)
       [5] _run (res://tests/test_talent_carrier.gd:343)
       [6] _process (res://tests/test_talent_carrier.gd:332)
WARNING: [TalentRegistry] 拒绝注册天赋 test_rej_frequency：触发频率「每回合」未实装（当前只支持 ["每次"]），拒收而非当作不限次
   at: push_warning (core/variant/variant_utility.cpp:1034)
   GDScript backtrace (most recent call first):
       [0] _reject (res://scripts/data/talent_registry.gd:224)
       [1] _build (res://scripts/data/talent_registry.gd:169)
       [2] _init (res://scripts/data/talent_registry.gd:139)
       [3] _make_registry (res://tests/test_talent_carrier.gd:914)
       [4] _test_event_index (res://tests/test_talent_carrier.gd:1036)
       [5] _run (res://tests/test_talent_carrier.gd:343)
       [6] _process (res://tests/test_talent_carrier.gd:332)
WARNING: [TalentRegistry] 拒绝注册天赋 test_rej_unknown_effect：engine_effects 含未知 type「teleport_to_moon」（当前支持 ["gain_resource", "offhand_followup", "unlock_offhand_weapon_effect", "empower_next_offhand", "more_damage_from_stat", "offhand_recursive_followup", "parry_damage_reduction"]）
   at: push_warning (core/variant/variant_utility.cpp:1034)
   GDScript backtrace (most recent call first):
       [0] _reject (res://scripts/data/talent_registry.gd:224)
       [1] _build (res://scripts/data/talent_registry.gd:169)
       [2] _init (res://scripts/data/talent_registry.gd:139)
       [3] _make_registry (res://tests/test_talent_carrier.gd:914)
       [4] _test_event_index (res://tests/test_talent_carrier.gd:1036)
       [5] _run (res://tests/test_talent_carrier.gd:343)
       [6] _process (res://tests/test_talent_carrier.gd:332)
WARNING: [TalentRegistry] 拒绝注册天赋 test_rej_condition_mismatch：condition_model=none 但 trigger_condition 非空（「处于〔背水〕状态」）——声明与设计库镜像矛盾
   at: push_warning (core/variant/variant_utility.cpp:1034)
   GDScript backtrace (most recent call first):
       [0] _reject (res://scripts/data/talent_registry.gd:224)
       [1] _build (res://scripts/data/talent_registry.gd:169)
       [2] _init (res://scripts/data/talent_registry.gd:139)
       [3] _make_registry (res://tests/test_talent_carrier.gd:914)
       [4] _test_event_index (res://tests/test_talent_carrier.gd:1036)
       [5] _run (res://tests/test_talent_carrier.gd:343)
       [6] _process (res://tests/test_talent_carrier.gd:332)
WARNING: [TalentRegistry] 拒绝注册天赋 test_rej_no_effects：engine_effects 为空——没有可执行的效果，注册了也是死卡
   at: push_warning (core/variant/variant_utility.cpp:1034)
   GDScript backtrace (most recent call first):
       [0] _reject (res://scripts/data/talent_registry.gd:224)
       [1] _build (res://scripts/data/talent_registry.gd:169)
       [2] _init (res://scripts/data/talent_registry.gd:139)
       [3] _make_registry (res://tests/test_talent_carrier.gd:914)
       [4] _test_event_index (res://tests/test_talent_carrier.gd:1036)
       [5] _run (res://tests/test_talent_carrier.gd:343)
       [6] _process (res://tests/test_talent_carrier.gd:332)
WARNING: [TalentRegistry] 拒绝注册天赋 test_rej_states_empty：condition_model=states 但 requires_states / requires_contexts / requires_turn_phase 全为空——声明与数据矛盾
   at: push_warning (core/variant/variant_utility.cpp:1034)
   GDScript backtrace (most recent call first):
       [0] _reject (res://scripts/data/talent_registry.gd:224)
       [1] _build (res://scripts/data/talent_registry.gd:169)
       [2] _init (res://scripts/data/talent_registry.gd:139)
       [3] _make_registry (res://tests/test_talent_carrier.gd:914)
       [4] _test_event_index (res://tests/test_talent_carrier.gd:1036)
       [5] _run (res://tests/test_talent_carrier.gd:343)
       [6] _process (res://tests/test_talent_carrier.gd:332)
WARNING: [TalentRegistry] 拒绝注册天赋 test_rej_no_event：无任何触发行（主行缺 trigger_event 且无 extra_triggers）
   at: push_warning (core/variant/variant_utility.cpp:1034)
   GDScript backtrace (most recent call first):
       [0] _reject (res://scripts/data/talent_registry.gd:224)
       [1] _build (res://scripts/data/talent_registry.gd:157)
       [2] _init (res://scripts/data/talent_registry.gd:139)
       [3] _make_registry (res://tests/test_talent_carrier.gd:914)
       [4] _test_event_index (res://tests/test_talent_carrier.gd:1036)
       [5] _run (res://tests/test_talent_carrier.gd:343)
       [6] _process (res://tests/test_talent_carrier.gd:332)
WARNING: [TalentRegistry] 拒绝注册天赋 test_rej_no_model：触发行 main 缺 condition_model（必须显式声明条件的引擎表达力）
   at: push_warning (core/variant/variant_utility.cpp:1034)
   GDScript backtrace (most recent call first):
       [0] _reject (res://scripts/data/talent_registry.gd:224)
       [1] _build (res://scripts/data/talent_registry.gd:169)
       [2] _init (res://scripts/data/talent_registry.gd:139)
       [3] _make_registry (res://tests/test_talent_carrier.gd:914)
       [4] _test_event_index (res://tests/test_talent_carrier.gd:1036)
       [5] _run (res://tests/test_talent_carrier.gd:343)
       [6] _process (res://tests/test_talent_carrier.gd:332)
WARNING: [TalentRegistry] 拒绝注册天赋 test_rej_bad_model：触发行 main 的 condition_model「States」非法，合法值 ["none", "states", "unsupported"]
   at: push_warning (core/variant/variant_utility.cpp:1034)
   GDScript backtrace (most recent call first):
       [0] _reject (res://scripts/data/talent_registry.gd:224)
       [1] _build (res://scripts/data/talent_registry.gd:169)
       [2] _init (res://scripts/data/talent_registry.gd:139)
       [3] _make_registry (res://tests/test_talent_carrier.gd:914)
       [4] _test_event_index (res://tests/test_talent_carrier.gd:1036)
       [5] _run (res://tests/test_talent_carrier.gd:343)
       [6] _process (res://tests/test_talent_carrier.gd:332)
WARNING: [TalentRegistry] 拒绝注册天赋 test_rej_bad_resource：gain_resource 的 resource「gold」未支持（当前支持 ["qi", "mark"]）
   at: push_warning (core/variant/variant_utility.cpp:1034)
   GDScript backtrace (most recent call first):
       [0] _reject (res://scripts/data/talent_registry.gd:224)
       [1] _build (res://scripts/data/talent_registry.gd:169)
       [2] _init (res://scripts/data/talent_registry.gd:139)
       [3] _make_registry (res://tests/test_talent_carrier.gd:914)
       [4] _test_event_index (res://tests/test_talent_carrier.gd:1036)
       [5] _run (res://tests/test_talent_carrier.gd:343)
       [6] _process (res://tests/test_talent_carrier.gd:332)
WARNING: [TalentRegistry] 拒绝注册天赋 test_rej_amount_zero：gain_resource 的 amount 必须为正整数，实际 0
   at: push_warning (core/variant/variant_utility.cpp:1034)
   GDScript backtrace (most recent call first):
       [0] _reject (res://scripts/data/talent_registry.gd:224)
       [1] _build (res://scripts/data/talent_registry.gd:169)
       [2] _init (res://scripts/data/talent_registry.gd:139)
       [3] _make_registry (res://tests/test_talent_carrier.gd:914)
       [4] _test_event_index (res://tests/test_talent_carrier.gd:1036)
       [5] _run (res://tests/test_talent_carrier.gd:343)
       [6] _process (res://tests/test_talent_carrier.gd:332)
WARNING: [TalentRegistry] 拒绝注册天赋 test_rej_amount_str：gain_resource 的 amount 必须是数字，实际是 String
   at: push_warning (core/variant/variant_utility.cpp:1034)
   GDScript backtrace (most recent call first):
       [0] _reject (res://scripts/data/talent_registry.gd:224)
       [1] _build (res://scripts/data/talent_registry.gd:169)
       [2] _init (res://scripts/data/talent_registry.gd:139)
       [3] _make_registry (res://tests/test_talent_carrier.gd:914)
       [4] _test_event_index (res://tests/test_talent_carrier.gd:1036)
       [5] _run (res://tests/test_talent_carrier.gd:343)
       [6] _process (res://tests/test_talent_carrier.gd:332)
WARNING: [TalentRegistry] 拒绝注册天赋 test_rej_amount_fraction：gain_resource 的 amount 必须是整数值，实际 2.5 含小数部分
   at: push_warning (core/variant/variant_utility.cpp:1034)
   GDScript backtrace (most recent call first):
       [0] _reject (res://scripts/data/talent_registry.gd:224)
       [1] _build (res://scripts/data/talent_registry.gd:169)
       [2] _init (res://scripts/data/talent_registry.gd:139)
       [3] _make_registry (res://tests/test_talent_carrier.gd:914)
       [4] _test_event_index (res://tests/test_talent_carrier.gd:1036)
       [5] _run (res://tests/test_talent_carrier.gd:343)
       [6] _process (res://tests/test_talent_carrier.gd:332)
WARNING: [TalentRegistry] 拒绝注册天赋 test_rej_amount_huge：gain_resource 的 amount 999999 超出合理上限 999（疑似手误多打了位数）
   at: push_warning (core/variant/variant_utility.cpp:1034)
   GDScript backtrace (most recent call first):
       [0] _reject (res://scripts/data/talent_registry.gd:224)
       [1] _build (res://scripts/data/talent_registry.gd:169)
       [2] _init (res://scripts/data/talent_registry.gd:139)
       [3] _make_registry (res://tests/test_talent_carrier.gd:914)
       [4] _test_event_index (res://tests/test_talent_carrier.gd:1036)
       [5] _run (res://tests/test_talent_carrier.gd:343)
       [6] _process (res://tests/test_talent_carrier.gd:332)
WARNING: [TalentRegistry] 拒绝注册天赋 test_rej_states_not_array：requires_states 必须是数组，实际是 String（写成裸字符串会绕过状态依赖检查）
   at: push_warning (core/variant/variant_utility.cpp:1034)
   GDScript backtrace (most recent call first):
       [0] _reject (res://scripts/data/talent_registry.gd:224)
       [1] _build (res://scripts/data/talent_registry.gd:169)
       [2] _init (res://scripts/data/talent_registry.gd:139)
       [3] _make_registry (res://tests/test_talent_carrier.gd:914)
       [4] _test_event_index (res://tests/test_talent_carrier.gd:1036)
       [5] _run (res://tests/test_talent_carrier.gd:343)
       [6] _process (res://tests/test_talent_carrier.gd:332)
WARNING: [TalentRegistry] 拒绝注册天赋 test_rej_states_item_not_str：requires_states 的元素必须是状态 id 字符串，实际含 Dictionary
   at: push_warning (core/variant/variant_utility.cpp:1034)
   GDScript backtrace (most recent call first):
       [0] _reject (res://scripts/data/talent_registry.gd:224)
       [1] _build (res://scripts/data/talent_registry.gd:169)
       [2] _init (res://scripts/data/talent_registry.gd:139)
       [3] _make_registry (res://tests/test_talent_carrier.gd:914)
       [4] _test_event_index (res://tests/test_talent_carrier.gd:1036)
       [5] _run (res://tests/test_talent_carrier.gd:343)
       [6] _process (res://tests/test_talent_carrier.gd:332)
WARNING: [TalentRegistry] 拒绝注册天赋 test_rej_effects_not_array：engine_effects 必须是数组，实际是 Dictionary
   at: push_warning (core/variant/variant_utility.cpp:1034)
   GDScript backtrace (most recent call first):
       [0] _reject (res://scripts/data/talent_registry.gd:224)
       [1] _build (res://scripts/data/talent_registry.gd:169)
       [2] _init (res://scripts/data/talent_registry.gd:139)
       [3] _make_registry (res://tests/test_talent_carrier.gd:914)
       [4] _test_event_index (res://tests/test_talent_carrier.gd:1036)
       [5] _run (res://tests/test_talent_carrier.gd:343)
       [6] _process (res://tests/test_talent_carrier.gd:332)
WARNING: [TalentRegistry] 拒绝注册天赋 test_rej_effects_item_not_dict：engine_effects 含非字典项（String）
   at: push_warning (core/variant/variant_utility.cpp:1034)
   GDScript backtrace (most recent call first):
       [0] _reject (res://scripts/data/talent_registry.gd:224)
       [1] _build (res://scripts/data/talent_registry.gd:169)
       [2] _init (res://scripts/data/talent_registry.gd:139)
       [3] _make_registry (res://tests/test_talent_carrier.gd:914)
       [4] _test_event_index (res://tests/test_talent_carrier.gd:1036)
       [5] _run (res://tests/test_talent_carrier.gd:343)
       [6] _process (res://tests/test_talent_carrier.gd:332)
WARNING: [TalentRegistry] 拒绝注册天赋 test_rej_offhand_no_dtype：offhand_followup 的 damage_type「」未支持（当前支持 ["physical", "magical", "pure"]）
   at: push_warning (core/variant/variant_utility.cpp:1034)
   GDScript backtrace (most recent call first):
       [0] _reject (res://scripts/data/talent_registry.gd:224)
       [1] _build (res://scripts/data/talent_registry.gd:169)
       [2] _init (res://scripts/data/talent_registry.gd:139)
       [3] _make_registry (res://tests/test_talent_carrier.gd:914)
       [4] _test_event_index (res://tests/test_talent_carrier.gd:1036)
       [5] _run (res://tests/test_talent_carrier.gd:343)
       [6] _process (res://tests/test_talent_carrier.gd:332)
WARNING: [TalentRegistry] 拒绝注册天赋 test_rej_offhand_bad_pct：offhand_followup 的 damage_pct 必须是数字，实际是 String
   at: push_warning (core/variant/variant_utility.cpp:1034)
   GDScript backtrace (most recent call first):
       [0] _reject (res://scripts/data/talent_registry.gd:224)
       [1] _build (res://scripts/data/talent_registry.gd:169)
       [2] _init (res://scripts/data/talent_registry.gd:139)
       [3] _make_registry (res://tests/test_talent_carrier.gd:914)
       [4] _test_event_index (res://tests/test_talent_carrier.gd:1036)
       [5] _run (res://tests/test_talent_carrier.gd:343)
       [6] _process (res://tests/test_talent_carrier.gd:332)
WARNING: [TalentRegistry] 拒绝注册天赋 test_rej_id_mismatch：条目内 id「另一个id」与注册键「test_rej_id_mismatch」不一致
   at: push_warning (core/variant/variant_utility.cpp:1034)
   GDScript backtrace (most recent call first):
       [0] _reject (res://scripts/data/talent_registry.gd:224)
       [1] _build (res://scripts/data/talent_registry.gd:153)
       [2] _init (res://scripts/data/talent_registry.gd:139)
       [3] _make_registry (res://tests/test_talent_carrier.gd:914)
       [4] _test_event_index (res://tests/test_talent_carrier.gd:1036)
       [5] _run (res://tests/test_talent_carrier.gd:343)
       [6] _process (res://tests/test_talent_carrier.gd:332)
  ✓ 「击杀时」桶里的行数与夹具推导一致
  ✓ 「命中后」桶里的行数与夹具推导一致
  ✓ 「造成伤害时」桶里的行数与夹具推导一致
  ✓ 「执行攻击动作时」桶里的行数与夹具推导一致
  ✓ 「命中时」桶里的行数与夹具推导一致
  ✓ 「暴击时」桶里的行数与夹具推导一致
  ✓ 「受到攻击时」下 1 张（Wave 4 已接，交刃）
  ✓ 那一张是交刃
  ✓ 「单位回合开始时」下 0 张（回合结构事件仍未接）
  ✓ 未知事件下 0 张

[E] 附加触发行（extra_triggers 子表）
  ✓ 二天一流已装载
  ✓ 二天一流注册成功（主行常驻不算缺行）
  ✓ 常驻事件「永久生效」不进事件桶
  ✓ 「执行攻击动作时」桶里有 1 行
  ✓ 该行属于二天一流
  ✓ 该行是附加行而非主行
  ✓ 附加行带自己的 requires_states
  ✓ 附加行 condition_model=states
  ✓ 卡级 requires_states 为空（证明两者确实分开）
  ✓ 纯常驻卡注册成功
  ✓ 纯常驻卡进了常驻索引
  ✓ 纯常驻卡不进「永久生效」事件桶
WARNING: [TalentRegistry] 拒绝注册天赋 passive_bad：engine_effects 含未知 type「summon_dragon」（当前支持 ["gain_resource", "offhand_followup", "unlock_offhand_weapon_effect", "empower_next_offhand", "more_damage_from_stat", "offhand_recursive_followup", "parry_damage_reduction"]）
   at: push_warning (core/variant/variant_utility.cpp:1034)
   GDScript backtrace (most recent call first):
       [0] _reject (res://scripts/data/talent_registry.gd:224)
       [1] _build (res://scripts/data/talent_registry.gd:169)
       [2] _init (res://scripts/data/talent_registry.gd:139)
       [3] _make_registry (res://tests/test_talent_carrier.gd:914)
       [4] _test_extra_triggers (res://tests/test_talent_carrier.gd:414)
       [5] _run (res://tests/test_talent_carrier.gd:344)
       [6] _process (res://tests/test_talent_carrier.gd:332)
  ✓ 常驻卡的效果照样过校验（未知 type 仍拒）
WARNING: [TalentRegistry] 拒绝注册天赋 bad_extra：触发行 extra[0] 的事件「单位回合开始时」引擎不分发（当前支持 ["命中后", "造成伤害时", "击杀时", "执行攻击动作时", "命中时", "暴击时", "受到攻击时"]）
   at: push_warning (core/variant/variant_utility.cpp:1034)
   GDScript backtrace (most recent call first):
       [0] _reject (res://scripts/data/talent_registry.gd:224)
       [1] _build (res://scripts/data/talent_registry.gd:169)
       [2] _init (res://scripts/data/talent_registry.gd:139)
       [3] _make_registry (res://tests/test_talent_carrier.gd:914)
       [4] _test_extra_triggers (res://tests/test_talent_carrier.gd:433)
       [5] _run (res://tests/test_talent_carrier.gd:344)
       [6] _process (res://tests/test_talent_carrier.gd:332)
  ✓ 附加行是未接事件（回合结构，仍未接）→ 整卡被拒
  ✓ 拒绝理由指明是附加行
  ✓ 整卡拒后「击杀时」桶里也没有它（不半生效）

[C2] 三事件真实分发（真实战斗流程，非模拟）
  ✓ autoload DataLoader 可达
[Grid] Initialized 8x8 map: test_arena
[TacticalScene] Units spawned: 6
[TurnManager] Round 1 queue: [剑圣(player), 弓箭手(enemy), 枪兵(enemy), 法师(enemy), 不灭木桩(enemy), 复活木桩(enemy)]
[TurnManager] Turn: 剑圣 (player)
  ✓ 场景中找到剑圣与敌人
[Attack] 剑圣→枪兵 | hit=true | crit=false | dmg=16
[SwordQi] 剑圣 +10 qi on hit → 10
  ✓ talent_ids 为空 → 只有普攻的 10 气，天赋零触发
WARNING: [TalentRegistry] 拒绝注册天赋 test_rej_unevaluable：依赖的状态「test_state_unevaluable」未在 data/states/ 注册
   at: push_warning (core/variant/variant_utility.cpp:1034)
   GDScript backtrace (most recent call first):
       [0] _reject (res://scripts/data/talent_registry.gd:224)
       [1] _build (res://scripts/data/talent_registry.gd:169)
       [2] _init (res://scripts/data/talent_registry.gd:139)
       [3] _ensure_talent_registry (res://scripts/core/tactical_manager.gd:2605)
       [4] _dispatch_talents (res://scripts/core/tactical_manager.gd:2613)
       [5] _execute_hostile_action (res://scripts/core/tactical_manager.gd:1736)
       [6] _test_dispatch_integration (res://tests/test_talent_carrier.gd:1108)
       [7] _run (res://tests/test_talent_carrier.gd:345)
       [8] _process (res://tests/test_talent_carrier.gd:332)
WARNING: [TalentRegistry] 拒绝注册天赋 test_rej_unknown_state：依赖的状态「wu_you_ci_state」未在 data/states/ 注册
   at: push_warning (core/variant/variant_utility.cpp:1034)
   GDScript backtrace (most recent call first):
       [0] _reject (res://scripts/data/talent_registry.gd:224)
       [1] _build (res://scripts/data/talent_registry.gd:169)
       [2] _init (res://scripts/data/talent_registry.gd:139)
       [3] _ensure_talent_registry (res://scripts/core/tactical_manager.gd:2605)
       [4] _dispatch_talents (res://scripts/core/tactical_manager.gd:2613)
       [5] _execute_hostile_action (res://scripts/core/tactical_manager.gd:1736)
       [6] _test_dispatch_integration (res://tests/test_talent_carrier.gd:1108)
       [7] _run (res://tests/test_talent_carrier.gd:345)
       [8] _process (res://tests/test_talent_carrier.gd:332)
WARNING: [TalentRegistry] 拒绝注册天赋 test_rej_unsupported：触发行 main 的 condition_model=unsupported：条件含引擎尚不能表达的部分，按「宁可不注册」拒收
   at: push_warning (core/variant/variant_utility.cpp:1034)
   GDScript backtrace (most recent call first):
       [0] _reject (res://scripts/data/talent_registry.gd:224)
       [1] _build (res://scripts/data/talent_registry.gd:169)
       [2] _init (res://scripts/data/talent_registry.gd:139)
       [3] _ensure_talent_registry (res://scripts/core/tactical_manager.gd:2605)
       [4] _dispatch_talents (res://scripts/core/tactical_manager.gd:2613)
       [5] _execute_hostile_action (res://scripts/core/tactical_manager.gd:1736)
       [6] _test_dispatch_integration (res://tests/test_talent_carrier.gd:1108)
       [7] _run (res://tests/test_talent_carrier.gd:345)
       [8] _process (res://tests/test_talent_carrier.gd:332)
WARNING: [TalentRegistry] 拒绝注册天赋 test_rej_unsupported_event：触发行 main 的事件「单位回合开始时」引擎不分发（当前支持 ["命中后", "造成伤害时", "击杀时", "执行攻击动作时", "命中时", "暴击时", "受到攻击时"]）
   at: push_warning (core/variant/variant_utility.cpp:1034)
   GDScript backtrace (most recent call first):
       [0] _reject (res://scripts/data/talent_registry.gd:224)
       [1] _build (res://scripts/data/talent_registry.gd:169)
       [2] _init (res://scripts/data/talent_registry.gd:139)
       [3] _ensure_talent_registry (res://scripts/core/tactical_manager.gd:2605)
       [4] _dispatch_talents (res://scripts/core/tactical_manager.gd:2613)
       [5] _execute_hostile_action (res://scripts/core/tactical_manager.gd:1736)
       [6] _test_dispatch_integration (res://tests/test_talent_carrier.gd:1108)
       [7] _run (res://tests/test_talent_carrier.gd:345)
       [8] _process (res://tests/test_talent_carrier.gd:332)
WARNING: [TalentRegistry] 拒绝注册天赋 test_rej_frequency：触发频率「每回合」未实装（当前只支持 ["每次"]），拒收而非当作不限次
   at: push_warning (core/variant/variant_utility.cpp:1034)
   GDScript backtrace (most recent call first):
       [0] _reject (res://scripts/data/talent_registry.gd:224)
       [1] _build (res://scripts/data/talent_registry.gd:169)
       [2] _init (res://scripts/data/talent_registry.gd:139)
       [3] _ensure_talent_registry (res://scripts/core/tactical_manager.gd:2605)
       [4] _dispatch_talents (res://scripts/core/tactical_manager.gd:2613)
       [5] _execute_hostile_action (res://scripts/core/tactical_manager.gd:1736)
       [6] _test_dispatch_integration (res://tests/test_talent_carrier.gd:1108)
       [7] _run (res://tests/test_talent_carrier.gd:345)
       [8] _process (res://tests/test_talent_carrier.gd:332)
WARNING: [TalentRegistry] 拒绝注册天赋 test_rej_unknown_effect：engine_effects 含未知 type「teleport_to_moon」（当前支持 ["gain_resource", "offhand_followup", "unlock_offhand_weapon_effect", "empower_next_offhand", "more_damage_from_stat", "offhand_recursive_followup", "parry_damage_reduction"]）
   at: push_warning (core/variant/variant_utility.cpp:1034)
   GDScript backtrace (most recent call first):
       [0] _reject (res://scripts/data/talent_registry.gd:224)
       [1] _build (res://scripts/data/talent_registry.gd:169)
       [2] _init (res://scripts/data/talent_registry.gd:139)
       [3] _ensure_talent_registry (res://scripts/core/tactical_manager.gd:2605)
       [4] _dispatch_talents (res://scripts/core/tactical_manager.gd:2613)
       [5] _execute_hostile_action (res://scripts/core/tactical_manager.gd:1736)
       [6] _test_dispatch_integration (res://tests/test_talent_carrier.gd:1108)
       [7] _run (res://tests/test_talent_carrier.gd:345)
       [8] _process (res://tests/test_talent_carrier.gd:332)
WARNING: [TalentRegistry] 拒绝注册天赋 test_rej_condition_mismatch：condition_model=none 但 trigger_condition 非空（「处于〔背水〕状态」）——声明与设计库镜像矛盾
   at: push_warning (core/variant/variant_utility.cpp:1034)
   GDScript backtrace (most recent call first):
       [0] _reject (res://scripts/data/talent_registry.gd:224)
       [1] _build (res://scripts/data/talent_registry.gd:169)
       [2] _init (res://scripts/data/talent_registry.gd:139)
       [3] _ensure_talent_registry (res://scripts/core/tactical_manager.gd:2605)
       [4] _dispatch_talents (res://scripts/core/tactical_manager.gd:2613)
       [5] _execute_hostile_action (res://scripts/core/tactical_manager.gd:1736)
       [6] _test_dispatch_integration (res://tests/test_talent_carrier.gd:1108)
       [7] _run (res://tests/test_talent_carrier.gd:345)
       [8] _process (res://tests/test_talent_carrier.gd:332)
WARNING: [TalentRegistry] 拒绝注册天赋 test_rej_no_effects：engine_effects 为空——没有可执行的效果，注册了也是死卡
   at: push_warning (core/variant/variant_utility.cpp:1034)
   GDScript backtrace (most recent call first):
       [0] _reject (res://scripts/data/talent_registry.gd:224)
       [1] _build (res://scripts/data/talent_registry.gd:169)
       [2] _init (res://scripts/data/talent_registry.gd:139)
       [3] _ensure_talent_registry (res://scripts/core/tactical_manager.gd:2605)
       [4] _dispatch_talents (res://scripts/core/tactical_manager.gd:2613)
       [5] _execute_hostile_action (res://scripts/core/tactical_manager.gd:1736)
       [6] _test_dispatch_integration (res://tests/test_talent_carrier.gd:1108)
       [7] _run (res://tests/test_talent_carrier.gd:345)
       [8] _process (res://tests/test_talent_carrier.gd:332)
WARNING: [TalentRegistry] 拒绝注册天赋 test_rej_states_empty：condition_model=states 但 requires_states / requires_contexts / requires_turn_phase 全为空——声明与数据矛盾
   at: push_warning (core/variant/variant_utility.cpp:1034)
   GDScript backtrace (most recent call first):
       [0] _reject (res://scripts/data/talent_registry.gd:224)
       [1] _build (res://scripts/data/talent_registry.gd:169)
       [2] _init (res://scripts/data/talent_registry.gd:139)
       [3] _ensure_talent_registry (res://scripts/core/tactical_manager.gd:2605)
       [4] _dispatch_talents (res://scripts/core/tactical_manager.gd:2613)
       [5] _execute_hostile_action (res://scripts/core/tactical_manager.gd:1736)
       [6] _test_dispatch_integration (res://tests/test_talent_carrier.gd:1108)
       [7] _run (res://tests/test_talent_carrier.gd:345)
       [8] _process (res://tests/test_talent_carrier.gd:332)
WARNING: [TalentRegistry] 拒绝注册天赋 test_rej_no_event：无任何触发行（主行缺 trigger_event 且无 extra_triggers）
   at: push_warning (core/variant/variant_utility.cpp:1034)
   GDScript backtrace (most recent call first):
       [0] _reject (res://scripts/data/talent_registry.gd:224)
       [1] _build (res://scripts/data/talent_registry.gd:157)
       [2] _init (res://scripts/data/talent_registry.gd:139)
       [3] _ensure_talent_registry (res://scripts/core/tactical_manager.gd:2605)
       [4] _dispatch_talents (res://scripts/core/tactical_manager.gd:2613)
       [5] _execute_hostile_action (res://scripts/core/tactical_manager.gd:1736)
       [6] _test_dispatch_integration (res://tests/test_talent_carrier.gd:1108)
       [7] _run (res://tests/test_talent_carrier.gd:345)
       [8] _process (res://tests/test_talent_carrier.gd:332)
WARNING: [TalentRegistry] 拒绝注册天赋 test_rej_no_model：触发行 main 缺 condition_model（必须显式声明条件的引擎表达力）
   at: push_warning (core/variant/variant_utility.cpp:1034)
   GDScript backtrace (most recent call first):
       [0] _reject (res://scripts/data/talent_registry.gd:224)
       [1] _build (res://scripts/data/talent_registry.gd:169)
       [2] _init (res://scripts/data/talent_registry.gd:139)
       [3] _ensure_talent_registry (res://scripts/core/tactical_manager.gd:2605)
       [4] _dispatch_talents (res://scripts/core/tactical_manager.gd:2613)
       [5] _execute_hostile_action (res://scripts/core/tactical_manager.gd:1736)
       [6] _test_dispatch_integration (res://tests/test_talent_carrier.gd:1108)
       [7] _run (res://tests/test_talent_carrier.gd:345)
       [8] _process (res://tests/test_talent_carrier.gd:332)
WARNING: [TalentRegistry] 拒绝注册天赋 test_rej_bad_model：触发行 main 的 condition_model「States」非法，合法值 ["none", "states", "unsupported"]
   at: push_warning (core/variant/variant_utility.cpp:1034)
   GDScript backtrace (most recent call first):
       [0] _reject (res://scripts/data/talent_registry.gd:224)
       [1] _build (res://scripts/data/talent_registry.gd:169)
       [2] _init (res://scripts/data/talent_registry.gd:139)
       [3] _ensure_talent_registry (res://scripts/core/tactical_manager.gd:2605)
       [4] _dispatch_talents (res://scripts/core/tactical_manager.gd:2613)
       [5] _execute_hostile_action (res://scripts/core/tactical_manager.gd:1736)
       [6] _test_dispatch_integration (res://tests/test_talent_carrier.gd:1108)
       [7] _run (res://tests/test_talent_carrier.gd:345)
       [8] _process (res://tests/test_talent_carrier.gd:332)
WARNING: [TalentRegistry] 拒绝注册天赋 test_rej_bad_resource：gain_resource 的 resource「gold」未支持（当前支持 ["qi", "mark"]）
   at: push_warning (core/variant/variant_utility.cpp:1034)
   GDScript backtrace (most recent call first):
       [0] _reject (res://scripts/data/talent_registry.gd:224)
       [1] _build (res://scripts/data/talent_registry.gd:169)
       [2] _init (res://scripts/data/talent_registry.gd:139)
       [3] _ensure_talent_registry (res://scripts/core/tactical_manager.gd:2605)
       [4] _dispatch_talents (res://scripts/core/tactical_manager.gd:2613)
       [5] _execute_hostile_action (res://scripts/core/tactical_manager.gd:1736)
       [6] _test_dispatch_integration (res://tests/test_talent_carrier.gd:1108)
       [7] _run (res://tests/test_talent_carrier.gd:345)
       [8] _process (res://tests/test_talent_carrier.gd:332)
WARNING: [TalentRegistry] 拒绝注册天赋 test_rej_amount_zero：gain_resource 的 amount 必须为正整数，实际 0
   at: push_warning (core/variant/variant_utility.cpp:1034)
   GDScript backtrace (most recent call first):
       [0] _reject (res://scripts/data/talent_registry.gd:224)
       [1] _build (res://scripts/data/talent_registry.gd:169)
       [2] _init (res://scripts/data/talent_registry.gd:139)
       [3] _ensure_talent_registry (res://scripts/core/tactical_manager.gd:2605)
       [4] _dispatch_talents (res://scripts/core/tactical_manager.gd:2613)
       [5] _execute_hostile_action (res://scripts/core/tactical_manager.gd:1736)
       [6] _test_dispatch_integration (res://tests/test_talent_carrier.gd:1108)
       [7] _run (res://tests/test_talent_carrier.gd:345)
       [8] _process (res://tests/test_talent_carrier.gd:332)
WARNING: [TalentRegistry] 拒绝注册天赋 test_rej_amount_str：gain_resource 的 amount 必须是数字，实际是 String
   at: push_warning (core/variant/variant_utility.cpp:1034)
   GDScript backtrace (most recent call first):
       [0] _reject (res://scripts/data/talent_registry.gd:224)
       [1] _build (res://scripts/data/talent_registry.gd:169)
       [2] _init (res://scripts/data/talent_registry.gd:139)
       [3] _ensure_talent_registry (res://scripts/core/tactical_manager.gd:2605)
       [4] _dispatch_talents (res://scripts/core/tactical_manager.gd:2613)
       [5] _execute_hostile_action (res://scripts/core/tactical_manager.gd:1736)
       [6] _test_dispatch_integration (res://tests/test_talent_carrier.gd:1108)
       [7] _run (res://tests/test_talent_carrier.gd:345)
       [8] _process (res://tests/test_talent_carrier.gd:332)
WARNING: [TalentRegistry] 拒绝注册天赋 test_rej_amount_fraction：gain_resource 的 amount 必须是整数值，实际 2.5 含小数部分
   at: push_warning (core/variant/variant_utility.cpp:1034)
   GDScript backtrace (most recent call first):
       [0] _reject (res://scripts/data/talent_registry.gd:224)
       [1] _build (res://scripts/data/talent_registry.gd:169)
       [2] _init (res://scripts/data/talent_registry.gd:139)
       [3] _ensure_talent_registry (res://scripts/core/tactical_manager.gd:2605)
       [4] _dispatch_talents (res://scripts/core/tactical_manager.gd:2613)
       [5] _execute_hostile_action (res://scripts/core/tactical_manager.gd:1736)
       [6] _test_dispatch_integration (res://tests/test_talent_carrier.gd:1108)
       [7] _run (res://tests/test_talent_carrier.gd:345)
       [8] _process (res://tests/test_talent_carrier.gd:332)
WARNING: [TalentRegistry] 拒绝注册天赋 test_rej_amount_huge：gain_resource 的 amount 999999 超出合理上限 999（疑似手误多打了位数）
   at: push_warning (core/variant/variant_utility.cpp:1034)
   GDScript backtrace (most recent call first):
       [0] _reject (res://scripts/data/talent_registry.gd:224)
       [1] _build (res://scripts/data/talent_registry.gd:169)
       [2] _init (res://scripts/data/talent_registry.gd:139)
       [3] _ensure_talent_registry (res://scripts/core/tactical_manager.gd:2605)
       [4] _dispatch_talents (res://scripts/core/tactical_manager.gd:2613)
       [5] _execute_hostile_action (res://scripts/core/tactical_manager.gd:1736)
       [6] _test_dispatch_integration (res://tests/test_talent_carrier.gd:1108)
       [7] _run (res://tests/test_talent_carrier.gd:345)
       [8] _process (res://tests/test_talent_carrier.gd:332)
WARNING: [TalentRegistry] 拒绝注册天赋 test_rej_states_not_array：requires_states 必须是数组，实际是 String（写成裸字符串会绕过状态依赖检查）
   at: push_warning (core/variant/variant_utility.cpp:1034)
   GDScript backtrace (most recent call first):
       [0] _reject (res://scripts/data/talent_registry.gd:224)
       [1] _build (res://scripts/data/talent_registry.gd:169)
       [2] _init (res://scripts/data/talent_registry.gd:139)
       [3] _ensure_talent_registry (res://scripts/core/tactical_manager.gd:2605)
       [4] _dispatch_talents (res://scripts/core/tactical_manager.gd:2613)
       [5] _execute_hostile_action (res://scripts/core/tactical_manager.gd:1736)
       [6] _test_dispatch_integration (res://tests/test_talent_carrier.gd:1108)
       [7] _run (res://tests/test_talent_carrier.gd:345)
       [8] _process (res://tests/test_talent_carrier.gd:332)
WARNING: [TalentRegistry] 拒绝注册天赋 test_rej_states_item_not_str：requires_states 的元素必须是状态 id 字符串，实际含 Dictionary
   at: push_warning (core/variant/variant_utility.cpp:1034)
   GDScript backtrace (most recent call first):
       [0] _reject (res://scripts/data/talent_registry.gd:224)
       [1] _build (res://scripts/data/talent_registry.gd:169)
       [2] _init (res://scripts/data/talent_registry.gd:139)
       [3] _ensure_talent_registry (res://scripts/core/tactical_manager.gd:2605)
       [4] _dispatch_talents (res://scripts/core/tactical_manager.gd:2613)
       [5] _execute_hostile_action (res://scripts/core/tactical_manager.gd:1736)
       [6] _test_dispatch_integration (res://tests/test_talent_carrier.gd:1108)
       [7] _run (res://tests/test_talent_carrier.gd:345)
       [8] _process (res://tests/test_talent_carrier.gd:332)
WARNING: [TalentRegistry] 拒绝注册天赋 test_rej_effects_not_array：engine_effects 必须是数组，实际是 Dictionary
   at: push_warning (core/variant/variant_utility.cpp:1034)
   GDScript backtrace (most recent call first):
       [0] _reject (res://scripts/data/talent_registry.gd:224)
       [1] _build (res://scripts/data/talent_registry.gd:169)
       [2] _init (res://scripts/data/talent_registry.gd:139)
       [3] _ensure_talent_registry (res://scripts/core/tactical_manager.gd:2605)
       [4] _dispatch_talents (res://scripts/core/tactical_manager.gd:2613)
       [5] _execute_hostile_action (res://scripts/core/tactical_manager.gd:1736)
       [6] _test_dispatch_integration (res://tests/test_talent_carrier.gd:1108)
       [7] _run (res://tests/test_talent_carrier.gd:345)
       [8] _process (res://tests/test_talent_carrier.gd:332)
WARNING: [TalentRegistry] 拒绝注册天赋 test_rej_effects_item_not_dict：engine_effects 含非字典项（String）
   at: push_warning (core/variant/variant_utility.cpp:1034)
   GDScript backtrace (most recent call first):
       [0] _reject (res://scripts/data/talent_registry.gd:224)
       [1] _build (res://scripts/data/talent_registry.gd:169)
       [2] _init (res://scripts/data/talent_registry.gd:139)
       [3] _ensure_talent_registry (res://scripts/core/tactical_manager.gd:2605)
       [4] _dispatch_talents (res://scripts/core/tactical_manager.gd:2613)
       [5] _execute_hostile_action (res://scripts/core/tactical_manager.gd:1736)
       [6] _test_dispatch_integration (res://tests/test_talent_carrier.gd:1108)
       [7] _run (res://tests/test_talent_carrier.gd:345)
       [8] _process (res://tests/test_talent_carrier.gd:332)
WARNING: [TalentRegistry] 拒绝注册天赋 test_rej_offhand_no_dtype：offhand_followup 的 damage_type「」未支持（当前支持 ["physical", "magical", "pure"]）
   at: push_warning (core/variant/variant_utility.cpp:1034)
   GDScript backtrace (most recent call first):
       [0] _reject (res://scripts/data/talent_registry.gd:224)
       [1] _build (res://scripts/data/talent_registry.gd:169)
       [2] _init (res://scripts/data/talent_registry.gd:139)
       [3] _ensure_talent_registry (res://scripts/core/tactical_manager.gd:2605)
       [4] _dispatch_talents (res://scripts/core/tactical_manager.gd:2613)
       [5] _execute_hostile_action (res://scripts/core/tactical_manager.gd:1736)
       [6] _test_dispatch_integration (res://tests/test_talent_carrier.gd:1108)
       [7] _run (res://tests/test_talent_carrier.gd:345)
       [8] _process (res://tests/test_talent_carrier.gd:332)
WARNING: [TalentRegistry] 拒绝注册天赋 test_rej_offhand_bad_pct：offhand_followup 的 damage_pct 必须是数字，实际是 String
   at: push_warning (core/variant/variant_utility.cpp:1034)
   GDScript backtrace (most recent call first):
       [0] _reject (res://scripts/data/talent_registry.gd:224)
       [1] _build (res://scripts/data/talent_registry.gd:169)
       [2] _init (res://scripts/data/talent_registry.gd:139)
       [3] _ensure_talent_registry (res://scripts/core/tactical_manager.gd:2605)
       [4] _dispatch_talents (res://scripts/core/tactical_manager.gd:2613)
       [5] _execute_hostile_action (res://scripts/core/tactical_manager.gd:1736)
       [6] _test_dispatch_integration (res://tests/test_talent_carrier.gd:1108)
       [7] _run (res://tests/test_talent_carrier.gd:345)
       [8] _process (res://tests/test_talent_carrier.gd:332)
WARNING: [TalentRegistry] 拒绝注册天赋 test_rej_id_mismatch：条目内 id「另一个id」与注册键「test_rej_id_mismatch」不一致
   at: push_warning (core/variant/variant_utility.cpp:1034)
   GDScript backtrace (most recent call first):
       [0] _reject (res://scripts/data/talent_registry.gd:224)
       [1] _build (res://scripts/data/talent_registry.gd:153)
       [2] _init (res://scripts/data/talent_registry.gd:139)
       [3] _ensure_talent_registry (res://scripts/core/tactical_manager.gd:2605)
       [4] _dispatch_talents (res://scripts/core/tactical_manager.gd:2613)
       [5] _execute_hostile_action (res://scripts/core/tactical_manager.gd:1736)
       [6] _test_dispatch_integration (res://tests/test_talent_carrier.gd:1108)
       [7] _run (res://tests/test_talent_carrier.gd:345)
       [8] _process (res://tests/test_talent_carrier.gd:332)
[Attack] 剑圣→枪兵 | hit=true | crit=false | dmg=16
[SwordQi] 剑圣 +10 qi on hit → 10
  ✓ 装了被拒/不存在的 id → 仍只有普攻 10 气
[Attack] 剑圣→枪兵 | hit=true | crit=false | dmg=16
[SwordQi] 剑圣 +10 qi on hit → 10
[Talent] 剑圣 「test_ok_hit_after」→ +3 剑气 → 13
[Talent] 剑圣 「test_ok_on_damage」→ +5 剑气 → 18
  ✓ 命中+有伤害+不死 → 10(普攻) + 3(命中后) + 5(造成伤害时) == 18
[Attack] 剑圣→枪兵 | hit=true | crit=false | dmg=0
[SwordQi] 剑圣 +10 qi on hit → 10
[Talent] 剑圣 「test_ok_hit_after」→ +3 剑气 → 13
  ✓ 命中但伤害为 0 → 10(普攻) + 3(命中后) == 13，造成伤害时不触发
[Attack] 剑圣→枪兵 | hit=true | crit=false | dmg=16
[TacticalManager] 枪兵 (enemy) died at (5, 2) | HP=0
[TacticalScene] Unit killed: 枪兵 (enemy) | remaining: 5
[SwordQi] 剑圣 +10 qi on hit → 10
[Talent] 剑圣 「test_ok_hit_after」→ +3 剑气 → 13
[Talent] 剑圣 「test_ok_on_damage」→ +5 剑气 → 18
[Talent] 剑圣 「myrmidon_jiecuo」→ +20 剑气 → 38
  ✓ 击杀成功（敌人已死）
  ✓ 击杀 → 三事件全触发，含介错 +20 → 38
[Attack] 剑圣→枪兵 | hit=true | crit=false | dmg=16
[SwordQi] 剑圣 +10 qi on hit → 10
  ✓ 持有者满血（非背水）→ 依赖背水的天赋不触发，只有普攻 10 气
[Attack] 剑圣→枪兵 | hit=true | crit=false | dmg=16
[SwordQi] 剑圣 +10 qi on hit → 10
[Talent] 剑圣 「test_ok_needs_beishui」→ +7 剑气 → 17
  ✓ 持有者 HP 30%（背水成立）→ 触发 +7 → 17
[Attack] 剑圣→枪兵 | hit=true | crit=false | dmg=16
[SwordQi] 剑圣 +10 qi on hit → 10
  ✓ 持有者回血到 80%（脱离背水）→ 又不触发 → 10
[Attack] 剑圣→枪兵 | hit=false | crit=false | dmg=0
[Attack] 剑圣→枪兵 | hit=false | crit=false | dmg=0
[Attack] 剑圣→枪兵 | hit=false | crit=false | dmg=0
[Attack] 剑圣→枪兵 | hit=false | crit=false | dmg=0
[Attack] 剑圣→枪兵 | hit=false | crit=false | dmg=0
[Attack] 剑圣→枪兵 | hit=false | crit=false | dmg=0
[Attack] 剑圣→枪兵 | hit=false | crit=false | dmg=0
[Attack] 剑圣→枪兵 | hit=false | crit=false | dmg=0
[Attack] 剑圣→枪兵 | hit=false | crit=false | dmg=0
[Attack] 剑圣→枪兵 | hit=false | crit=false | dmg=0
[Attack] 剑圣→枪兵 | hit=false | crit=false | dmg=0
[Attack] 剑圣→枪兵 | hit=false | crit=false | dmg=0
  ✓ 12 次攻击里至少观察到一次未命中（命中率已压到 1% 下限）
  ✓ 每一次未命中都没产生任何剑气（三事件全不触发，普攻也不产气）

[F] 副手追加攻击（独立结算命中/暴击，不重复主手副作用）
[Grid] Initialized 8x8 map: test_arena
[TacticalScene] Units spawned: 6
[TurnManager] Round 1 queue: [剑圣(player), 弓箭手(enemy), 枪兵(enemy), 法师(enemy), 不灭木桩(enemy), 复活木桩(enemy)]
[TurnManager] Turn: 剑圣 (player)
WARNING: [TalentRegistry] 拒绝注册天赋 test_rej_unevaluable：依赖的状态「test_state_unevaluable」未在 data/states/ 注册
   at: push_warning (core/variant/variant_utility.cpp:1034)
   GDScript backtrace (most recent call first):
       [0] _reject (res://scripts/data/talent_registry.gd:224)
       [1] _build (res://scripts/data/talent_registry.gd:169)
       [2] _init (res://scripts/data/talent_registry.gd:139)
       [3] _ensure_talent_registry (res://scripts/core/tactical_manager.gd:2605)
       [4] _dispatch_talents (res://scripts/core/tactical_manager.gd:2613)
       [5] _execute_hostile_action (res://scripts/core/tactical_manager.gd:1736)
       [6] _test_offhand_followup (res://tests/test_talent_carrier.gd:477)
       [7] _run (res://tests/test_talent_carrier.gd:346)
       [8] _process (res://tests/test_talent_carrier.gd:332)
WARNING: [TalentRegistry] 拒绝注册天赋 test_rej_unknown_state：依赖的状态「wu_you_ci_state」未在 data/states/ 注册
   at: push_warning (core/variant/variant_utility.cpp:1034)
   GDScript backtrace (most recent call first):
       [0] _reject (res://scripts/data/talent_registry.gd:224)
       [1] _build (res://scripts/data/talent_registry.gd:169)
       [2] _init (res://scripts/data/talent_registry.gd:139)
       [3] _ensure_talent_registry (res://scripts/core/tactical_manager.gd:2605)
       [4] _dispatch_talents (res://scripts/core/tactical_manager.gd:2613)
       [5] _execute_hostile_action (res://scripts/core/tactical_manager.gd:1736)
       [6] _test_offhand_followup (res://tests/test_talent_carrier.gd:477)
       [7] _run (res://tests/test_talent_carrier.gd:346)
       [8] _process (res://tests/test_talent_carrier.gd:332)
WARNING: [TalentRegistry] 拒绝注册天赋 test_rej_unsupported：触发行 main 的 condition_model=unsupported：条件含引擎尚不能表达的部分，按「宁可不注册」拒收
   at: push_warning (core/variant/variant_utility.cpp:1034)
   GDScript backtrace (most recent call first):
       [0] _reject (res://scripts/data/talent_registry.gd:224)
       [1] _build (res://scripts/data/talent_registry.gd:169)
       [2] _init (res://scripts/data/talent_registry.gd:139)
       [3] _ensure_talent_registry (res://scripts/core/tactical_manager.gd:2605)
       [4] _dispatch_talents (res://scripts/core/tactical_manager.gd:2613)
       [5] _execute_hostile_action (res://scripts/core/tactical_manager.gd:1736)
       [6] _test_offhand_followup (res://tests/test_talent_carrier.gd:477)
       [7] _run (res://tests/test_talent_carrier.gd:346)
       [8] _process (res://tests/test_talent_carrier.gd:332)
WARNING: [TalentRegistry] 拒绝注册天赋 test_rej_unsupported_event：触发行 main 的事件「单位回合开始时」引擎不分发（当前支持 ["命中后", "造成伤害时", "击杀时", "执行攻击动作时", "命中时", "暴击时", "受到攻击时"]）
   at: push_warning (core/variant/variant_utility.cpp:1034)
   GDScript backtrace (most recent call first):
       [0] _reject (res://scripts/data/talent_registry.gd:224)
       [1] _build (res://scripts/data/talent_registry.gd:169)
       [2] _init (res://scripts/data/talent_registry.gd:139)
       [3] _ensure_talent_registry (res://scripts/core/tactical_manager.gd:2605)
       [4] _dispatch_talents (res://scripts/core/tactical_manager.gd:2613)
       [5] _execute_hostile_action (res://scripts/core/tactical_manager.gd:1736)
       [6] _test_offhand_followup (res://tests/test_talent_carrier.gd:477)
       [7] _run (res://tests/test_talent_carrier.gd:346)
       [8] _process (res://tests/test_talent_carrier.gd:332)
WARNING: [TalentRegistry] 拒绝注册天赋 test_rej_frequency：触发频率「每回合」未实装（当前只支持 ["每次"]），拒收而非当作不限次
   at: push_warning (core/variant/variant_utility.cpp:1034)
   GDScript backtrace (most recent call first):
       [0] _reject (res://scripts/data/talent_registry.gd:224)
       [1] _build (res://scripts/data/talent_registry.gd:169)
       [2] _init (res://scripts/data/talent_registry.gd:139)
       [3] _ensure_talent_registry (res://scripts/core/tactical_manager.gd:2605)
       [4] _dispatch_talents (res://scripts/core/tactical_manager.gd:2613)
       [5] _execute_hostile_action (res://scripts/core/tactical_manager.gd:1736)
       [6] _test_offhand_followup (res://tests/test_talent_carrier.gd:477)
       [7] _run (res://tests/test_talent_carrier.gd:346)
       [8] _process (res://tests/test_talent_carrier.gd:332)
WARNING: [TalentRegistry] 拒绝注册天赋 test_rej_unknown_effect：engine_effects 含未知 type「teleport_to_moon」（当前支持 ["gain_resource", "offhand_followup", "unlock_offhand_weapon_effect", "empower_next_offhand", "more_damage_from_stat", "offhand_recursive_followup", "parry_damage_reduction"]）
   at: push_warning (core/variant/variant_utility.cpp:1034)
   GDScript backtrace (most recent call first):
       [0] _reject (res://scripts/data/talent_registry.gd:224)
       [1] _build (res://scripts/data/talent_registry.gd:169)
       [2] _init (res://scripts/data/talent_registry.gd:139)
       [3] _ensure_talent_registry (res://scripts/core/tactical_manager.gd:2605)
       [4] _dispatch_talents (res://scripts/core/tactical_manager.gd:2613)
       [5] _execute_hostile_action (res://scripts/core/tactical_manager.gd:1736)
       [6] _test_offhand_followup (res://tests/test_talent_carrier.gd:477)
       [7] _run (res://tests/test_talent_carrier.gd:346)
       [8] _process (res://tests/test_talent_carrier.gd:332)
WARNING: [TalentRegistry] 拒绝注册天赋 test_rej_condition_mismatch：condition_model=none 但 trigger_condition 非空（「处于〔背水〕状态」）——声明与设计库镜像矛盾
   at: push_warning (core/variant/variant_utility.cpp:1034)
   GDScript backtrace (most recent call first):
       [0] _reject (res://scripts/data/talent_registry.gd:224)
       [1] _build (res://scripts/data/talent_registry.gd:169)
       [2] _init (res://scripts/data/talent_registry.gd:139)
       [3] _ensure_talent_registry (res://scripts/core/tactical_manager.gd:2605)
       [4] _dispatch_talents (res://scripts/core/tactical_manager.gd:2613)
       [5] _execute_hostile_action (res://scripts/core/tactical_manager.gd:1736)
       [6] _test_offhand_followup (res://tests/test_talent_carrier.gd:477)
       [7] _run (res://tests/test_talent_carrier.gd:346)
       [8] _process (res://tests/test_talent_carrier.gd:332)
WARNING: [TalentRegistry] 拒绝注册天赋 test_rej_no_effects：engine_effects 为空——没有可执行的效果，注册了也是死卡
   at: push_warning (core/variant/variant_utility.cpp:1034)
   GDScript backtrace (most recent call first):
       [0] _reject (res://scripts/data/talent_registry.gd:224)
       [1] _build (res://scripts/data/talent_registry.gd:169)
       [2] _init (res://scripts/data/talent_registry.gd:139)
       [3] _ensure_talent_registry (res://scripts/core/tactical_manager.gd:2605)
       [4] _dispatch_talents (res://scripts/core/tactical_manager.gd:2613)
       [5] _execute_hostile_action (res://scripts/core/tactical_manager.gd:1736)
       [6] _test_offhand_followup (res://tests/test_talent_carrier.gd:477)
       [7] _run (res://tests/test_talent_carrier.gd:346)
       [8] _process (res://tests/test_talent_carrier.gd:332)
WARNING: [TalentRegistry] 拒绝注册天赋 test_rej_states_empty：condition_model=states 但 requires_states / requires_contexts / requires_turn_phase 全为空——声明与数据矛盾
   at: push_warning (core/variant/variant_utility.cpp:1034)
   GDScript backtrace (most recent call first):
       [0] _reject (res://scripts/data/talent_registry.gd:224)
       [1] _build (res://scripts/data/talent_registry.gd:169)
       [2] _init (res://scripts/data/talent_registry.gd:139)
       [3] _ensure_talent_registry (res://scripts/core/tactical_manager.gd:2605)
       [4] _dispatch_talents (res://scripts/core/tactical_manager.gd:2613)
       [5] _execute_hostile_action (res://scripts/core/tactical_manager.gd:1736)
       [6] _test_offhand_followup (res://tests/test_talent_carrier.gd:477)
       [7] _run (res://tests/test_talent_carrier.gd:346)
       [8] _process (res://tests/test_talent_carrier.gd:332)
WARNING: [TalentRegistry] 拒绝注册天赋 test_rej_no_event：无任何触发行（主行缺 trigger_event 且无 extra_triggers）
   at: push_warning (core/variant/variant_utility.cpp:1034)
   GDScript backtrace (most recent call first):
       [0] _reject (res://scripts/data/talent_registry.gd:224)
       [1] _build (res://scripts/data/talent_registry.gd:157)
       [2] _init (res://scripts/data/talent_registry.gd:139)
       [3] _ensure_talent_registry (res://scripts/core/tactical_manager.gd:2605)
       [4] _dispatch_talents (res://scripts/core/tactical_manager.gd:2613)
       [5] _execute_hostile_action (res://scripts/core/tactical_manager.gd:1736)
       [6] _test_offhand_followup (res://tests/test_talent_carrier.gd:477)
       [7] _run (res://tests/test_talent_carrier.gd:346)
       [8] _process (res://tests/test_talent_carrier.gd:332)
WARNING: [TalentRegistry] 拒绝注册天赋 test_rej_no_model：触发行 main 缺 condition_model（必须显式声明条件的引擎表达力）
   at: push_warning (core/variant/variant_utility.cpp:1034)
   GDScript backtrace (most recent call first):
       [0] _reject (res://scripts/data/talent_registry.gd:224)
       [1] _build (res://scripts/data/talent_registry.gd:169)
       [2] _init (res://scripts/data/talent_registry.gd:139)
       [3] _ensure_talent_registry (res://scripts/core/tactical_manager.gd:2605)
       [4] _dispatch_talents (res://scripts/core/tactical_manager.gd:2613)
       [5] _execute_hostile_action (res://scripts/core/tactical_manager.gd:1736)
       [6] _test_offhand_followup (res://tests/test_talent_carrier.gd:477)
       [7] _run (res://tests/test_talent_carrier.gd:346)
       [8] _process (res://tests/test_talent_carrier.gd:332)
WARNING: [TalentRegistry] 拒绝注册天赋 test_rej_bad_model：触发行 main 的 condition_model「States」非法，合法值 ["none", "states", "unsupported"]
   at: push_warning (core/variant/variant_utility.cpp:1034)
   GDScript backtrace (most recent call first):
       [0] _reject (res://scripts/data/talent_registry.gd:224)
       [1] _build (res://scripts/data/talent_registry.gd:169)
       [2] _init (res://scripts/data/talent_registry.gd:139)
       [3] _ensure_talent_registry (res://scripts/core/tactical_manager.gd:2605)
       [4] _dispatch_talents (res://scripts/core/tactical_manager.gd:2613)
       [5] _execute_hostile_action (res://scripts/core/tactical_manager.gd:1736)
       [6] _test_offhand_followup (res://tests/test_talent_carrier.gd:477)
       [7] _run (res://tests/test_talent_carrier.gd:346)
       [8] _process (res://tests/test_talent_carrier.gd:332)
WARNING: [TalentRegistry] 拒绝注册天赋 test_rej_bad_resource：gain_resource 的 resource「gold」未支持（当前支持 ["qi", "mark"]）
   at: push_warning (core/variant/variant_utility.cpp:1034)
   GDScript backtrace (most recent call first):
       [0] _reject (res://scripts/data/talent_registry.gd:224)
       [1] _build (res://scripts/data/talent_registry.gd:169)
       [2] _init (res://scripts/data/talent_registry.gd:139)
       [3] _ensure_talent_registry (res://scripts/core/tactical_manager.gd:2605)
       [4] _dispatch_talents (res://scripts/core/tactical_manager.gd:2613)
       [5] _execute_hostile_action (res://scripts/core/tactical_manager.gd:1736)
       [6] _test_offhand_followup (res://tests/test_talent_carrier.gd:477)
       [7] _run (res://tests/test_talent_carrier.gd:346)
       [8] _process (res://tests/test_talent_carrier.gd:332)
WARNING: [TalentRegistry] 拒绝注册天赋 test_rej_amount_zero：gain_resource 的 amount 必须为正整数，实际 0
   at: push_warning (core/variant/variant_utility.cpp:1034)
   GDScript backtrace (most recent call first):
       [0] _reject (res://scripts/data/talent_registry.gd:224)
       [1] _build (res://scripts/data/talent_registry.gd:169)
       [2] _init (res://scripts/data/talent_registry.gd:139)
       [3] _ensure_talent_registry (res://scripts/core/tactical_manager.gd:2605)
       [4] _dispatch_talents (res://scripts/core/tactical_manager.gd:2613)
       [5] _execute_hostile_action (res://scripts/core/tactical_manager.gd:1736)
       [6] _test_offhand_followup (res://tests/test_talent_carrier.gd:477)
       [7] _run (res://tests/test_talent_carrier.gd:346)
       [8] _process (res://tests/test_talent_carrier.gd:332)
WARNING: [TalentRegistry] 拒绝注册天赋 test_rej_amount_str：gain_resource 的 amount 必须是数字，实际是 String
   at: push_warning (core/variant/variant_utility.cpp:1034)
   GDScript backtrace (most recent call first):
       [0] _reject (res://scripts/data/talent_registry.gd:224)
       [1] _build (res://scripts/data/talent_registry.gd:169)
       [2] _init (res://scripts/data/talent_registry.gd:139)
       [3] _ensure_talent_registry (res://scripts/core/tactical_manager.gd:2605)
       [4] _dispatch_talents (res://scripts/core/tactical_manager.gd:2613)
       [5] _execute_hostile_action (res://scripts/core/tactical_manager.gd:1736)
       [6] _test_offhand_followup (res://tests/test_talent_carrier.gd:477)
       [7] _run (res://tests/test_talent_carrier.gd:346)
       [8] _process (res://tests/test_talent_carrier.gd:332)
WARNING: [TalentRegistry] 拒绝注册天赋 test_rej_amount_fraction：gain_resource 的 amount 必须是整数值，实际 2.5 含小数部分
   at: push_warning (core/variant/variant_utility.cpp:1034)
   GDScript backtrace (most recent call first):
       [0] _reject (res://scripts/data/talent_registry.gd:224)
       [1] _build (res://scripts/data/talent_registry.gd:169)
       [2] _init (res://scripts/data/talent_registry.gd:139)
       [3] _ensure_talent_registry (res://scripts/core/tactical_manager.gd:2605)
       [4] _dispatch_talents (res://scripts/core/tactical_manager.gd:2613)
       [5] _execute_hostile_action (res://scripts/core/tactical_manager.gd:1736)
       [6] _test_offhand_followup (res://tests/test_talent_carrier.gd:477)
       [7] _run (res://tests/test_talent_carrier.gd:346)
       [8] _process (res://tests/test_talent_carrier.gd:332)
WARNING: [TalentRegistry] 拒绝注册天赋 test_rej_amount_huge：gain_resource 的 amount 999999 超出合理上限 999（疑似手误多打了位数）
   at: push_warning (core/variant/variant_utility.cpp:1034)
   GDScript backtrace (most recent call first):
       [0] _reject (res://scripts/data/talent_registry.gd:224)
       [1] _build (res://scripts/data/talent_registry.gd:169)
       [2] _init (res://scripts/data/talent_registry.gd:139)
       [3] _ensure_talent_registry (res://scripts/core/tactical_manager.gd:2605)
       [4] _dispatch_talents (res://scripts/core/tactical_manager.gd:2613)
       [5] _execute_hostile_action (res://scripts/core/tactical_manager.gd:1736)
       [6] _test_offhand_followup (res://tests/test_talent_carrier.gd:477)
       [7] _run (res://tests/test_talent_carrier.gd:346)
       [8] _process (res://tests/test_talent_carrier.gd:332)
WARNING: [TalentRegistry] 拒绝注册天赋 test_rej_states_not_array：requires_states 必须是数组，实际是 String（写成裸字符串会绕过状态依赖检查）
   at: push_warning (core/variant/variant_utility.cpp:1034)
   GDScript backtrace (most recent call first):
       [0] _reject (res://scripts/data/talent_registry.gd:224)
       [1] _build (res://scripts/data/talent_registry.gd:169)
       [2] _init (res://scripts/data/talent_registry.gd:139)
       [3] _ensure_talent_registry (res://scripts/core/tactical_manager.gd:2605)
       [4] _dispatch_talents (res://scripts/core/tactical_manager.gd:2613)
       [5] _execute_hostile_action (res://scripts/core/tactical_manager.gd:1736)
       [6] _test_offhand_followup (res://tests/test_talent_carrier.gd:477)
       [7] _run (res://tests/test_talent_carrier.gd:346)
       [8] _process (res://tests/test_talent_carrier.gd:332)
WARNING: [TalentRegistry] 拒绝注册天赋 test_rej_states_item_not_str：requires_states 的元素必须是状态 id 字符串，实际含 Dictionary
   at: push_warning (core/variant/variant_utility.cpp:1034)
   GDScript backtrace (most recent call first):
       [0] _reject (res://scripts/data/talent_registry.gd:224)
       [1] _build (res://scripts/data/talent_registry.gd:169)
       [2] _init (res://scripts/data/talent_registry.gd:139)
       [3] _ensure_talent_registry (res://scripts/core/tactical_manager.gd:2605)
       [4] _dispatch_talents (res://scripts/core/tactical_manager.gd:2613)
       [5] _execute_hostile_action (res://scripts/core/tactical_manager.gd:1736)
       [6] _test_offhand_followup (res://tests/test_talent_carrier.gd:477)
       [7] _run (res://tests/test_talent_carrier.gd:346)
       [8] _process (res://tests/test_talent_carrier.gd:332)
WARNING: [TalentRegistry] 拒绝注册天赋 test_rej_effects_not_array：engine_effects 必须是数组，实际是 Dictionary
   at: push_warning (core/variant/variant_utility.cpp:1034)
   GDScript backtrace (most recent call first):
       [0] _reject (res://scripts/data/talent_registry.gd:224)
       [1] _build (res://scripts/data/talent_registry.gd:169)
       [2] _init (res://scripts/data/talent_registry.gd:139)
       [3] _ensure_talent_registry (res://scripts/core/tactical_manager.gd:2605)
       [4] _dispatch_talents (res://scripts/core/tactical_manager.gd:2613)
       [5] _execute_hostile_action (res://scripts/core/tactical_manager.gd:1736)
       [6] _test_offhand_followup (res://tests/test_talent_carrier.gd:477)
       [7] _run (res://tests/test_talent_carrier.gd:346)
       [8] _process (res://tests/test_talent_carrier.gd:332)
WARNING: [TalentRegistry] 拒绝注册天赋 test_rej_effects_item_not_dict：engine_effects 含非字典项（String）
   at: push_warning (core/variant/variant_utility.cpp:1034)
   GDScript backtrace (most recent call first):
       [0] _reject (res://scripts/data/talent_registry.gd:224)
       [1] _build (res://scripts/data/talent_registry.gd:169)
       [2] _init (res://scripts/data/talent_registry.gd:139)
       [3] _ensure_talent_registry (res://scripts/core/tactical_manager.gd:2605)
       [4] _dispatch_talents (res://scripts/core/tactical_manager.gd:2613)
       [5] _execute_hostile_action (res://scripts/core/tactical_manager.gd:1736)
       [6] _test_offhand_followup (res://tests/test_talent_carrier.gd:477)
       [7] _run (res://tests/test_talent_carrier.gd:346)
       [8] _process (res://tests/test_talent_carrier.gd:332)
WARNING: [TalentRegistry] 拒绝注册天赋 test_rej_offhand_no_dtype：offhand_followup 的 damage_type「」未支持（当前支持 ["physical", "magical", "pure"]）
   at: push_warning (core/variant/variant_utility.cpp:1034)
   GDScript backtrace (most recent call first):
       [0] _reject (res://scripts/data/talent_registry.gd:224)
       [1] _build (res://scripts/data/talent_registry.gd:169)
       [2] _init (res://scripts/data/talent_registry.gd:139)
       [3] _ensure_talent_registry (res://scripts/core/tactical_manager.gd:2605)
       [4] _dispatch_talents (res://scripts/core/tactical_manager.gd:2613)
       [5] _execute_hostile_action (res://scripts/core/tactical_manager.gd:1736)
       [6] _test_offhand_followup (res://tests/test_talent_carrier.gd:477)
       [7] _run (res://tests/test_talent_carrier.gd:346)
       [8] _process (res://tests/test_talent_carrier.gd:332)
WARNING: [TalentRegistry] 拒绝注册天赋 test_rej_offhand_bad_pct：offhand_followup 的 damage_pct 必须是数字，实际是 String
   at: push_warning (core/variant/variant_utility.cpp:1034)
   GDScript backtrace (most recent call first):
       [0] _reject (res://scripts/data/talent_registry.gd:224)
       [1] _build (res://scripts/data/talent_registry.gd:169)
       [2] _init (res://scripts/data/talent_registry.gd:139)
       [3] _ensure_talent_registry (res://scripts/core/tactical_manager.gd:2605)
       [4] _dispatch_talents (res://scripts/core/tactical_manager.gd:2613)
       [5] _execute_hostile_action (res://scripts/core/tactical_manager.gd:1736)
       [6] _test_offhand_followup (res://tests/test_talent_carrier.gd:477)
       [7] _run (res://tests/test_talent_carrier.gd:346)
       [8] _process (res://tests/test_talent_carrier.gd:332)
WARNING: [TalentRegistry] 拒绝注册天赋 test_rej_id_mismatch：条目内 id「另一个id」与注册键「test_rej_id_mismatch」不一致
   at: push_warning (core/variant/variant_utility.cpp:1034)
   GDScript backtrace (most recent call first):
       [0] _reject (res://scripts/data/talent_registry.gd:224)
       [1] _build (res://scripts/data/talent_registry.gd:153)
       [2] _init (res://scripts/data/talent_registry.gd:139)
       [3] _ensure_talent_registry (res://scripts/core/tactical_manager.gd:2605)
       [4] _dispatch_talents (res://scripts/core/tactical_manager.gd:2613)
       [5] _execute_hostile_action (res://scripts/core/tactical_manager.gd:1736)
       [6] _test_offhand_followup (res://tests/test_talent_carrier.gd:477)
       [7] _run (res://tests/test_talent_carrier.gd:346)
       [8] _process (res://tests/test_talent_carrier.gd:332)
[Attack] 剑圣→枪兵 | hit=true | crit=false | dmg=16
[SwordQi] 剑圣 +10 qi on hit → 10
  ✓ 主手单独造成了伤害
  ✓ 未装副手 → 只有普攻 10 气（附加行条件不成立，不追加）
[Attack] 剑圣→枪兵 | hit=true | crit=false | dmg=16
[SwordQi] 剑圣 +10 qi on hit → 10
[Attack] 副手: 剑圣→枪兵 | hit=true | crit=false | dmg=15
  ✓ 装上副手 → 总伤害多于主手单独（追加确实发生了）
  ✓ 副手不重复产气（仍是普攻的 10，不是 20）
[Attack] 剑圣→枪兵 | hit=true | crit=false | dmg=16
[SwordQi] 剑圣 +10 qi on hit → 10
  ✓ 卸下副手 → 伤害回到主手单独的量
[Attack] 剑圣→枪兵 | hit=true | crit=false | dmg=16
[SwordQi] 剑圣 +10 qi on hit → 20
  ✓ 无二天一流 → 装着副手也不追加
[Attack] 剑圣→枪兵 | hit=true | crit=false | dmg=16
[TacticalManager] 枪兵 (enemy) died at (5, 2) | HP=0
[TacticalScene] Unit killed: 枪兵 (enemy) | remaining: 5
[SwordQi] 剑圣 +10 qi on hit → 30
  ✓ 主手击杀后目标已死
[Attack] 剑圣→弓箭手 | hit=true | crit=false | dmg=16
[SwordQi] 剑圣 +10 qi on hit → 40
WARNING: [Offhand] 剑圣 的副手武器「eq_wpn_does_not_exist」在 data/equipment/ 里找不到，追加取消
   at: push_warning (core/variant/variant_utility.cpp:1034)
   GDScript backtrace (most recent call first):
       [0] _execute_offhand_followup (res://scripts/core/tactical_manager.gd:2993)
       [1] _execute_hostile_action (res://scripts/core/tactical_manager.gd:1816)
       [2] _test_offhand_followup (res://tests/test_talent_carrier.gd:527)
       [3] _run (res://tests/test_talent_carrier.gd:346)
       [4] _process (res://tests/test_talent_carrier.gd:332)
  ✓ 副手武器查不到 → 只有主手伤害，不崩

[G] 副手规格钉死（伤害量 / 行级条件 / 击杀恰好一次 / AOE）
[Grid] Initialized 8x8 map: test_arena
[TacticalScene] Units spawned: 6
[TurnManager] Round 1 queue: [剑圣(player), 弓箭手(enemy), 枪兵(enemy), 法师(enemy), 不灭木桩(enemy), 复活木桩(enemy)]
[TurnManager] Turn: 剑圣 (player)
WARNING: [TalentRegistry] 拒绝注册天赋 test_rej_unevaluable：依赖的状态「test_state_unevaluable」未在 data/states/ 注册
   at: push_warning (core/variant/variant_utility.cpp:1034)
   GDScript backtrace (most recent call first):
       [0] _reject (res://scripts/data/talent_registry.gd:224)
       [1] _build (res://scripts/data/talent_registry.gd:169)
       [2] _init (res://scripts/data/talent_registry.gd:139)
       [3] _ensure_talent_registry (res://scripts/core/tactical_manager.gd:2605)
       [4] _dispatch_talents (res://scripts/core/tactical_manager.gd:2613)
       [5] _execute_hostile_action (res://scripts/core/tactical_manager.gd:1736)
       [6] _test_offhand_precision (res://tests/test_talent_carrier.gd:607)
       [7] _run (res://tests/test_talent_carrier.gd:347)
       [8] _process (res://tests/test_talent_carrier.gd:332)
WARNING: [TalentRegistry] 拒绝注册天赋 test_rej_unknown_state：依赖的状态「wu_you_ci_state」未在 data/states/ 注册
   at: push_warning (core/variant/variant_utility.cpp:1034)
   GDScript backtrace (most recent call first):
       [0] _reject (res://scripts/data/talent_registry.gd:224)
       [1] _build (res://scripts/data/talent_registry.gd:169)
       [2] _init (res://scripts/data/talent_registry.gd:139)
       [3] _ensure_talent_registry (res://scripts/core/tactical_manager.gd:2605)
       [4] _dispatch_talents (res://scripts/core/tactical_manager.gd:2613)
       [5] _execute_hostile_action (res://scripts/core/tactical_manager.gd:1736)
       [6] _test_offhand_precision (res://tests/test_talent_carrier.gd:607)
       [7] _run (res://tests/test_talent_carrier.gd:347)
       [8] _process (res://tests/test_talent_carrier.gd:332)
WARNING: [TalentRegistry] 拒绝注册天赋 test_rej_unsupported：触发行 main 的 condition_model=unsupported：条件含引擎尚不能表达的部分，按「宁可不注册」拒收
   at: push_warning (core/variant/variant_utility.cpp:1034)
   GDScript backtrace (most recent call first):
       [0] _reject (res://scripts/data/talent_registry.gd:224)
       [1] _build (res://scripts/data/talent_registry.gd:169)
       [2] _init (res://scripts/data/talent_registry.gd:139)
       [3] _ensure_talent_registry (res://scripts/core/tactical_manager.gd:2605)
       [4] _dispatch_talents (res://scripts/core/tactical_manager.gd:2613)
       [5] _execute_hostile_action (res://scripts/core/tactical_manager.gd:1736)
       [6] _test_offhand_precision (res://tests/test_talent_carrier.gd:607)
       [7] _run (res://tests/test_talent_carrier.gd:347)
       [8] _process (res://tests/test_talent_carrier.gd:332)
WARNING: [TalentRegistry] 拒绝注册天赋 test_rej_unsupported_event：触发行 main 的事件「单位回合开始时」引擎不分发（当前支持 ["命中后", "造成伤害时", "击杀时", "执行攻击动作时", "命中时", "暴击时", "受到攻击时"]）
   at: push_warning (core/variant/variant_utility.cpp:1034)
   GDScript backtrace (most recent call first):
       [0] _reject (res://scripts/data/talent_registry.gd:224)
       [1] _build (res://scripts/data/talent_registry.gd:169)
       [2] _init (res://scripts/data/talent_registry.gd:139)
       [3] _ensure_talent_registry (res://scripts/core/tactical_manager.gd:2605)
       [4] _dispatch_talents (res://scripts/core/tactical_manager.gd:2613)
       [5] _execute_hostile_action (res://scripts/core/tactical_manager.gd:1736)
       [6] _test_offhand_precision (res://tests/test_talent_carrier.gd:607)
       [7] _run (res://tests/test_talent_carrier.gd:347)
       [8] _process (res://tests/test_talent_carrier.gd:332)
WARNING: [TalentRegistry] 拒绝注册天赋 test_rej_frequency：触发频率「每回合」未实装（当前只支持 ["每次"]），拒收而非当作不限次
   at: push_warning (core/variant/variant_utility.cpp:1034)
   GDScript backtrace (most recent call first):
       [0] _reject (res://scripts/data/talent_registry.gd:224)
       [1] _build (res://scripts/data/talent_registry.gd:169)
       [2] _init (res://scripts/data/talent_registry.gd:139)
       [3] _ensure_talent_registry (res://scripts/core/tactical_manager.gd:2605)
       [4] _dispatch_talents (res://scripts/core/tactical_manager.gd:2613)
       [5] _execute_hostile_action (res://scripts/core/tactical_manager.gd:1736)
       [6] _test_offhand_precision (res://tests/test_talent_carrier.gd:607)
       [7] _run (res://tests/test_talent_carrier.gd:347)
       [8] _process (res://tests/test_talent_carrier.gd:332)
WARNING: [TalentRegistry] 拒绝注册天赋 test_rej_unknown_effect：engine_effects 含未知 type「teleport_to_moon」（当前支持 ["gain_resource", "offhand_followup", "unlock_offhand_weapon_effect", "empower_next_offhand", "more_damage_from_stat", "offhand_recursive_followup", "parry_damage_reduction"]）
   at: push_warning (core/variant/variant_utility.cpp:1034)
   GDScript backtrace (most recent call first):
       [0] _reject (res://scripts/data/talent_registry.gd:224)
       [1] _build (res://scripts/data/talent_registry.gd:169)
       [2] _init (res://scripts/data/talent_registry.gd:139)
       [3] _ensure_talent_registry (res://scripts/core/tactical_manager.gd:2605)
       [4] _dispatch_talents (res://scripts/core/tactical_manager.gd:2613)
       [5] _execute_hostile_action (res://scripts/core/tactical_manager.gd:1736)
       [6] _test_offhand_precision (res://tests/test_talent_carrier.gd:607)
       [7] _run (res://tests/test_talent_carrier.gd:347)
       [8] _process (res://tests/test_talent_carrier.gd:332)
WARNING: [TalentRegistry] 拒绝注册天赋 test_rej_condition_mismatch：condition_model=none 但 trigger_condition 非空（「处于〔背水〕状态」）——声明与设计库镜像矛盾
   at: push_warning (core/variant/variant_utility.cpp:1034)
   GDScript backtrace (most recent call first):
       [0] _reject (res://scripts/data/talent_registry.gd:224)
       [1] _build (res://scripts/data/talent_registry.gd:169)
       [2] _init (res://scripts/data/talent_registry.gd:139)
       [3] _ensure_talent_registry (res://scripts/core/tactical_manager.gd:2605)
       [4] _dispatch_talents (res://scripts/core/tactical_manager.gd:2613)
       [5] _execute_hostile_action (res://scripts/core/tactical_manager.gd:1736)
       [6] _test_offhand_precision (res://tests/test_talent_carrier.gd:607)
       [7] _run (res://tests/test_talent_carrier.gd:347)
       [8] _process (res://tests/test_talent_carrier.gd:332)
WARNING: [TalentRegistry] 拒绝注册天赋 test_rej_no_effects：engine_effects 为空——没有可执行的效果，注册了也是死卡
   at: push_warning (core/variant/variant_utility.cpp:1034)
   GDScript backtrace (most recent call first):
       [0] _reject (res://scripts/data/talent_registry.gd:224)
       [1] _build (res://scripts/data/talent_registry.gd:169)
       [2] _init (res://scripts/data/talent_registry.gd:139)
       [3] _ensure_talent_registry (res://scripts/core/tactical_manager.gd:2605)
       [4] _dispatch_talents (res://scripts/core/tactical_manager.gd:2613)
       [5] _execute_hostile_action (res://scripts/core/tactical_manager.gd:1736)
       [6] _test_offhand_precision (res://tests/test_talent_carrier.gd:607)
       [7] _run (res://tests/test_talent_carrier.gd:347)
       [8] _process (res://tests/test_talent_carrier.gd:332)
WARNING: [TalentRegistry] 拒绝注册天赋 test_rej_states_empty：condition_model=states 但 requires_states / requires_contexts / requires_turn_phase 全为空——声明与数据矛盾
   at: push_warning (core/variant/variant_utility.cpp:1034)
   GDScript backtrace (most recent call first):
       [0] _reject (res://scripts/data/talent_registry.gd:224)
       [1] _build (res://scripts/data/talent_registry.gd:169)
       [2] _init (res://scripts/data/talent_registry.gd:139)
       [3] _ensure_talent_registry (res://scripts/core/tactical_manager.gd:2605)
       [4] _dispatch_talents (res://scripts/core/tactical_manager.gd:2613)
       [5] _execute_hostile_action (res://scripts/core/tactical_manager.gd:1736)
       [6] _test_offhand_precision (res://tests/test_talent_carrier.gd:607)
       [7] _run (res://tests/test_talent_carrier.gd:347)
       [8] _process (res://tests/test_talent_carrier.gd:332)
WARNING: [TalentRegistry] 拒绝注册天赋 test_rej_no_event：无任何触发行（主行缺 trigger_event 且无 extra_triggers）
   at: push_warning (core/variant/variant_utility.cpp:1034)
   GDScript backtrace (most recent call first):
       [0] _reject (res://scripts/data/talent_registry.gd:224)
       [1] _build (res://scripts/data/talent_registry.gd:157)
       [2] _init (res://scripts/data/talent_registry.gd:139)
       [3] _ensure_talent_registry (res://scripts/core/tactical_manager.gd:2605)
       [4] _dispatch_talents (res://scripts/core/tactical_manager.gd:2613)
       [5] _execute_hostile_action (res://scripts/core/tactical_manager.gd:1736)
       [6] _test_offhand_precision (res://tests/test_talent_carrier.gd:607)
       [7] _run (res://tests/test_talent_carrier.gd:347)
       [8] _process (res://tests/test_talent_carrier.gd:332)
WARNING: [TalentRegistry] 拒绝注册天赋 test_rej_no_model：触发行 main 缺 condition_model（必须显式声明条件的引擎表达力）
   at: push_warning (core/variant/variant_utility.cpp:1034)
   GDScript backtrace (most recent call first):
       [0] _reject (res://scripts/data/talent_registry.gd:224)
       [1] _build (res://scripts/data/talent_registry.gd:169)
       [2] _init (res://scripts/data/talent_registry.gd:139)
       [3] _ensure_talent_registry (res://scripts/core/tactical_manager.gd:2605)
       [4] _dispatch_talents (res://scripts/core/tactical_manager.gd:2613)
       [5] _execute_hostile_action (res://scripts/core/tactical_manager.gd:1736)
       [6] _test_offhand_precision (res://tests/test_talent_carrier.gd:607)
       [7] _run (res://tests/test_talent_carrier.gd:347)
       [8] _process (res://tests/test_talent_carrier.gd:332)
WARNING: [TalentRegistry] 拒绝注册天赋 test_rej_bad_model：触发行 main 的 condition_model「States」非法，合法值 ["none", "states", "unsupported"]
   at: push_warning (core/variant/variant_utility.cpp:1034)
   GDScript backtrace (most recent call first):
       [0] _reject (res://scripts/data/talent_registry.gd:224)
       [1] _build (res://scripts/data/talent_registry.gd:169)
       [2] _init (res://scripts/data/talent_registry.gd:139)
       [3] _ensure_talent_registry (res://scripts/core/tactical_manager.gd:2605)
       [4] _dispatch_talents (res://scripts/core/tactical_manager.gd:2613)
       [5] _execute_hostile_action (res://scripts/core/tactical_manager.gd:1736)
       [6] _test_offhand_precision (res://tests/test_talent_carrier.gd:607)
       [7] _run (res://tests/test_talent_carrier.gd:347)
       [8] _process (res://tests/test_talent_carrier.gd:332)
WARNING: [TalentRegistry] 拒绝注册天赋 test_rej_bad_resource：gain_resource 的 resource「gold」未支持（当前支持 ["qi", "mark"]）
   at: push_warning (core/variant/variant_utility.cpp:1034)
   GDScript backtrace (most recent call first):
       [0] _reject (res://scripts/data/talent_registry.gd:224)
       [1] _build (res://scripts/data/talent_registry.gd:169)
       [2] _init (res://scripts/data/talent_registry.gd:139)
       [3] _ensure_talent_registry (res://scripts/core/tactical_manager.gd:2605)
       [4] _dispatch_talents (res://scripts/core/tactical_manager.gd:2613)
       [5] _execute_hostile_action (res://scripts/core/tactical_manager.gd:1736)
       [6] _test_offhand_precision (res://tests/test_talent_carrier.gd:607)
       [7] _run (res://tests/test_talent_carrier.gd:347)
       [8] _process (res://tests/test_talent_carrier.gd:332)
WARNING: [TalentRegistry] 拒绝注册天赋 test_rej_amount_zero：gain_resource 的 amount 必须为正整数，实际 0
   at: push_warning (core/variant/variant_utility.cpp:1034)
   GDScript backtrace (most recent call first):
       [0] _reject (res://scripts/data/talent_registry.gd:224)
       [1] _build (res://scripts/data/talent_registry.gd:169)
       [2] _init (res://scripts/data/talent_registry.gd:139)
       [3] _ensure_talent_registry (res://scripts/core/tactical_manager.gd:2605)
       [4] _dispatch_talents (res://scripts/core/tactical_manager.gd:2613)
       [5] _execute_hostile_action (res://scripts/core/tactical_manager.gd:1736)
       [6] _test_offhand_precision (res://tests/test_talent_carrier.gd:607)
       [7] _run (res://tests/test_talent_carrier.gd:347)
       [8] _process (res://tests/test_talent_carrier.gd:332)
WARNING: [TalentRegistry] 拒绝注册天赋 test_rej_amount_str：gain_resource 的 amount 必须是数字，实际是 String
   at: push_warning (core/variant/variant_utility.cpp:1034)
   GDScript backtrace (most recent call first):
       [0] _reject (res://scripts/data/talent_registry.gd:224)
       [1] _build (res://scripts/data/talent_registry.gd:169)
       [2] _init (res://scripts/data/talent_registry.gd:139)
       [3] _ensure_talent_registry (res://scripts/core/tactical_manager.gd:2605)
       [4] _dispatch_talents (res://scripts/core/tactical_manager.gd:2613)
       [5] _execute_hostile_action (res://scripts/core/tactical_manager.gd:1736)
       [6] _test_offhand_precision (res://tests/test_talent_carrier.gd:607)
       [7] _run (res://tests/test_talent_carrier.gd:347)
       [8] _process (res://tests/test_talent_carrier.gd:332)
WARNING: [TalentRegistry] 拒绝注册天赋 test_rej_amount_fraction：gain_resource 的 amount 必须是整数值，实际 2.5 含小数部分
   at: push_warning (core/variant/variant_utility.cpp:1034)
   GDScript backtrace (most recent call first):
       [0] _reject (res://scripts/data/talent_registry.gd:224)
       [1] _build (res://scripts/data/talent_registry.gd:169)
       [2] _init (res://scripts/data/talent_registry.gd:139)
       [3] _ensure_talent_registry (res://scripts/core/tactical_manager.gd:2605)
       [4] _dispatch_talents (res://scripts/core/tactical_manager.gd:2613)
       [5] _execute_hostile_action (res://scripts/core/tactical_manager.gd:1736)
       [6] _test_offhand_precision (res://tests/test_talent_carrier.gd:607)
       [7] _run (res://tests/test_talent_carrier.gd:347)
       [8] _process (res://tests/test_talent_carrier.gd:332)
WARNING: [TalentRegistry] 拒绝注册天赋 test_rej_amount_huge：gain_resource 的 amount 999999 超出合理上限 999（疑似手误多打了位数）
   at: push_warning (core/variant/variant_utility.cpp:1034)
   GDScript backtrace (most recent call first):
       [0] _reject (res://scripts/data/talent_registry.gd:224)
       [1] _build (res://scripts/data/talent_registry.gd:169)
       [2] _init (res://scripts/data/talent_registry.gd:139)
       [3] _ensure_talent_registry (res://scripts/core/tactical_manager.gd:2605)
       [4] _dispatch_talents (res://scripts/core/tactical_manager.gd:2613)
       [5] _execute_hostile_action (res://scripts/core/tactical_manager.gd:1736)
       [6] _test_offhand_precision (res://tests/test_talent_carrier.gd:607)
       [7] _run (res://tests/test_talent_carrier.gd:347)
       [8] _process (res://tests/test_talent_carrier.gd:332)
WARNING: [TalentRegistry] 拒绝注册天赋 test_rej_states_not_array：requires_states 必须是数组，实际是 String（写成裸字符串会绕过状态依赖检查）
   at: push_warning (core/variant/variant_utility.cpp:1034)
   GDScript backtrace (most recent call first):
       [0] _reject (res://scripts/data/talent_registry.gd:224)
       [1] _build (res://scripts/data/talent_registry.gd:169)
       [2] _init (res://scripts/data/talent_registry.gd:139)
       [3] _ensure_talent_registry (res://scripts/core/tactical_manager.gd:2605)
       [4] _dispatch_talents (res://scripts/core/tactical_manager.gd:2613)
       [5] _execute_hostile_action (res://scripts/core/tactical_manager.gd:1736)
       [6] _test_offhand_precision (res://tests/test_talent_carrier.gd:607)
       [7] _run (res://tests/test_talent_carrier.gd:347)
       [8] _process (res://tests/test_talent_carrier.gd:332)
WARNING: [TalentRegistry] 拒绝注册天赋 test_rej_states_item_not_str：requires_states 的元素必须是状态 id 字符串，实际含 Dictionary
   at: push_warning (core/variant/variant_utility.cpp:1034)
   GDScript backtrace (most recent call first):
       [0] _reject (res://scripts/data/talent_registry.gd:224)
       [1] _build (res://scripts/data/talent_registry.gd:169)
       [2] _init (res://scripts/data/talent_registry.gd:139)
       [3] _ensure_talent_registry (res://scripts/core/tactical_manager.gd:2605)
       [4] _dispatch_talents (res://scripts/core/tactical_manager.gd:2613)
       [5] _execute_hostile_action (res://scripts/core/tactical_manager.gd:1736)
       [6] _test_offhand_precision (res://tests/test_talent_carrier.gd:607)
       [7] _run (res://tests/test_talent_carrier.gd:347)
       [8] _process (res://tests/test_talent_carrier.gd:332)
WARNING: [TalentRegistry] 拒绝注册天赋 test_rej_effects_not_array：engine_effects 必须是数组，实际是 Dictionary
   at: push_warning (core/variant/variant_utility.cpp:1034)
   GDScript backtrace (most recent call first):
       [0] _reject (res://scripts/data/talent_registry.gd:224)
       [1] _build (res://scripts/data/talent_registry.gd:169)
       [2] _init (res://scripts/data/talent_registry.gd:139)
       [3] _ensure_talent_registry (res://scripts/core/tactical_manager.gd:2605)
       [4] _dispatch_talents (res://scripts/core/tactical_manager.gd:2613)
       [5] _execute_hostile_action (res://scripts/core/tactical_manager.gd:1736)
       [6] _test_offhand_precision (res://tests/test_talent_carrier.gd:607)
       [7] _run (res://tests/test_talent_carrier.gd:347)
       [8] _process (res://tests/test_talent_carrier.gd:332)
WARNING: [TalentRegistry] 拒绝注册天赋 test_rej_effects_item_not_dict：engine_effects 含非字典项（String）
   at: push_warning (core/variant/variant_utility.cpp:1034)
   GDScript backtrace (most recent call first):
       [0] _reject (res://scripts/data/talent_registry.gd:224)
       [1] _build (res://scripts/data/talent_registry.gd:169)
       [2] _init (res://scripts/data/talent_registry.gd:139)
       [3] _ensure_talent_registry (res://scripts/core/tactical_manager.gd:2605)
       [4] _dispatch_talents (res://scripts/core/tactical_manager.gd:2613)
       [5] _execute_hostile_action (res://scripts/core/tactical_manager.gd:1736)
       [6] _test_offhand_precision (res://tests/test_talent_carrier.gd:607)
       [7] _run (res://tests/test_talent_carrier.gd:347)
       [8] _process (res://tests/test_talent_carrier.gd:332)
WARNING: [TalentRegistry] 拒绝注册天赋 test_rej_offhand_no_dtype：offhand_followup 的 damage_type「」未支持（当前支持 ["physical", "magical", "pure"]）
   at: push_warning (core/variant/variant_utility.cpp:1034)
   GDScript backtrace (most recent call first):
       [0] _reject (res://scripts/data/talent_registry.gd:224)
       [1] _build (res://scripts/data/talent_registry.gd:169)
       [2] _init (res://scripts/data/talent_registry.gd:139)
       [3] _ensure_talent_registry (res://scripts/core/tactical_manager.gd:2605)
       [4] _dispatch_talents (res://scripts/core/tactical_manager.gd:2613)
       [5] _execute_hostile_action (res://scripts/core/tactical_manager.gd:1736)
       [6] _test_offhand_precision (res://tests/test_talent_carrier.gd:607)
       [7] _run (res://tests/test_talent_carrier.gd:347)
       [8] _process (res://tests/test_talent_carrier.gd:332)
WARNING: [TalentRegistry] 拒绝注册天赋 test_rej_offhand_bad_pct：offhand_followup 的 damage_pct 必须是数字，实际是 String
   at: push_warning (core/variant/variant_utility.cpp:1034)
   GDScript backtrace (most recent call first):
       [0] _reject (res://scripts/data/talent_registry.gd:224)
       [1] _build (res://scripts/data/talent_registry.gd:169)
       [2] _init (res://scripts/data/talent_registry.gd:139)
       [3] _ensure_talent_registry (res://scripts/core/tactical_manager.gd:2605)
       [4] _dispatch_talents (res://scripts/core/tactical_manager.gd:2613)
       [5] _execute_hostile_action (res://scripts/core/tactical_manager.gd:1736)
       [6] _test_offhand_precision (res://tests/test_talent_carrier.gd:607)
       [7] _run (res://tests/test_talent_carrier.gd:347)
       [8] _process (res://tests/test_talent_carrier.gd:332)
WARNING: [TalentRegistry] 拒绝注册天赋 test_rej_id_mismatch：条目内 id「另一个id」与注册键「test_rej_id_mismatch」不一致
   at: push_warning (core/variant/variant_utility.cpp:1034)
   GDScript backtrace (most recent call first):
       [0] _reject (res://scripts/data/talent_registry.gd:224)
       [1] _build (res://scripts/data/talent_registry.gd:153)
       [2] _init (res://scripts/data/talent_registry.gd:139)
       [3] _ensure_talent_registry (res://scripts/core/tactical_manager.gd:2605)
       [4] _dispatch_talents (res://scripts/core/tactical_manager.gd:2613)
       [5] _execute_hostile_action (res://scripts/core/tactical_manager.gd:1736)
       [6] _test_offhand_precision (res://tests/test_talent_carrier.gd:607)
       [7] _run (res://tests/test_talent_carrier.gd:347)
       [8] _process (res://tests/test_talent_carrier.gd:332)
[Attack] 剑圣→枪兵 | hit=true | crit=false | dmg=16
[SwordQi] 剑圣 +10 qi on hit → 10
[Attack] 剑圣→枪兵 | hit=true | crit=false | dmg=16
[SwordQi] 剑圣 +10 qi on hit → 20
[Attack] 副手: 剑圣→枪兵 | hit=true | crit=false | dmg=6
  ✓ 副手细剑(might=3) 伤害 == floor((STR + 3) × 50%)
[Attack] 剑圣→枪兵 | hit=true | crit=false | dmg=16
[SwordQi] 剑圣 +10 qi on hit → 30
[Attack] 副手: 剑圣→枪兵 | hit=true | crit=false | dmg=15
  ✓ 副手王者之剑(might=20) 伤害 == floor((STR + 20) × 50%)
  ✓ 换副手剑 → 副手伤害跟着变（证明读的是副手武器数据）
  ✓ 副手伤害 ≠ 主手伤害（没有复用主手 action_data）
[Attack] 剑圣→枪兵 | hit=true | crit=false | dmg=16
[SwordQi] 剑圣 +10 qi on hit → 40
[Attack] 副手: 剑圣→枪兵 | hit=true | crit=false | dmg=7
  ✓ damage_pct=25 的卡 → 最终伤害按 25% 折（不是写死的 50%）
  ✓ 25% < 50%（两张卡确实读到了不同的 damage_pct）
[Attack] 剑圣→枪兵 | hit=true | crit=false | dmg=16
[SwordQi] 剑圣 +10 qi on hit → 50
[Attack] 副手: 剑圣→枪兵 | hit=true | crit=false | dmg=11
  ✓ damage_type=magical 的卡 → 副手按 MAG 结算（不是写死的 physical）
  ✓ 魔法版与物理版伤害不同（证明 damage_type 确实读了 JSON）
[Attack] 剑圣→枪兵 | hit=true | crit=false | dmg=16
[TacticalManager] 枪兵 (enemy) died at (5, 2) | HP=0
[TacticalScene] Unit killed: 枪兵 (enemy) | remaining: 5
[SwordQi] 剑圣 +10 qi on hit → 10
[Talent] 剑圣 「test_ok_rowlevel」→ +5 剑气 → 15
  ✓ 未装副手 + 击杀 → 只有主行触发（10 普攻 + 5）
[Attack] 剑圣→弓箭手 | hit=true | crit=false | dmg=16
[TacticalManager] 弓箭手 (enemy) died at (6, 4) | HP=0
[TacticalScene] Unit killed: 弓箭手 (enemy) | remaining: 4
[SwordQi] 剑圣 +10 qi on hit → 10
[Talent] 剑圣 「test_ok_rowlevel」→ +5 剑气 → 15
[Talent] 剑圣 「test_ok_rowlevel」→ +5 剑气 → 20
  ✓ 装副手 + 击杀 → 主行与附加行都触发（10 + 5 + 5）
[Attack] 剑圣→法师 | hit=true | crit=false | dmg=16
[SwordQi] 剑圣 +10 qi on hit → 10
[Attack] 副手: 剑圣→法师 | hit=true | crit=false | dmg=15
[TacticalManager] 法师 (enemy) died at (6, 1) | HP=0
[TacticalScene] Unit killed: 法师 (enemy) | remaining: 3
[Talent] 剑圣 「test_ok_killcount」→ +5 剑气 → 15
  ✓ 场景A 敌人已死（副手补的刀）
  ✓ 副手击杀 → 「击杀时」恰好触发一次（10 普攻 + 5）
[Attack] 剑圣→不灭木桩 | hit=true | crit=false | dmg=16
[TacticalManager] 不灭木桩 (enemy) died at (5, 5) | HP=0
[TacticalScene] Unit killed: 不灭木桩 (enemy) | remaining: 2
[SwordQi] 剑圣 +10 qi on hit → 10
[Talent] 剑圣 「test_ok_killcount」→ +5 剑气 → 15
  ✓ 主手击杀 → 「击杀时」也恰好一次、副手不追加（10 + 5，不是 10 + 10）
[Attack] 剑圣→复活木桩 | hit=true | crit=false | dmg=16
[SwordQi] 剑圣 +10 qi on hit → 25
[Attack] 副手: 剑圣→复活木桩 | hit=true | crit=false | dmg=15
  ✓ 技能路径也追加副手伤害（按目标算，不是按动作算）
  ✓ 技能路径的副手伤害量与普攻一致
[Attack] 剑圣→复活木桩 | hit=true | crit=false | dmg=4
[SwordQi] 剑圣 +10 qi on hit → 35
[Attack] 副手: 剑圣→复活木桩 | hit=true | crit=false | dmg=15
  ✓ 溅射目标：主手衰减、副手不衰减（副手仍是满额）
  ✓ 溅射目标上副手单次伤害高于主手（裁决 C 的已知后果）
[Attack] 剑圣→复活木桩 | hit=true | crit=false | dmg=16
[SwordQi] 剑圣 +10 qi on hit → 45
[Attack] 副手: 剑圣→复活木桩 | hit=true | crit=false | dmg=15
[Attack] 剑圣→复活木桩 | hit=true | crit=false | dmg=16
[SwordQi] 剑圣 +10 qi on hit → 55
[Attack] 副手: 剑圣→复活木桩 | hit=true | crit=false | dmg=15
  ✓ 两个目标 = 两次追加（每目标各一次）

[H] 常驻天赋（二刀开刃）与副手武器特效的 50% 折算
  ✓ 二刀开刃已装载
  ✓ 二刀开刃注册成功（常驻卡现在有承载通道）
  ✓ 二刀开刃进了常驻索引
  ✓ 常驻卡不进「永久生效」事件桶
  ✓ 常驻条目带 talent 与 trigger 两部分
  ✓ 常驻条目的条件是〔双持〕
[Grid] Initialized 8x8 map: test_arena
[TacticalScene] Units spawned: 6
[TurnManager] Round 1 queue: [剑圣(player), 弓箭手(enemy), 枪兵(enemy), 法师(enemy), 不灭木桩(enemy), 复活木桩(enemy)]
[TurnManager] Turn: 剑圣 (player)
WARNING: [TalentRegistry] 拒绝注册天赋 test_rej_unevaluable：依赖的状态「test_state_unevaluable」未在 data/states/ 注册
   at: push_warning (core/variant/variant_utility.cpp:1034)
   GDScript backtrace (most recent call first):
       [0] _reject (res://scripts/data/talent_registry.gd:224)
       [1] _build (res://scripts/data/talent_registry.gd:169)
       [2] _init (res://scripts/data/talent_registry.gd:139)
       [3] _ensure_talent_registry (res://scripts/core/tactical_manager.gd:2605)
       [4] _dispatch_talents (res://scripts/core/tactical_manager.gd:2613)
       [5] _execute_hostile_action (res://scripts/core/tactical_manager.gd:1736)
       [6] _test_offhand_weapon_effect (res://tests/test_talent_carrier.gd:814)
       [7] _run (res://tests/test_talent_carrier.gd:348)
       [8] _process (res://tests/test_talent_carrier.gd:332)
WARNING: [TalentRegistry] 拒绝注册天赋 test_rej_unknown_state：依赖的状态「wu_you_ci_state」未在 data/states/ 注册
   at: push_warning (core/variant/variant_utility.cpp:1034)
   GDScript backtrace (most recent call first):
       [0] _reject (res://scripts/data/talent_registry.gd:224)
       [1] _build (res://scripts/data/talent_registry.gd:169)
       [2] _init (res://scripts/data/talent_registry.gd:139)
       [3] _ensure_talent_registry (res://scripts/core/tactical_manager.gd:2605)
       [4] _dispatch_talents (res://scripts/core/tactical_manager.gd:2613)
       [5] _execute_hostile_action (res://scripts/core/tactical_manager.gd:1736)
       [6] _test_offhand_weapon_effect (res://tests/test_talent_carrier.gd:814)
       [7] _run (res://tests/test_talent_carrier.gd:348)
       [8] _process (res://tests/test_talent_carrier.gd:332)
WARNING: [TalentRegistry] 拒绝注册天赋 test_rej_unsupported：触发行 main 的 condition_model=unsupported：条件含引擎尚不能表达的部分，按「宁可不注册」拒收
   at: push_warning (core/variant/variant_utility.cpp:1034)
   GDScript backtrace (most recent call first):
       [0] _reject (res://scripts/data/talent_registry.gd:224)
       [1] _build (res://scripts/data/talent_registry.gd:169)
       [2] _init (res://scripts/data/talent_registry.gd:139)
       [3] _ensure_talent_registry (res://scripts/core/tactical_manager.gd:2605)
       [4] _dispatch_talents (res://scripts/core/tactical_manager.gd:2613)
       [5] _execute_hostile_action (res://scripts/core/tactical_manager.gd:1736)
       [6] _test_offhand_weapon_effect (res://tests/test_talent_carrier.gd:814)
       [7] _run (res://tests/test_talent_carrier.gd:348)
       [8] _process (res://tests/test_talent_carrier.gd:332)
WARNING: [TalentRegistry] 拒绝注册天赋 test_rej_unsupported_event：触发行 main 的事件「单位回合开始时」引擎不分发（当前支持 ["命中后", "造成伤害时", "击杀时", "执行攻击动作时", "命中时", "暴击时", "受到攻击时"]）
   at: push_warning (core/variant/variant_utility.cpp:1034)
   GDScript backtrace (most recent call first):
       [0] _reject (res://scripts/data/talent_registry.gd:224)
       [1] _build (res://scripts/data/talent_registry.gd:169)
       [2] _init (res://scripts/data/talent_registry.gd:139)
       [3] _ensure_talent_registry (res://scripts/core/tactical_manager.gd:2605)
       [4] _dispatch_talents (res://scripts/core/tactical_manager.gd:2613)
       [5] _execute_hostile_action (res://scripts/core/tactical_manager.gd:1736)
       [6] _test_offhand_weapon_effect (res://tests/test_talent_carrier.gd:814)
       [7] _run (res://tests/test_talent_carrier.gd:348)
       [8] _process (res://tests/test_talent_carrier.gd:332)
WARNING: [TalentRegistry] 拒绝注册天赋 test_rej_frequency：触发频率「每回合」未实装（当前只支持 ["每次"]），拒收而非当作不限次
   at: push_warning (core/variant/variant_utility.cpp:1034)
   GDScript backtrace (most recent call first):
       [0] _reject (res://scripts/data/talent_registry.gd:224)
       [1] _build (res://scripts/data/talent_registry.gd:169)
       [2] _init (res://scripts/data/talent_registry.gd:139)
       [3] _ensure_talent_registry (res://scripts/core/tactical_manager.gd:2605)
       [4] _dispatch_talents (res://scripts/core/tactical_manager.gd:2613)
       [5] _execute_hostile_action (res://scripts/core/tactical_manager.gd:1736)
       [6] _test_offhand_weapon_effect (res://tests/test_talent_carrier.gd:814)
       [7] _run (res://tests/test_talent_carrier.gd:348)
       [8] _process (res://tests/test_talent_carrier.gd:332)
WARNING: [TalentRegistry] 拒绝注册天赋 test_rej_unknown_effect：engine_effects 含未知 type「teleport_to_moon」（当前支持 ["gain_resource", "offhand_followup", "unlock_offhand_weapon_effect", "empower_next_offhand", "more_damage_from_stat", "offhand_recursive_followup", "parry_damage_reduction"]）
   at: push_warning (core/variant/variant_utility.cpp:1034)
   GDScript backtrace (most recent call first):
       [0] _reject (res://scripts/data/talent_registry.gd:224)
       [1] _build (res://scripts/data/talent_registry.gd:169)
       [2] _init (res://scripts/data/talent_registry.gd:139)
       [3] _ensure_talent_registry (res://scripts/core/tactical_manager.gd:2605)
       [4] _dispatch_talents (res://scripts/core/tactical_manager.gd:2613)
       [5] _execute_hostile_action (res://scripts/core/tactical_manager.gd:1736)
       [6] _test_offhand_weapon_effect (res://tests/test_talent_carrier.gd:814)
       [7] _run (res://tests/test_talent_carrier.gd:348)
       [8] _process (res://tests/test_talent_carrier.gd:332)
WARNING: [TalentRegistry] 拒绝注册天赋 test_rej_condition_mismatch：condition_model=none 但 trigger_condition 非空（「处于〔背水〕状态」）——声明与设计库镜像矛盾
   at: push_warning (core/variant/variant_utility.cpp:1034)
   GDScript backtrace (most recent call first):
       [0] _reject (res://scripts/data/talent_registry.gd:224)
       [1] _build (res://scripts/data/talent_registry.gd:169)
       [2] _init (res://scripts/data/talent_registry.gd:139)
       [3] _ensure_talent_registry (res://scripts/core/tactical_manager.gd:2605)
       [4] _dispatch_talents (res://scripts/core/tactical_manager.gd:2613)
       [5] _execute_hostile_action (res://scripts/core/tactical_manager.gd:1736)
       [6] _test_offhand_weapon_effect (res://tests/test_talent_carrier.gd:814)
       [7] _run (res://tests/test_talent_carrier.gd:348)
       [8] _process (res://tests/test_talent_carrier.gd:332)
WARNING: [TalentRegistry] 拒绝注册天赋 test_rej_no_effects：engine_effects 为空——没有可执行的效果，注册了也是死卡
   at: push_warning (core/variant/variant_utility.cpp:1034)
   GDScript backtrace (most recent call first):
       [0] _reject (res://scripts/data/talent_registry.gd:224)
       [1] _build (res://scripts/data/talent_registry.gd:169)
       [2] _init (res://scripts/data/talent_registry.gd:139)
       [3] _ensure_talent_registry (res://scripts/core/tactical_manager.gd:2605)
       [4] _dispatch_talents (res://scripts/core/tactical_manager.gd:2613)
       [5] _execute_hostile_action (res://scripts/core/tactical_manager.gd:1736)
       [6] _test_offhand_weapon_effect (res://tests/test_talent_carrier.gd:814)
       [7] _run (res://tests/test_talent_carrier.gd:348)
       [8] _process (res://tests/test_talent_carrier.gd:332)
WARNING: [TalentRegistry] 拒绝注册天赋 test_rej_states_empty：condition_model=states 但 requires_states / requires_contexts / requires_turn_phase 全为空——声明与数据矛盾
   at: push_warning (core/variant/variant_utility.cpp:1034)
   GDScript backtrace (most recent call first):
       [0] _reject (res://scripts/data/talent_registry.gd:224)
       [1] _build (res://scripts/data/talent_registry.gd:169)
       [2] _init (res://scripts/data/talent_registry.gd:139)
       [3] _ensure_talent_registry (res://scripts/core/tactical_manager.gd:2605)
       [4] _dispatch_talents (res://scripts/core/tactical_manager.gd:2613)
       [5] _execute_hostile_action (res://scripts/core/tactical_manager.gd:1736)
       [6] _test_offhand_weapon_effect (res://tests/test_talent_carrier.gd:814)
       [7] _run (res://tests/test_talent_carrier.gd:348)
       [8] _process (res://tests/test_talent_carrier.gd:332)
WARNING: [TalentRegistry] 拒绝注册天赋 test_rej_no_event：无任何触发行（主行缺 trigger_event 且无 extra_triggers）
   at: push_warning (core/variant/variant_utility.cpp:1034)
   GDScript backtrace (most recent call first):
       [0] _reject (res://scripts/data/talent_registry.gd:224)
       [1] _build (res://scripts/data/talent_registry.gd:157)
       [2] _init (res://scripts/data/talent_registry.gd:139)
       [3] _ensure_talent_registry (res://scripts/core/tactical_manager.gd:2605)
       [4] _dispatch_talents (res://scripts/core/tactical_manager.gd:2613)
       [5] _execute_hostile_action (res://scripts/core/tactical_manager.gd:1736)
       [6] _test_offhand_weapon_effect (res://tests/test_talent_carrier.gd:814)
       [7] _run (res://tests/test_talent_carrier.gd:348)
       [8] _process (res://tests/test_talent_carrier.gd:332)
WARNING: [TalentRegistry] 拒绝注册天赋 test_rej_no_model：触发行 main 缺 condition_model（必须显式声明条件的引擎表达力）
   at: push_warning (core/variant/variant_utility.cpp:1034)
   GDScript backtrace (most recent call first):
       [0] _reject (res://scripts/data/talent_registry.gd:224)
       [1] _build (res://scripts/data/talent_registry.gd:169)
       [2] _init (res://scripts/data/talent_registry.gd:139)
       [3] _ensure_talent_registry (res://scripts/core/tactical_manager.gd:2605)
       [4] _dispatch_talents (res://scripts/core/tactical_manager.gd:2613)
       [5] _execute_hostile_action (res://scripts/core/tactical_manager.gd:1736)
       [6] _test_offhand_weapon_effect (res://tests/test_talent_carrier.gd:814)
       [7] _run (res://tests/test_talent_carrier.gd:348)
       [8] _process (res://tests/test_talent_carrier.gd:332)
WARNING: [TalentRegistry] 拒绝注册天赋 test_rej_bad_model：触发行 main 的 condition_model「States」非法，合法值 ["none", "states", "unsupported"]
   at: push_warning (core/variant/variant_utility.cpp:1034)
   GDScript backtrace (most recent call first):
       [0] _reject (res://scripts/data/talent_registry.gd:224)
       [1] _build (res://scripts/data/talent_registry.gd:169)
       [2] _init (res://scripts/data/talent_registry.gd:139)
       [3] _ensure_talent_registry (res://scripts/core/tactical_manager.gd:2605)
       [4] _dispatch_talents (res://scripts/core/tactical_manager.gd:2613)
       [5] _execute_hostile_action (res://scripts/core/tactical_manager.gd:1736)
       [6] _test_offhand_weapon_effect (res://tests/test_talent_carrier.gd:814)
       [7] _run (res://tests/test_talent_carrier.gd:348)
       [8] _process (res://tests/test_talent_carrier.gd:332)
WARNING: [TalentRegistry] 拒绝注册天赋 test_rej_bad_resource：gain_resource 的 resource「gold」未支持（当前支持 ["qi", "mark"]）
   at: push_warning (core/variant/variant_utility.cpp:1034)
   GDScript backtrace (most recent call first):
       [0] _reject (res://scripts/data/talent_registry.gd:224)
       [1] _build (res://scripts/data/talent_registry.gd:169)
       [2] _init (res://scripts/data/talent_registry.gd:139)
       [3] _ensure_talent_registry (res://scripts/core/tactical_manager.gd:2605)
       [4] _dispatch_talents (res://scripts/core/tactical_manager.gd:2613)
       [5] _execute_hostile_action (res://scripts/core/tactical_manager.gd:1736)
       [6] _test_offhand_weapon_effect (res://tests/test_talent_carrier.gd:814)
       [7] _run (res://tests/test_talent_carrier.gd:348)
       [8] _process (res://tests/test_talent_carrier.gd:332)
WARNING: [TalentRegistry] 拒绝注册天赋 test_rej_amount_zero：gain_resource 的 amount 必须为正整数，实际 0
   at: push_warning (core/variant/variant_utility.cpp:1034)
   GDScript backtrace (most recent call first):
       [0] _reject (res://scripts/data/talent_registry.gd:224)
       [1] _build (res://scripts/data/talent_registry.gd:169)
       [2] _init (res://scripts/data/talent_registry.gd:139)
       [3] _ensure_talent_registry (res://scripts/core/tactical_manager.gd:2605)
       [4] _dispatch_talents (res://scripts/core/tactical_manager.gd:2613)
       [5] _execute_hostile_action (res://scripts/core/tactical_manager.gd:1736)
       [6] _test_offhand_weapon_effect (res://tests/test_talent_carrier.gd:814)
       [7] _run (res://tests/test_talent_carrier.gd:348)
       [8] _process (res://tests/test_talent_carrier.gd:332)
WARNING: [TalentRegistry] 拒绝注册天赋 test_rej_amount_str：gain_resource 的 amount 必须是数字，实际是 String
   at: push_warning (core/variant/variant_utility.cpp:1034)
   GDScript backtrace (most recent call first):
       [0] _reject (res://scripts/data/talent_registry.gd:224)
       [1] _build (res://scripts/data/talent_registry.gd:169)
       [2] _init (res://scripts/data/talent_registry.gd:139)
       [3] _ensure_talent_registry (res://scripts/core/tactical_manager.gd:2605)
       [4] _dispatch_talents (res://scripts/core/tactical_manager.gd:2613)
       [5] _execute_hostile_action (res://scripts/core/tactical_manager.gd:1736)
       [6] _test_offhand_weapon_effect (res://tests/test_talent_carrier.gd:814)
       [7] _run (res://tests/test_talent_carrier.gd:348)
       [8] _process (res://tests/test_talent_carrier.gd:332)
WARNING: [TalentRegistry] 拒绝注册天赋 test_rej_amount_fraction：gain_resource 的 amount 必须是整数值，实际 2.5 含小数部分
   at: push_warning (core/variant/variant_utility.cpp:1034)
   GDScript backtrace (most recent call first):
       [0] _reject (res://scripts/data/talent_registry.gd:224)
       [1] _build (res://scripts/data/talent_registry.gd:169)
       [2] _init (res://scripts/data/talent_registry.gd:139)
       [3] _ensure_talent_registry (res://scripts/core/tactical_manager.gd:2605)
       [4] _dispatch_talents (res://scripts/core/tactical_manager.gd:2613)
       [5] _execute_hostile_action (res://scripts/core/tactical_manager.gd:1736)
       [6] _test_offhand_weapon_effect (res://tests/test_talent_carrier.gd:814)
       [7] _run (res://tests/test_talent_carrier.gd:348)
       [8] _process (res://tests/test_talent_carrier.gd:332)
WARNING: [TalentRegistry] 拒绝注册天赋 test_rej_amount_huge：gain_resource 的 amount 999999 超出合理上限 999（疑似手误多打了位数）
   at: push_warning (core/variant/variant_utility.cpp:1034)
   GDScript backtrace (most recent call first):
       [0] _reject (res://scripts/data/talent_registry.gd:224)
       [1] _build (res://scripts/data/talent_registry.gd:169)
       [2] _init (res://scripts/data/talent_registry.gd:139)
       [3] _ensure_talent_registry (res://scripts/core/tactical_manager.gd:2605)
       [4] _dispatch_talents (res://scripts/core/tactical_manager.gd:2613)
       [5] _execute_hostile_action (res://scripts/core/tactical_manager.gd:1736)
       [6] _test_offhand_weapon_effect (res://tests/test_talent_carrier.gd:814)
       [7] _run (res://tests/test_talent_carrier.gd:348)
       [8] _process (res://tests/test_talent_carrier.gd:332)
WARNING: [TalentRegistry] 拒绝注册天赋 test_rej_states_not_array：requires_states 必须是数组，实际是 String（写成裸字符串会绕过状态依赖检查）
   at: push_warning (core/variant/variant_utility.cpp:1034)
   GDScript backtrace (most recent call first):
       [0] _reject (res://scripts/data/talent_registry.gd:224)
       [1] _build (res://scripts/data/talent_registry.gd:169)
       [2] _init (res://scripts/data/talent_registry.gd:139)
       [3] _ensure_talent_registry (res://scripts/core/tactical_manager.gd:2605)
       [4] _dispatch_talents (res://scripts/core/tactical_manager.gd:2613)
       [5] _execute_hostile_action (res://scripts/core/tactical_manager.gd:1736)
       [6] _test_offhand_weapon_effect (res://tests/test_talent_carrier.gd:814)
       [7] _run (res://tests/test_talent_carrier.gd:348)
       [8] _process (res://tests/test_talent_carrier.gd:332)
WARNING: [TalentRegistry] 拒绝注册天赋 test_rej_states_item_not_str：requires_states 的元素必须是状态 id 字符串，实际含 Dictionary
   at: push_warning (core/variant/variant_utility.cpp:1034)
   GDScript backtrace (most recent call first):
       [0] _reject (res://scripts/data/talent_registry.gd:224)
       [1] _build (res://scripts/data/talent_registry.gd:169)
       [2] _init (res://scripts/data/talent_registry.gd:139)
       [3] _ensure_talent_registry (res://scripts/core/tactical_manager.gd:2605)
       [4] _dispatch_talents (res://scripts/core/tactical_manager.gd:2613)
       [5] _execute_hostile_action (res://scripts/core/tactical_manager.gd:1736)
       [6] _test_offhand_weapon_effect (res://tests/test_talent_carrier.gd:814)
       [7] _run (res://tests/test_talent_carrier.gd:348)
       [8] _process (res://tests/test_talent_carrier.gd:332)
WARNING: [TalentRegistry] 拒绝注册天赋 test_rej_effects_not_array：engine_effects 必须是数组，实际是 Dictionary
   at: push_warning (core/variant/variant_utility.cpp:1034)
   GDScript backtrace (most recent call first):
       [0] _reject (res://scripts/data/talent_registry.gd:224)
       [1] _build (res://scripts/data/talent_registry.gd:169)
       [2] _init (res://scripts/data/talent_registry.gd:139)
       [3] _ensure_talent_registry (res://scripts/core/tactical_manager.gd:2605)
       [4] _dispatch_talents (res://scripts/core/tactical_manager.gd:2613)
       [5] _execute_hostile_action (res://scripts/core/tactical_manager.gd:1736)
       [6] _test_offhand_weapon_effect (res://tests/test_talent_carrier.gd:814)
       [7] _run (res://tests/test_talent_carrier.gd:348)
       [8] _process (res://tests/test_talent_carrier.gd:332)
WARNING: [TalentRegistry] 拒绝注册天赋 test_rej_effects_item_not_dict：engine_effects 含非字典项（String）
   at: push_warning (core/variant/variant_utility.cpp:1034)
   GDScript backtrace (most recent call first):
       [0] _reject (res://scripts/data/talent_registry.gd:224)
       [1] _build (res://scripts/data/talent_registry.gd:169)
       [2] _init (res://scripts/data/talent_registry.gd:139)
       [3] _ensure_talent_registry (res://scripts/core/tactical_manager.gd:2605)
       [4] _dispatch_talents (res://scripts/core/tactical_manager.gd:2613)
       [5] _execute_hostile_action (res://scripts/core/tactical_manager.gd:1736)
       [6] _test_offhand_weapon_effect (res://tests/test_talent_carrier.gd:814)
       [7] _run (res://tests/test_talent_carrier.gd:348)
       [8] _process (res://tests/test_talent_carrier.gd:332)
WARNING: [TalentRegistry] 拒绝注册天赋 test_rej_offhand_no_dtype：offhand_followup 的 damage_type「」未支持（当前支持 ["physical", "magical", "pure"]）
   at: push_warning (core/variant/variant_utility.cpp:1034)
   GDScript backtrace (most recent call first):
       [0] _reject (res://scripts/data/talent_registry.gd:224)
       [1] _build (res://scripts/data/talent_registry.gd:169)
       [2] _init (res://scripts/data/talent_registry.gd:139)
       [3] _ensure_talent_registry (res://scripts/core/tactical_manager.gd:2605)
       [4] _dispatch_talents (res://scripts/core/tactical_manager.gd:2613)
       [5] _execute_hostile_action (res://scripts/core/tactical_manager.gd:1736)
       [6] _test_offhand_weapon_effect (res://tests/test_talent_carrier.gd:814)
       [7] _run (res://tests/test_talent_carrier.gd:348)
       [8] _process (res://tests/test_talent_carrier.gd:332)
WARNING: [TalentRegistry] 拒绝注册天赋 test_rej_offhand_bad_pct：offhand_followup 的 damage_pct 必须是数字，实际是 String
   at: push_warning (core/variant/variant_utility.cpp:1034)
   GDScript backtrace (most recent call first):
       [0] _reject (res://scripts/data/talent_registry.gd:224)
       [1] _build (res://scripts/data/talent_registry.gd:169)
       [2] _init (res://scripts/data/talent_registry.gd:139)
       [3] _ensure_talent_registry (res://scripts/core/tactical_manager.gd:2605)
       [4] _dispatch_talents (res://scripts/core/tactical_manager.gd:2613)
       [5] _execute_hostile_action (res://scripts/core/tactical_manager.gd:1736)
       [6] _test_offhand_weapon_effect (res://tests/test_talent_carrier.gd:814)
       [7] _run (res://tests/test_talent_carrier.gd:348)
       [8] _process (res://tests/test_talent_carrier.gd:332)
WARNING: [TalentRegistry] 拒绝注册天赋 test_rej_id_mismatch：条目内 id「另一个id」与注册键「test_rej_id_mismatch」不一致
   at: push_warning (core/variant/variant_utility.cpp:1034)
   GDScript backtrace (most recent call first):
       [0] _reject (res://scripts/data/talent_registry.gd:224)
       [1] _build (res://scripts/data/talent_registry.gd:153)
       [2] _init (res://scripts/data/talent_registry.gd:139)
       [3] _ensure_talent_registry (res://scripts/core/tactical_manager.gd:2605)
       [4] _dispatch_talents (res://scripts/core/tactical_manager.gd:2613)
       [5] _execute_hostile_action (res://scripts/core/tactical_manager.gd:1736)
       [6] _test_offhand_weapon_effect (res://tests/test_talent_carrier.gd:814)
       [7] _run (res://tests/test_talent_carrier.gd:348)
       [8] _process (res://tests/test_talent_carrier.gd:332)
[Attack] 剑圣→枪兵 | hit=true | crit=false | dmg=16
[SwordQi] 剑圣 +10 qi on hit → 10
[Attack] 剑圣→枪兵 | hit=true | crit=false | dmg=16
[SwordQi] 剑圣 +10 qi on hit → 20
[Attack] 副手: 剑圣→枪兵 | hit=true | crit=false | dmg=15
  ✓ 只有二天一流 → 副手特效不生效，伤害 == floor((STR + 20) × 50%)
[Attack] 剑圣→枪兵 | hit=true | crit=false | dmg=16
[SwordQi] 剑圣 +10 qi on hit → 30
[Attack] 副手: 剑圣→枪兵 | hit=true | crit=false | dmg=16
  ✓ 加二刀开刃 → 特效按 50% 进 base，伤害 == floor((STR + 20 + 4×50%) × 50%)
  ✓ 二刀开刃确实提高了副手伤害
[Attack] 剑圣→枪兵 | hit=true | crit=false | dmg=16
[SwordQi] 剑圣 +10 qi on hit → 40
[Attack] 副手: 剑圣→枪兵 | hit=true | crit=false | dmg=8
  ✓ 换铁剑(might=5, 特效 STR+2) → floor((STR + 5 + 2×50%) × 50%)
[Attack] 剑圣→枪兵 | hit=true | crit=false | dmg=16
[SwordQi] 剑圣 +10 qi on hit → 50
  ✓ 卸下副手 → 双持不成立，副手整个不追加
[Attack] 剑圣→枪兵 | hit=true | crit=false | dmg=16
[SwordQi] 剑圣 +10 qi on hit → 60
  ✓ 只有二刀开刃、无二天一流 → 不追加（开刃只解锁特效，不提供追加）

--- 结果：175 过 / 0 失败 ---
=== EXIT_CODE 0 ===
=== TEST res://tests/test_talent_defense.gd ===
Godot Engine v4.6.3.stable.official.7d41c59c4 - https://godotengine.org

=== test_talent_defense（Wave 4 · 防御侧反应）===
[DataLoader] Loaded: 7 classes, 20 skills, 10 buffs, 8 enemies, 4 maps, 2 states, 7 talents
[DataLoader] Loaded: 7 classes, 20 skills, 10 buffs, 8 enemies, 4 maps, 2 states, 7 talents

[D0] 注册期把关：requires_turn_phase 与 parry_damage_reduction
WARNING: [TalentRegistry] 拒绝注册天赋 test_rej_phase_bad：触发行 main 的 requires_turn_phase「敌方回合」不在闭集 ["outside_own_turn"] 内（空串=不限）
   at: push_warning (core/variant/variant_utility.cpp:1034)
   GDScript backtrace (most recent call first):
       [0] _reject (res://scripts/data/talent_registry.gd:224)
       [1] _build (res://scripts/data/talent_registry.gd:169)
       [2] _init (res://scripts/data/talent_registry.gd:139)
       [3] _make_registry (res://tests/test_talent_defense.gd:649)
       [4] _test_registration_gates (res://tests/test_talent_defense.gd:166)
       [5] _run (res://tests/test_talent_defense.gd:140)
       [6] _process (res://tests/test_talent_defense.gd:132)
WARNING: [TalentRegistry] 拒绝注册天赋 test_rej_phase_passive：触发行 main 是常驻行，不能声明 requires_turn_phase（常驻没有「本次事件」，消费方也无从求值）
   at: push_warning (core/variant/variant_utility.cpp:1034)
   GDScript backtrace (most recent call first):
       [0] _reject (res://scripts/data/talent_registry.gd:224)
       [1] _build (res://scripts/data/talent_registry.gd:169)
       [2] _init (res://scripts/data/talent_registry.gd:139)
       [3] _make_registry (res://tests/test_talent_defense.gd:649)
       [4] _test_registration_gates (res://tests/test_talent_defense.gd:166)
       [5] _run (res://tests/test_talent_defense.gd:140)
       [6] _process (res://tests/test_talent_defense.gd:132)
WARNING: [TalentRegistry] 拒绝注册天赋 test_rej_phase_none_model：condition_model=none 但 requires_turn_phase 非空（outside_own_turn）——none 的语义是无条件
   at: push_warning (core/variant/variant_utility.cpp:1034)
   GDScript backtrace (most recent call first):
       [0] _reject (res://scripts/data/talent_registry.gd:224)
       [1] _build (res://scripts/data/talent_registry.gd:169)
       [2] _init (res://scripts/data/talent_registry.gd:139)
       [3] _make_registry (res://tests/test_talent_defense.gd:649)
       [4] _test_registration_gates (res://tests/test_talent_defense.gd:166)
       [5] _run (res://tests/test_talent_defense.gd:140)
       [6] _process (res://tests/test_talent_defense.gd:132)
WARNING: [TalentRegistry] 拒绝注册天赋 test_rej_parry_dup：parry_damage_reduction 不得声明 reduction_base_pct / reduction_stat——减伤幅度的权威是招架架势的 parry 段（设计库逐字：「按招架的减伤结算」），自带一份就是双写
   at: push_warning (core/variant/variant_utility.cpp:1034)
   GDScript backtrace (most recent call first):
       [0] _reject (res://scripts/data/talent_registry.gd:224)
       [1] _build (res://scripts/data/talent_registry.gd:169)
       [2] _init (res://scripts/data/talent_registry.gd:139)
       [3] _make_registry (res://tests/test_talent_defense.gd:649)
       [4] _test_registration_gates (res://tests/test_talent_defense.gd:166)
       [5] _run (res://tests/test_talent_defense.gd:140)
       [6] _process (res://tests/test_talent_defense.gd:132)
WARNING: [TalentRegistry] 拒绝注册天赋 test_rej_parry_qi_str：parry_damage_reduction 的 qi_cost 必须是数字，实际是 String
   at: push_warning (core/variant/variant_utility.cpp:1034)
   GDScript backtrace (most recent call first):
       [0] _reject (res://scripts/data/talent_registry.gd:224)
       [1] _build (res://scripts/data/talent_registry.gd:169)
       [2] _init (res://scripts/data/talent_registry.gd:139)
       [3] _make_registry (res://tests/test_talent_defense.gd:649)
       [4] _test_registration_gates (res://tests/test_talent_defense.gd:166)
       [5] _run (res://tests/test_talent_defense.gd:140)
       [6] _process (res://tests/test_talent_defense.gd:132)
WARNING: [TalentRegistry] 拒绝注册天赋 test_rej_parry_wrong_event：engine_effects 第 0 条（parry_damage_reduction）落在触发行 main 的事件「命中后」上，但该效果只能挂 ["受到攻击时"]——挂错时机会被静默吞掉
   at: push_warning (core/variant/variant_utility.cpp:1034)
   GDScript backtrace (most recent call first):
       [0] _reject (res://scripts/data/talent_registry.gd:224)
       [1] _build (res://scripts/data/talent_registry.gd:169)
       [2] _init (res://scripts/data/talent_registry.gd:139)
       [3] _make_registry (res://tests/test_talent_defense.gd:649)
       [4] _test_registration_gates (res://tests/test_talent_defense.gd:166)
       [5] _run (res://tests/test_talent_defense.gd:140)
       [6] _process (res://tests/test_talent_defense.gd:132)
  ✓ test_rej_phase_bad 被拒
  ✓ test_rej_phase_bad 的理由说得出所以然
  ✓ test_rej_phase_passive 被拒
  ✓ test_rej_phase_passive 的理由说得出所以然
  ✓ test_rej_phase_none_model 被拒
  ✓ test_rej_phase_none_model 的理由说得出所以然
  ✓ test_rej_parry_dup 被拒
  ✓ test_rej_parry_dup 的理由说得出所以然
  ✓ test_rej_parry_qi_str 被拒
  ✓ test_rej_parry_qi_str 的理由说得出所以然
  ✓ test_rej_parry_wrong_event 被拒
  ✓ test_rej_parry_wrong_event 的理由说得出所以然
  ✓ 条件只由 requires_turn_phase 表达的卡能注册（自洽检查算上了新判据）
  ✓ 无条件的防御侧卡能注册

[D1] 交刃装载、注册与镜像保真
  ✓ kensei_jiaoren 已装载
  ✓ kensei_jiaoren 注册成功
  ✓ 交刃 事件
  ✓ 交刃 来源为空（= 不限来源，主副手都触发）
  ✓ 交刃 频率
  ✓ 交刃 回合位置
  ✓ 交刃 依赖双持
  ✓ 交刃 只有一条效果
  ✓ 交刃 效果类型
  ✓ 交刃 剑气消耗从 JSON 读（设计库逐字 10 点）
  ✓ 交刃 不自带减伤幅度（幅度权威在招架的 parry 段）
  ✓ 「受到攻击时」桶里有交刃

[D1b] 招架架势的 parry 段（减伤参数的唯一权威）
  ✓ swordsman_parry_stance 已装载
  ✓ parry 段存在
  ✓ 概率属性 = SPD
  ✓ 减伤基数 = 40
  ✓ 减伤属性 = DEX
  ✓ 招架 description 已去掉「待后续实装」

[D2] 受到攻击时发给被攻击者，不发给攻击者
[Grid] Initialized 8x8 map: test_arena
[TacticalScene] Units spawned: 6
[TurnManager] Round 1 queue: [剑圣(player), 弓箭手(enemy), 枪兵(enemy), 法师(enemy), 不灭木桩(enemy), 复活木桩(enemy)]
[TurnManager] Turn: 剑圣 (player)
WARNING: [TalentRegistry] 拒绝注册天赋 test_rej_phase_bad：触发行 main 的 requires_turn_phase「敌方回合」不在闭集 ["outside_own_turn"] 内（空串=不限）
   at: push_warning (core/variant/variant_utility.cpp:1034)
   GDScript backtrace (most recent call first):
       [0] _reject (res://scripts/data/talent_registry.gd:224)
       [1] _build (res://scripts/data/talent_registry.gd:169)
       [2] _init (res://scripts/data/talent_registry.gd:139)
       [3] _ensure_talent_registry (res://scripts/core/tactical_manager.gd:2605)
       [4] _dispatch_talents (res://scripts/core/tactical_manager.gd:2613)
       [5] _resolve_defense (res://scripts/core/tactical_manager.gd:2755)
       [6] _execute_hostile_action (res://scripts/core/tactical_manager.gd:1749)
       [7] _incoming (res://tests/test_talent_defense.gd:643)
       [8] _test_dispatch_target (res://tests/test_talent_defense.gd:258)
       [9] _run (res://tests/test_talent_defense.gd:143)
       [10] _process (res://tests/test_talent_defense.gd:132)
WARNING: [TalentRegistry] 拒绝注册天赋 test_rej_phase_passive：触发行 main 是常驻行，不能声明 requires_turn_phase（常驻没有「本次事件」，消费方也无从求值）
   at: push_warning (core/variant/variant_utility.cpp:1034)
   GDScript backtrace (most recent call first):
       [0] _reject (res://scripts/data/talent_registry.gd:224)
       [1] _build (res://scripts/data/talent_registry.gd:169)
       [2] _init (res://scripts/data/talent_registry.gd:139)
       [3] _ensure_talent_registry (res://scripts/core/tactical_manager.gd:2605)
       [4] _dispatch_talents (res://scripts/core/tactical_manager.gd:2613)
       [5] _resolve_defense (res://scripts/core/tactical_manager.gd:2755)
       [6] _execute_hostile_action (res://scripts/core/tactical_manager.gd:1749)
       [7] _incoming (res://tests/test_talent_defense.gd:643)
       [8] _test_dispatch_target (res://tests/test_talent_defense.gd:258)
       [9] _run (res://tests/test_talent_defense.gd:143)
       [10] _process (res://tests/test_talent_defense.gd:132)
WARNING: [TalentRegistry] 拒绝注册天赋 test_rej_phase_none_model：condition_model=none 但 requires_turn_phase 非空（outside_own_turn）——none 的语义是无条件
   at: push_warning (core/variant/variant_utility.cpp:1034)
   GDScript backtrace (most recent call first):
       [0] _reject (res://scripts/data/talent_registry.gd:224)
       [1] _build (res://scripts/data/talent_registry.gd:169)
       [2] _init (res://scripts/data/talent_registry.gd:139)
       [3] _ensure_talent_registry (res://scripts/core/tactical_manager.gd:2605)
       [4] _dispatch_talents (res://scripts/core/tactical_manager.gd:2613)
       [5] _resolve_defense (res://scripts/core/tactical_manager.gd:2755)
       [6] _execute_hostile_action (res://scripts/core/tactical_manager.gd:1749)
       [7] _incoming (res://tests/test_talent_defense.gd:643)
       [8] _test_dispatch_target (res://tests/test_talent_defense.gd:258)
       [9] _run (res://tests/test_talent_defense.gd:143)
       [10] _process (res://tests/test_talent_defense.gd:132)
WARNING: [TalentRegistry] 拒绝注册天赋 test_rej_parry_dup：parry_damage_reduction 不得声明 reduction_base_pct / reduction_stat——减伤幅度的权威是招架架势的 parry 段（设计库逐字：「按招架的减伤结算」），自带一份就是双写
   at: push_warning (core/variant/variant_utility.cpp:1034)
   GDScript backtrace (most recent call first):
       [0] _reject (res://scripts/data/talent_registry.gd:224)
       [1] _build (res://scripts/data/talent_registry.gd:169)
       [2] _init (res://scripts/data/talent_registry.gd:139)
       [3] _ensure_talent_registry (res://scripts/core/tactical_manager.gd:2605)
       [4] _dispatch_talents (res://scripts/core/tactical_manager.gd:2613)
       [5] _resolve_defense (res://scripts/core/tactical_manager.gd:2755)
       [6] _execute_hostile_action (res://scripts/core/tactical_manager.gd:1749)
       [7] _incoming (res://tests/test_talent_defense.gd:643)
       [8] _test_dispatch_target (res://tests/test_talent_defense.gd:258)
       [9] _run (res://tests/test_talent_defense.gd:143)
       [10] _process (res://tests/test_talent_defense.gd:132)
WARNING: [TalentRegistry] 拒绝注册天赋 test_rej_parry_qi_str：parry_damage_reduction 的 qi_cost 必须是数字，实际是 String
   at: push_warning (core/variant/variant_utility.cpp:1034)
   GDScript backtrace (most recent call first):
       [0] _reject (res://scripts/data/talent_registry.gd:224)
       [1] _build (res://scripts/data/talent_registry.gd:169)
       [2] _init (res://scripts/data/talent_registry.gd:139)
       [3] _ensure_talent_registry (res://scripts/core/tactical_manager.gd:2605)
       [4] _dispatch_talents (res://scripts/core/tactical_manager.gd:2613)
       [5] _resolve_defense (res://scripts/core/tactical_manager.gd:2755)
       [6] _execute_hostile_action (res://scripts/core/tactical_manager.gd:1749)
       [7] _incoming (res://tests/test_talent_defense.gd:643)
       [8] _test_dispatch_target (res://tests/test_talent_defense.gd:258)
       [9] _run (res://tests/test_talent_defense.gd:143)
       [10] _process (res://tests/test_talent_defense.gd:132)
WARNING: [TalentRegistry] 拒绝注册天赋 test_rej_parry_wrong_event：engine_effects 第 0 条（parry_damage_reduction）落在触发行 main 的事件「命中后」上，但该效果只能挂 ["受到攻击时"]——挂错时机会被静默吞掉
   at: push_warning (core/variant/variant_utility.cpp:1034)
   GDScript backtrace (most recent call first):
       [0] _reject (res://scripts/data/talent_registry.gd:224)
       [1] _build (res://scripts/data/talent_registry.gd:169)
       [2] _init (res://scripts/data/talent_registry.gd:139)
       [3] _ensure_talent_registry (res://scripts/core/tactical_manager.gd:2605)
       [4] _dispatch_talents (res://scripts/core/tactical_manager.gd:2613)
       [5] _resolve_defense (res://scripts/core/tactical_manager.gd:2755)
       [6] _execute_hostile_action (res://scripts/core/tactical_manager.gd:1749)
       [7] _incoming (res://tests/test_talent_defense.gd:643)
       [8] _test_dispatch_target (res://tests/test_talent_defense.gd:258)
       [9] _run (res://tests/test_talent_defense.gd:143)
       [10] _process (res://tests/test_talent_defense.gd:132)
[Talent] 剑圣 「test_def_any」→ +3 剑气 → 3
[Attack] 枪兵→剑圣 | hit=true | crit=false | dmg=46
  ✓ 基线：敌人确实打出了伤害（否则下面全是假通过）
  ✓ 卡在被攻击者身上 → 触发（+3 剑气）
[Attack] 枪兵→剑圣 | hit=true | crit=false | dmg=46
  ✓ 卡在攻击者身上 → 不触发（攻击者剑气不变）
  ✓ 卡在攻击者身上 → 被攻击者也不获益

[D3] requires_turn_phase 双向：回合外触发、自身回合内不触发
[Grid] Initialized 8x8 map: test_arena
[TacticalScene] Units spawned: 6
[TurnManager] Round 1 queue: [剑圣(player), 弓箭手(enemy), 枪兵(enemy), 法师(enemy), 不灭木桩(enemy), 复活木桩(enemy)]
[TurnManager] Turn: 剑圣 (player)
WARNING: [TalentRegistry] 拒绝注册天赋 test_rej_phase_bad：触发行 main 的 requires_turn_phase「敌方回合」不在闭集 ["outside_own_turn"] 内（空串=不限）
   at: push_warning (core/variant/variant_utility.cpp:1034)
   GDScript backtrace (most recent call first):
       [0] _reject (res://scripts/data/talent_registry.gd:224)
       [1] _build (res://scripts/data/talent_registry.gd:169)
       [2] _init (res://scripts/data/talent_registry.gd:139)
       [3] _ensure_talent_registry (res://scripts/core/tactical_manager.gd:2605)
       [4] _dispatch_talents (res://scripts/core/tactical_manager.gd:2613)
       [5] _resolve_defense (res://scripts/core/tactical_manager.gd:2755)
       [6] _execute_hostile_action (res://scripts/core/tactical_manager.gd:1749)
       [7] _incoming (res://tests/test_talent_defense.gd:643)
       [8] _test_turn_phase_directions (res://tests/test_talent_defense.gd:289)
       [9] _run (res://tests/test_talent_defense.gd:144)
       [10] _process (res://tests/test_talent_defense.gd:132)
WARNING: [TalentRegistry] 拒绝注册天赋 test_rej_phase_passive：触发行 main 是常驻行，不能声明 requires_turn_phase（常驻没有「本次事件」，消费方也无从求值）
   at: push_warning (core/variant/variant_utility.cpp:1034)
   GDScript backtrace (most recent call first):
       [0] _reject (res://scripts/data/talent_registry.gd:224)
       [1] _build (res://scripts/data/talent_registry.gd:169)
       [2] _init (res://scripts/data/talent_registry.gd:139)
       [3] _ensure_talent_registry (res://scripts/core/tactical_manager.gd:2605)
       [4] _dispatch_talents (res://scripts/core/tactical_manager.gd:2613)
       [5] _resolve_defense (res://scripts/core/tactical_manager.gd:2755)
       [6] _execute_hostile_action (res://scripts/core/tactical_manager.gd:1749)
       [7] _incoming (res://tests/test_talent_defense.gd:643)
       [8] _test_turn_phase_directions (res://tests/test_talent_defense.gd:289)
       [9] _run (res://tests/test_talent_defense.gd:144)
       [10] _process (res://tests/test_talent_defense.gd:132)
WARNING: [TalentRegistry] 拒绝注册天赋 test_rej_phase_none_model：condition_model=none 但 requires_turn_phase 非空（outside_own_turn）——none 的语义是无条件
   at: push_warning (core/variant/variant_utility.cpp:1034)
   GDScript backtrace (most recent call first):
       [0] _reject (res://scripts/data/talent_registry.gd:224)
       [1] _build (res://scripts/data/talent_registry.gd:169)
       [2] _init (res://scripts/data/talent_registry.gd:139)
       [3] _ensure_talent_registry (res://scripts/core/tactical_manager.gd:2605)
       [4] _dispatch_talents (res://scripts/core/tactical_manager.gd:2613)
       [5] _resolve_defense (res://scripts/core/tactical_manager.gd:2755)
       [6] _execute_hostile_action (res://scripts/core/tactical_manager.gd:1749)
       [7] _incoming (res://tests/test_talent_defense.gd:643)
       [8] _test_turn_phase_directions (res://tests/test_talent_defense.gd:289)
       [9] _run (res://tests/test_talent_defense.gd:144)
       [10] _process (res://tests/test_talent_defense.gd:132)
WARNING: [TalentRegistry] 拒绝注册天赋 test_rej_parry_dup：parry_damage_reduction 不得声明 reduction_base_pct / reduction_stat——减伤幅度的权威是招架架势的 parry 段（设计库逐字：「按招架的减伤结算」），自带一份就是双写
   at: push_warning (core/variant/variant_utility.cpp:1034)
   GDScript backtrace (most recent call first):
       [0] _reject (res://scripts/data/talent_registry.gd:224)
       [1] _build (res://scripts/data/talent_registry.gd:169)
       [2] _init (res://scripts/data/talent_registry.gd:139)
       [3] _ensure_talent_registry (res://scripts/core/tactical_manager.gd:2605)
       [4] _dispatch_talents (res://scripts/core/tactical_manager.gd:2613)
       [5] _resolve_defense (res://scripts/core/tactical_manager.gd:2755)
       [6] _execute_hostile_action (res://scripts/core/tactical_manager.gd:1749)
       [7] _incoming (res://tests/test_talent_defense.gd:643)
       [8] _test_turn_phase_directions (res://tests/test_talent_defense.gd:289)
       [9] _run (res://tests/test_talent_defense.gd:144)
       [10] _process (res://tests/test_talent_defense.gd:132)
WARNING: [TalentRegistry] 拒绝注册天赋 test_rej_parry_qi_str：parry_damage_reduction 的 qi_cost 必须是数字，实际是 String
   at: push_warning (core/variant/variant_utility.cpp:1034)
   GDScript backtrace (most recent call first):
       [0] _reject (res://scripts/data/talent_registry.gd:224)
       [1] _build (res://scripts/data/talent_registry.gd:169)
       [2] _init (res://scripts/data/talent_registry.gd:139)
       [3] _ensure_talent_registry (res://scripts/core/tactical_manager.gd:2605)
       [4] _dispatch_talents (res://scripts/core/tactical_manager.gd:2613)
       [5] _resolve_defense (res://scripts/core/tactical_manager.gd:2755)
       [6] _execute_hostile_action (res://scripts/core/tactical_manager.gd:1749)
       [7] _incoming (res://tests/test_talent_defense.gd:643)
       [8] _test_turn_phase_directions (res://tests/test_talent_defense.gd:289)
       [9] _run (res://tests/test_talent_defense.gd:144)
       [10] _process (res://tests/test_talent_defense.gd:132)
WARNING: [TalentRegistry] 拒绝注册天赋 test_rej_parry_wrong_event：engine_effects 第 0 条（parry_damage_reduction）落在触发行 main 的事件「命中后」上，但该效果只能挂 ["受到攻击时"]——挂错时机会被静默吞掉
   at: push_warning (core/variant/variant_utility.cpp:1034)
   GDScript backtrace (most recent call first):
       [0] _reject (res://scripts/data/talent_registry.gd:224)
       [1] _build (res://scripts/data/talent_registry.gd:169)
       [2] _init (res://scripts/data/talent_registry.gd:139)
       [3] _ensure_talent_registry (res://scripts/core/tactical_manager.gd:2605)
       [4] _dispatch_talents (res://scripts/core/tactical_manager.gd:2613)
       [5] _resolve_defense (res://scripts/core/tactical_manager.gd:2755)
       [6] _execute_hostile_action (res://scripts/core/tactical_manager.gd:1749)
       [7] _incoming (res://tests/test_talent_defense.gd:643)
       [8] _test_turn_phase_directions (res://tests/test_talent_defense.gd:289)
       [9] _run (res://tests/test_talent_defense.gd:144)
       [10] _process (res://tests/test_talent_defense.gd:132)
[Talent] 剑圣 「test_def_outside」→ +3 剑气 → 3
[Attack] 枪兵→剑圣 | hit=true | crit=false | dmg=46
  ✓ 被攻击者不是当前行动单位 → 回合外 → 触发（+3）
[Attack] 枪兵→剑圣 | hit=true | crit=false | dmg=46
  ✓ 被攻击者就是当前行动单位 → 回合内 → 不触发（剑气不变）
[Talent] 剑圣 「test_def_any」→ +3 剑气 → 3
[Attack] 枪兵→剑圣 | hit=true | crit=false | dmg=46
  ✓ 同一时点，不限回合位置的卡仍触发（证明事件确实发了）

[D4] 交刃的剑气门槛：不足不触发且不扣，足额触发并扣
[Grid] Initialized 8x8 map: test_arena
[TacticalScene] Units spawned: 6
[TurnManager] Round 1 queue: [剑圣(player), 弓箭手(enemy), 枪兵(enemy), 法师(enemy), 不灭木桩(enemy), 复活木桩(enemy)]
[TurnManager] Turn: 剑圣 (player)
  ✓ 前提：剑圣处于双持
WARNING: [TalentRegistry] 拒绝注册天赋 test_rej_phase_bad：触发行 main 的 requires_turn_phase「敌方回合」不在闭集 ["outside_own_turn"] 内（空串=不限）
   at: push_warning (core/variant/variant_utility.cpp:1034)
   GDScript backtrace (most recent call first):
       [0] _reject (res://scripts/data/talent_registry.gd:224)
       [1] _build (res://scripts/data/talent_registry.gd:169)
       [2] _init (res://scripts/data/talent_registry.gd:139)
       [3] _ensure_talent_registry (res://scripts/core/tactical_manager.gd:2605)
       [4] _arm_jiaoren (res://tests/test_talent_defense.gd:615)
       [5] _test_qi_threshold (res://tests/test_talent_defense.gd:324)
       [6] _run (res://tests/test_talent_defense.gd:145)
       [7] _process (res://tests/test_talent_defense.gd:132)
WARNING: [TalentRegistry] 拒绝注册天赋 test_rej_phase_passive：触发行 main 是常驻行，不能声明 requires_turn_phase（常驻没有「本次事件」，消费方也无从求值）
   at: push_warning (core/variant/variant_utility.cpp:1034)
   GDScript backtrace (most recent call first):
       [0] _reject (res://scripts/data/talent_registry.gd:224)
       [1] _build (res://scripts/data/talent_registry.gd:169)
       [2] _init (res://scripts/data/talent_registry.gd:139)
       [3] _ensure_talent_registry (res://scripts/core/tactical_manager.gd:2605)
       [4] _arm_jiaoren (res://tests/test_talent_defense.gd:615)
       [5] _test_qi_threshold (res://tests/test_talent_defense.gd:324)
       [6] _run (res://tests/test_talent_defense.gd:145)
       [7] _process (res://tests/test_talent_defense.gd:132)
WARNING: [TalentRegistry] 拒绝注册天赋 test_rej_phase_none_model：condition_model=none 但 requires_turn_phase 非空（outside_own_turn）——none 的语义是无条件
   at: push_warning (core/variant/variant_utility.cpp:1034)
   GDScript backtrace (most recent call first):
       [0] _reject (res://scripts/data/talent_registry.gd:224)
       [1] _build (res://scripts/data/talent_registry.gd:169)
       [2] _init (res://scripts/data/talent_registry.gd:139)
       [3] _ensure_talent_registry (res://scripts/core/tactical_manager.gd:2605)
       [4] _arm_jiaoren (res://tests/test_talent_defense.gd:615)
       [5] _test_qi_threshold (res://tests/test_talent_defense.gd:324)
       [6] _run (res://tests/test_talent_defense.gd:145)
       [7] _process (res://tests/test_talent_defense.gd:132)
WARNING: [TalentRegistry] 拒绝注册天赋 test_rej_parry_dup：parry_damage_reduction 不得声明 reduction_base_pct / reduction_stat——减伤幅度的权威是招架架势的 parry 段（设计库逐字：「按招架的减伤结算」），自带一份就是双写
   at: push_warning (core/variant/variant_utility.cpp:1034)
   GDScript backtrace (most recent call first):
       [0] _reject (res://scripts/data/talent_registry.gd:224)
       [1] _build (res://scripts/data/talent_registry.gd:169)
       [2] _init (res://scripts/data/talent_registry.gd:139)
       [3] _ensure_talent_registry (res://scripts/core/tactical_manager.gd:2605)
       [4] _arm_jiaoren (res://tests/test_talent_defense.gd:615)
       [5] _test_qi_threshold (res://tests/test_talent_defense.gd:324)
       [6] _run (res://tests/test_talent_defense.gd:145)
       [7] _process (res://tests/test_talent_defense.gd:132)
WARNING: [TalentRegistry] 拒绝注册天赋 test_rej_parry_qi_str：parry_damage_reduction 的 qi_cost 必须是数字，实际是 String
   at: push_warning (core/variant/variant_utility.cpp:1034)
   GDScript backtrace (most recent call first):
       [0] _reject (res://scripts/data/talent_registry.gd:224)
       [1] _build (res://scripts/data/talent_registry.gd:169)
       [2] _init (res://scripts/data/talent_registry.gd:139)
       [3] _ensure_talent_registry (res://scripts/core/tactical_manager.gd:2605)
       [4] _arm_jiaoren (res://tests/test_talent_defense.gd:615)
       [5] _test_qi_threshold (res://tests/test_talent_defense.gd:324)
       [6] _run (res://tests/test_talent_defense.gd:145)
       [7] _process (res://tests/test_talent_defense.gd:132)
WARNING: [TalentRegistry] 拒绝注册天赋 test_rej_parry_wrong_event：engine_effects 第 0 条（parry_damage_reduction）落在触发行 main 的事件「命中后」上，但该效果只能挂 ["受到攻击时"]——挂错时机会被静默吞掉
   at: push_warning (core/variant/variant_utility.cpp:1034)
   GDScript backtrace (most recent call first):
       [0] _reject (res://scripts/data/talent_registry.gd:224)
       [1] _build (res://scripts/data/talent_registry.gd:169)
       [2] _init (res://scripts/data/talent_registry.gd:139)
       [3] _ensure_talent_registry (res://scripts/core/tactical_manager.gd:2605)
       [4] _arm_jiaoren (res://tests/test_talent_defense.gd:615)
       [5] _test_qi_threshold (res://tests/test_talent_defense.gd:324)
       [6] _run (res://tests/test_talent_defense.gd:145)
       [7] _process (res://tests/test_talent_defense.gd:132)
  ✓ 前提：交刃已注册（否则装了也不会触发）
[Parry] 剑圣 「kensei_jiaoren」→ 消耗 10 剑气换必定减伤 49.0%（剩余 0）
[Attack] 枪兵→剑圣 | hit=true | crit=false | dmg=23
  ✓ 剑气足额 → 扣掉 10 点
[Attack] 枪兵→剑圣 | hit=true | crit=false | dmg=46
  ✓ 剑气不足 → 一点都不扣（不是扣到 0）
  ✓ 剑气不足 → 不减伤（挨得更多）
[Parry] 剑圣 「kensei_jiaoren」→ 消耗 10 剑气换必定减伤 49.0%（剩余 0）
[Attack] 枪兵→剑圣 | hit=true | crit=false | dmg=23
  ✓ 正好 10 点 → 触发并扣光
  ✓ 正好 10 点时的伤害与足额时相同

[D5] 攻击未命中 → 不触发、不消耗剑气
[Grid] Initialized 8x8 map: test_arena
[TacticalScene] Units spawned: 6
[TurnManager] Round 1 queue: [剑圣(player), 弓箭手(enemy), 枪兵(enemy), 法师(enemy), 不灭木桩(enemy), 复活木桩(enemy)]
[TurnManager] Turn: 剑圣 (player)
  ✓ 前提：剑圣处于双持
WARNING: [TalentRegistry] 拒绝注册天赋 test_rej_phase_bad：触发行 main 的 requires_turn_phase「敌方回合」不在闭集 ["outside_own_turn"] 内（空串=不限）
   at: push_warning (core/variant/variant_utility.cpp:1034)
   GDScript backtrace (most recent call first):
       [0] _reject (res://scripts/data/talent_registry.gd:224)
       [1] _build (res://scripts/data/talent_registry.gd:169)
       [2] _init (res://scripts/data/talent_registry.gd:139)
       [3] _ensure_talent_registry (res://scripts/core/tactical_manager.gd:2605)
       [4] _arm_jiaoren (res://tests/test_talent_defense.gd:615)
       [5] _test_miss_path (res://tests/test_talent_defense.gd:354)
       [6] _run (res://tests/test_talent_defense.gd:146)
       [7] _process (res://tests/test_talent_defense.gd:132)
WARNING: [TalentRegistry] 拒绝注册天赋 test_rej_phase_passive：触发行 main 是常驻行，不能声明 requires_turn_phase（常驻没有「本次事件」，消费方也无从求值）
   at: push_warning (core/variant/variant_utility.cpp:1034)
   GDScript backtrace (most recent call first):
       [0] _reject (res://scripts/data/talent_registry.gd:224)
       [1] _build (res://scripts/data/talent_registry.gd:169)
       [2] _init (res://scripts/data/talent_registry.gd:139)
       [3] _ensure_talent_registry (res://scripts/core/tactical_manager.gd:2605)
       [4] _arm_jiaoren (res://tests/test_talent_defense.gd:615)
       [5] _test_miss_path (res://tests/test_talent_defense.gd:354)
       [6] _run (res://tests/test_talent_defense.gd:146)
       [7] _process (res://tests/test_talent_defense.gd:132)
WARNING: [TalentRegistry] 拒绝注册天赋 test_rej_phase_none_model：condition_model=none 但 requires_turn_phase 非空（outside_own_turn）——none 的语义是无条件
   at: push_warning (core/variant/variant_utility.cpp:1034)
   GDScript backtrace (most recent call first):
       [0] _reject (res://scripts/data/talent_registry.gd:224)
       [1] _build (res://scripts/data/talent_registry.gd:169)
       [2] _init (res://scripts/data/talent_registry.gd:139)
       [3] _ensure_talent_registry (res://scripts/core/tactical_manager.gd:2605)
       [4] _arm_jiaoren (res://tests/test_talent_defense.gd:615)
       [5] _test_miss_path (res://tests/test_talent_defense.gd:354)
       [6] _run (res://tests/test_talent_defense.gd:146)
       [7] _process (res://tests/test_talent_defense.gd:132)
WARNING: [TalentRegistry] 拒绝注册天赋 test_rej_parry_dup：parry_damage_reduction 不得声明 reduction_base_pct / reduction_stat——减伤幅度的权威是招架架势的 parry 段（设计库逐字：「按招架的减伤结算」），自带一份就是双写
   at: push_warning (core/variant/variant_utility.cpp:1034)
   GDScript backtrace (most recent call first):
       [0] _reject (res://scripts/data/talent_registry.gd:224)
       [1] _build (res://scripts/data/talent_registry.gd:169)
       [2] _init (res://scripts/data/talent_registry.gd:139)
       [3] _ensure_talent_registry (res://scripts/core/tactical_manager.gd:2605)
       [4] _arm_jiaoren (res://tests/test_talent_defense.gd:615)
       [5] _test_miss_path (res://tests/test_talent_defense.gd:354)
       [6] _run (res://tests/test_talent_defense.gd:146)
       [7] _process (res://tests/test_talent_defense.gd:132)
WARNING: [TalentRegistry] 拒绝注册天赋 test_rej_parry_qi_str：parry_damage_reduction 的 qi_cost 必须是数字，实际是 String
   at: push_warning (core/variant/variant_utility.cpp:1034)
   GDScript backtrace (most recent call first):
       [0] _reject (res://scripts/data/talent_registry.gd:224)
       [1] _build (res://scripts/data/talent_registry.gd:169)
       [2] _init (res://scripts/data/talent_registry.gd:139)
       [3] _ensure_talent_registry (res://scripts/core/tactical_manager.gd:2605)
       [4] _arm_jiaoren (res://tests/test_talent_defense.gd:615)
       [5] _test_miss_path (res://tests/test_talent_defense.gd:354)
       [6] _run (res://tests/test_talent_defense.gd:146)
       [7] _process (res://tests/test_talent_defense.gd:132)
WARNING: [TalentRegistry] 拒绝注册天赋 test_rej_parry_wrong_event：engine_effects 第 0 条（parry_damage_reduction）落在触发行 main 的事件「命中后」上，但该效果只能挂 ["受到攻击时"]——挂错时机会被静默吞掉
   at: push_warning (core/variant/variant_utility.cpp:1034)
   GDScript backtrace (most recent call first):
       [0] _reject (res://scripts/data/talent_registry.gd:224)
       [1] _build (res://scripts/data/talent_registry.gd:169)
       [2] _init (res://scripts/data/talent_registry.gd:139)
       [3] _ensure_talent_registry (res://scripts/core/tactical_manager.gd:2605)
       [4] _arm_jiaoren (res://tests/test_talent_defense.gd:615)
       [5] _test_miss_path (res://tests/test_talent_defense.gd:354)
       [6] _run (res://tests/test_talent_defense.gd:146)
       [7] _process (res://tests/test_talent_defense.gd:132)
  ✓ 前提：交刃已注册（否则装了也不会触发）
[Attack] 枪兵→剑圣 | hit=false | crit=false | dmg=0
  ✓ 未命中 → 剑圣没掉血
  ✓ 未命中 → 交刃不扣剑气
[Talent] 剑圣 「test_def_any」→ +3 剑气 → 53
[Parry] 剑圣 「kensei_jiaoren」→ 消耗 10 剑气换必定减伤 49.0%（剩余 43）
[Attack] 枪兵→剑圣 | hit=true | crit=false | dmg=23
  ✓ 对照：命中时事件确实分发（观测卡加了气）

[D6] 非双持 → 交刃不触发
[Grid] Initialized 8x8 map: test_arena
[TacticalScene] Units spawned: 6
[TurnManager] Round 1 queue: [剑圣(player), 弓箭手(enemy), 枪兵(enemy), 法师(enemy), 不灭木桩(enemy), 复活木桩(enemy)]
[TurnManager] Turn: 剑圣 (player)
  ✓ 前提：剑圣处于双持
WARNING: [TalentRegistry] 拒绝注册天赋 test_rej_phase_bad：触发行 main 的 requires_turn_phase「敌方回合」不在闭集 ["outside_own_turn"] 内（空串=不限）
   at: push_warning (core/variant/variant_utility.cpp:1034)
   GDScript backtrace (most recent call first):
       [0] _reject (res://scripts/data/talent_registry.gd:224)
       [1] _build (res://scripts/data/talent_registry.gd:169)
       [2] _init (res://scripts/data/talent_registry.gd:139)
       [3] _ensure_talent_registry (res://scripts/core/tactical_manager.gd:2605)
       [4] _arm_jiaoren (res://tests/test_talent_defense.gd:615)
       [5] _test_dual_wield_gate (res://tests/test_talent_defense.gd:390)
       [6] _run (res://tests/test_talent_defense.gd:147)
       [7] _process (res://tests/test_talent_defense.gd:132)
WARNING: [TalentRegistry] 拒绝注册天赋 test_rej_phase_passive：触发行 main 是常驻行，不能声明 requires_turn_phase（常驻没有「本次事件」，消费方也无从求值）
   at: push_warning (core/variant/variant_utility.cpp:1034)
   GDScript backtrace (most recent call first):
       [0] _reject (res://scripts/data/talent_registry.gd:224)
       [1] _build (res://scripts/data/talent_registry.gd:169)
       [2] _init (res://scripts/data/talent_registry.gd:139)
       [3] _ensure_talent_registry (res://scripts/core/tactical_manager.gd:2605)
       [4] _arm_jiaoren (res://tests/test_talent_defense.gd:615)
       [5] _test_dual_wield_gate (res://tests/test_talent_defense.gd:390)
       [6] _run (res://tests/test_talent_defense.gd:147)
       [7] _process (res://tests/test_talent_defense.gd:132)
WARNING: [TalentRegistry] 拒绝注册天赋 test_rej_phase_none_model：condition_model=none 但 requires_turn_phase 非空（outside_own_turn）——none 的语义是无条件
   at: push_warning (core/variant/variant_utility.cpp:1034)
   GDScript backtrace (most recent call first):
       [0] _reject (res://scripts/data/talent_registry.gd:224)
       [1] _build (res://scripts/data/talent_registry.gd:169)
       [2] _init (res://scripts/data/talent_registry.gd:139)
       [3] _ensure_talent_registry (res://scripts/core/tactical_manager.gd:2605)
       [4] _arm_jiaoren (res://tests/test_talent_defense.gd:615)
       [5] _test_dual_wield_gate (res://tests/test_talent_defense.gd:390)
       [6] _run (res://tests/test_talent_defense.gd:147)
       [7] _process (res://tests/test_talent_defense.gd:132)
WARNING: [TalentRegistry] 拒绝注册天赋 test_rej_parry_dup：parry_damage_reduction 不得声明 reduction_base_pct / reduction_stat——减伤幅度的权威是招架架势的 parry 段（设计库逐字：「按招架的减伤结算」），自带一份就是双写
   at: push_warning (core/variant/variant_utility.cpp:1034)
   GDScript backtrace (most recent call first):
       [0] _reject (res://scripts/data/talent_registry.gd:224)
       [1] _build (res://scripts/data/talent_registry.gd:169)
       [2] _init (res://scripts/data/talent_registry.gd:139)
       [3] _ensure_talent_registry (res://scripts/core/tactical_manager.gd:2605)
       [4] _arm_jiaoren (res://tests/test_talent_defense.gd:615)
       [5] _test_dual_wield_gate (res://tests/test_talent_defense.gd:390)
       [6] _run (res://tests/test_talent_defense.gd:147)
       [7] _process (res://tests/test_talent_defense.gd:132)
WARNING: [TalentRegistry] 拒绝注册天赋 test_rej_parry_qi_str：parry_damage_reduction 的 qi_cost 必须是数字，实际是 String
   at: push_warning (core/variant/variant_utility.cpp:1034)
   GDScript backtrace (most recent call first):
       [0] _reject (res://scripts/data/talent_registry.gd:224)
       [1] _build (res://scripts/data/talent_registry.gd:169)
       [2] _init (res://scripts/data/talent_registry.gd:139)
       [3] _ensure_talent_registry (res://scripts/core/tactical_manager.gd:2605)
       [4] _arm_jiaoren (res://tests/test_talent_defense.gd:615)
       [5] _test_dual_wield_gate (res://tests/test_talent_defense.gd:390)
       [6] _run (res://tests/test_talent_defense.gd:147)
       [7] _process (res://tests/test_talent_defense.gd:132)
WARNING: [TalentRegistry] 拒绝注册天赋 test_rej_parry_wrong_event：engine_effects 第 0 条（parry_damage_reduction）落在触发行 main 的事件「命中后」上，但该效果只能挂 ["受到攻击时"]——挂错时机会被静默吞掉
   at: push_warning (core/variant/variant_utility.cpp:1034)
   GDScript backtrace (most recent call first):
       [0] _reject (res://scripts/data/talent_registry.gd:224)
       [1] _build (res://scripts/data/talent_registry.gd:169)
       [2] _init (res://scripts/data/talent_registry.gd:139)
       [3] _ensure_talent_registry (res://scripts/core/tactical_manager.gd:2605)
       [4] _arm_jiaoren (res://tests/test_talent_defense.gd:615)
       [5] _test_dual_wield_gate (res://tests/test_talent_defense.gd:390)
       [6] _run (res://tests/test_talent_defense.gd:147)
       [7] _process (res://tests/test_talent_defense.gd:132)
  ✓ 前提：交刃已注册（否则装了也不会触发）
[Parry] 剑圣 「kensei_jiaoren」→ 消耗 10 剑气换必定减伤 49.0%（剩余 20）
[Attack] 枪兵→剑圣 | hit=true | crit=false | dmg=23
  ✓ 双持时触发（扣 10）
  ✓ 前提：确实不再是双持
[Attack] 枪兵→剑圣 | hit=true | crit=false | dmg=46
  ✓ 非双持 → 不触发、不扣剑气
  ✓ 非双持 → 不减伤（挨得更多）

[D7] 招架架势：概率 0 与概率 100 两个边界 + 减伤幅度精确对照
[Grid] Initialized 8x8 map: test_arena
[TacticalScene] Units spawned: 6
[TurnManager] Round 1 queue: [剑圣(player), 弓箭手(enemy), 枪兵(enemy), 法师(enemy), 不灭木桩(enemy), 复活木桩(enemy)]
[TurnManager] Turn: 剑圣 (player)
[Attack] 枪兵→剑圣 | hit=true | crit=false | dmg=46
  ✓ 基线伤害为正（否则减伤断言全是假通过）
  ✓ 前提：架势确实挂上了
[Attack] 枪兵→剑圣 | hit=true | crit=false | dmg=46
  ✓ SPD=0（概率 0 边界）→ 有架势也不减伤
[Parry] 剑圣 招架成功（SPD=102%）→ 减伤 50.0%
[Attack] 枪兵→剑圣 | hit=true | crit=false | dmg=23
  ✓ SPD=100（概率 100 边界）→ 必定减伤
  ✓ 减伤幅度 = (40+DEX)% = 50% → 伤害减半（向下取整）
[Parry] 剑圣 招架成功（SPD=102%）→ 减伤 60.0%
[Attack] 枪兵→剑圣 | hit=true | crit=false | dmg=18
  ✓ DEX=20 → 减伤 60% → 伤害乘 0.4

[D8] 减伤至多结算一次：架势成功时交刃不白扣剑气
[Grid] Initialized 8x8 map: test_arena
[TacticalScene] Units spawned: 6
[TurnManager] Round 1 queue: [剑圣(player), 弓箭手(enemy), 枪兵(enemy), 法师(enemy), 不灭木桩(enemy), 复活木桩(enemy)]
[TurnManager] Turn: 剑圣 (player)
  ✓ 前提：剑圣处于双持
WARNING: [TalentRegistry] 拒绝注册天赋 test_rej_phase_bad：触发行 main 的 requires_turn_phase「敌方回合」不在闭集 ["outside_own_turn"] 内（空串=不限）
   at: push_warning (core/variant/variant_utility.cpp:1034)
   GDScript backtrace (most recent call first):
       [0] _reject (res://scripts/data/talent_registry.gd:224)
       [1] _build (res://scripts/data/talent_registry.gd:169)
       [2] _init (res://scripts/data/talent_registry.gd:139)
       [3] _ensure_talent_registry (res://scripts/core/tactical_manager.gd:2605)
       [4] _arm_jiaoren (res://tests/test_talent_defense.gd:615)
       [5] _test_at_most_once (res://tests/test_talent_defense.gd:464)
       [6] _run (res://tests/test_talent_defense.gd:149)
       [7] _process (res://tests/test_talent_defense.gd:132)
WARNING: [TalentRegistry] 拒绝注册天赋 test_rej_phase_passive：触发行 main 是常驻行，不能声明 requires_turn_phase（常驻没有「本次事件」，消费方也无从求值）
   at: push_warning (core/variant/variant_utility.cpp:1034)
   GDScript backtrace (most recent call first):
       [0] _reject (res://scripts/data/talent_registry.gd:224)
       [1] _build (res://scripts/data/talent_registry.gd:169)
       [2] _init (res://scripts/data/talent_registry.gd:139)
       [3] _ensure_talent_registry (res://scripts/core/tactical_manager.gd:2605)
       [4] _arm_jiaoren (res://tests/test_talent_defense.gd:615)
       [5] _test_at_most_once (res://tests/test_talent_defense.gd:464)
       [6] _run (res://tests/test_talent_defense.gd:149)
       [7] _process (res://tests/test_talent_defense.gd:132)
WARNING: [TalentRegistry] 拒绝注册天赋 test_rej_phase_none_model：condition_model=none 但 requires_turn_phase 非空（outside_own_turn）——none 的语义是无条件
   at: push_warning (core/variant/variant_utility.cpp:1034)
   GDScript backtrace (most recent call first):
       [0] _reject (res://scripts/data/talent_registry.gd:224)
       [1] _build (res://scripts/data/talent_registry.gd:169)
       [2] _init (res://scripts/data/talent_registry.gd:139)
       [3] _ensure_talent_registry (res://scripts/core/tactical_manager.gd:2605)
       [4] _arm_jiaoren (res://tests/test_talent_defense.gd:615)
       [5] _test_at_most_once (res://tests/test_talent_defense.gd:464)
       [6] _run (res://tests/test_talent_defense.gd:149)
       [7] _process (res://tests/test_talent_defense.gd:132)
WARNING: [TalentRegistry] 拒绝注册天赋 test_rej_parry_dup：parry_damage_reduction 不得声明 reduction_base_pct / reduction_stat——减伤幅度的权威是招架架势的 parry 段（设计库逐字：「按招架的减伤结算」），自带一份就是双写
   at: push_warning (core/variant/variant_utility.cpp:1034)
   GDScript backtrace (most recent call first):
       [0] _reject (res://scripts/data/talent_registry.gd:224)
       [1] _build (res://scripts/data/talent_registry.gd:169)
       [2] _init (res://scripts/data/talent_registry.gd:139)
       [3] _ensure_talent_registry (res://scripts/core/tactical_manager.gd:2605)
       [4] _arm_jiaoren (res://tests/test_talent_defense.gd:615)
       [5] _test_at_most_once (res://tests/test_talent_defense.gd:464)
       [6] _run (res://tests/test_talent_defense.gd:149)
       [7] _process (res://tests/test_talent_defense.gd:132)
WARNING: [TalentRegistry] 拒绝注册天赋 test_rej_parry_qi_str：parry_damage_reduction 的 qi_cost 必须是数字，实际是 String
   at: push_warning (core/variant/variant_utility.cpp:1034)
   GDScript backtrace (most recent call first):
       [0] _reject (res://scripts/data/talent_registry.gd:224)
       [1] _build (res://scripts/data/talent_registry.gd:169)
       [2] _init (res://scripts/data/talent_registry.gd:139)
       [3] _ensure_talent_registry (res://scripts/core/tactical_manager.gd:2605)
       [4] _arm_jiaoren (res://tests/test_talent_defense.gd:615)
       [5] _test_at_most_once (res://tests/test_talent_defense.gd:464)
       [6] _run (res://tests/test_talent_defense.gd:149)
       [7] _process (res://tests/test_talent_defense.gd:132)
WARNING: [TalentRegistry] 拒绝注册天赋 test_rej_parry_wrong_event：engine_effects 第 0 条（parry_damage_reduction）落在触发行 main 的事件「命中后」上，但该效果只能挂 ["受到攻击时"]——挂错时机会被静默吞掉
   at: push_warning (core/variant/variant_utility.cpp:1034)
   GDScript backtrace (most recent call first):
       [0] _reject (res://scripts/data/talent_registry.gd:224)
       [1] _build (res://scripts/data/talent_registry.gd:169)
       [2] _init (res://scripts/data/talent_registry.gd:139)
       [3] _ensure_talent_registry (res://scripts/core/tactical_manager.gd:2605)
       [4] _arm_jiaoren (res://tests/test_talent_defense.gd:615)
       [5] _test_at_most_once (res://tests/test_talent_defense.gd:464)
       [6] _run (res://tests/test_talent_defense.gd:149)
       [7] _process (res://tests/test_talent_defense.gd:132)
  ✓ 前提：交刃已注册（否则装了也不会触发）
[Parry] 剑圣 「kensei_jiaoren」→ 消耗 10 剑气换必定减伤 50.0%（剩余 20）
[Attack] 枪兵→剑圣 | hit=true | crit=false | dmg=23
  ✓ 只有交刃 → 扣 10 剑气
[Parry] 剑圣 招架成功（SPD=102%）→ 减伤 50.0%
[Attack] 枪兵→剑圣 | hit=true | crit=false | dmg=23
  ✓ 架势成功 → 交刃不扣剑气（免费的先掷，付费的兜底）
  ✓ 两者同在时减伤只结算一次（伤害与只有交刃时相同）

[D9] prevented（实际减免量）= 不减伤时的伤害 − 减伤后的伤害
[Grid] Initialized 8x8 map: test_arena
[TacticalScene] Units spawned: 6
[TurnManager] Round 1 queue: [剑圣(player), 弓箭手(enemy), 枪兵(enemy), 法师(enemy), 不灭木桩(enemy), 复活木桩(enemy)]
[TurnManager] Turn: 剑圣 (player)
[Attack] 枪兵→剑圣 | hit=true | crit=false | dmg=46
[Parry] 剑圣 招架成功（SPD=102%）→ 减伤 50.0%
  ✓ 架势必成功时 applied=true
  ✓ via 指明是架势那条入口
  ✓ prevented == 不减伤时的伤害 − 减伤后的伤害
  ✓ prevented 为正（这一档确实挡下了东西）

[D10] 攻击方双持时，主手与副手各分发一次防御侧事件
[Grid] Initialized 8x8 map: test_arena
[TacticalScene] Units spawned: 6
[TurnManager] Round 1 queue: [剑圣(player), 弓箭手(enemy), 枪兵(enemy), 法师(enemy), 不灭木桩(enemy), 复活木桩(enemy)]
[TurnManager] Turn: 剑圣 (player)
WARNING: [TalentRegistry] 拒绝注册天赋 test_rej_phase_bad：触发行 main 的 requires_turn_phase「敌方回合」不在闭集 ["outside_own_turn"] 内（空串=不限）
   at: push_warning (core/variant/variant_utility.cpp:1034)
   GDScript backtrace (most recent call first):
       [0] _reject (res://scripts/data/talent_registry.gd:224)
       [1] _build (res://scripts/data/talent_registry.gd:169)
       [2] _init (res://scripts/data/talent_registry.gd:139)
       [3] _ensure_talent_registry (res://scripts/core/tactical_manager.gd:2605)
       [4] _dispatch_talents (res://scripts/core/tactical_manager.gd:2613)
       [5] _resolve_defense (res://scripts/core/tactical_manager.gd:2755)
       [6] _execute_hostile_action (res://scripts/core/tactical_manager.gd:1749)
       [7] _incoming (res://tests/test_talent_defense.gd:643)
       [8] _test_offhand_side_defense (res://tests/test_talent_defense.gd:543)
       [9] _run (res://tests/test_talent_defense.gd:151)
       [10] _process (res://tests/test_talent_defense.gd:132)
WARNING: [TalentRegistry] 拒绝注册天赋 test_rej_phase_passive：触发行 main 是常驻行，不能声明 requires_turn_phase（常驻没有「本次事件」，消费方也无从求值）
   at: push_warning (core/variant/variant_utility.cpp:1034)
   GDScript backtrace (most recent call first):
       [0] _reject (res://scripts/data/talent_registry.gd:224)
       [1] _build (res://scripts/data/talent_registry.gd:169)
       [2] _init (res://scripts/data/talent_registry.gd:139)
       [3] _ensure_talent_registry (res://scripts/core/tactical_manager.gd:2605)
       [4] _dispatch_talents (res://scripts/core/tactical_manager.gd:2613)
       [5] _resolve_defense (res://scripts/core/tactical_manager.gd:2755)
       [6] _execute_hostile_action (res://scripts/core/tactical_manager.gd:1749)
       [7] _incoming (res://tests/test_talent_defense.gd:643)
       [8] _test_offhand_side_defense (res://tests/test_talent_defense.gd:543)
       [9] _run (res://tests/test_talent_defense.gd:151)
       [10] _process (res://tests/test_talent_defense.gd:132)
WARNING: [TalentRegistry] 拒绝注册天赋 test_rej_phase_none_model：condition_model=none 但 requires_turn_phase 非空（outside_own_turn）——none 的语义是无条件
   at: push_warning (core/variant/variant_utility.cpp:1034)
   GDScript backtrace (most recent call first):
       [0] _reject (res://scripts/data/talent_registry.gd:224)
       [1] _build (res://scripts/data/talent_registry.gd:169)
       [2] _init (res://scripts/data/talent_registry.gd:139)
       [3] _ensure_talent_registry (res://scripts/core/tactical_manager.gd:2605)
       [4] _dispatch_talents (res://scripts/core/tactical_manager.gd:2613)
       [5] _resolve_defense (res://scripts/core/tactical_manager.gd:2755)
       [6] _execute_hostile_action (res://scripts/core/tactical_manager.gd:1749)
       [7] _incoming (res://tests/test_talent_defense.gd:643)
       [8] _test_offhand_side_defense (res://tests/test_talent_defense.gd:543)
       [9] _run (res://tests/test_talent_defense.gd:151)
       [10] _process (res://tests/test_talent_defense.gd:132)
WARNING: [TalentRegistry] 拒绝注册天赋 test_rej_parry_dup：parry_damage_reduction 不得声明 reduction_base_pct / reduction_stat——减伤幅度的权威是招架架势的 parry 段（设计库逐字：「按招架的减伤结算」），自带一份就是双写
   at: push_warning (core/variant/variant_utility.cpp:1034)
   GDScript backtrace (most recent call first):
       [0] _reject (res://scripts/data/talent_registry.gd:224)
       [1] _build (res://scripts/data/talent_registry.gd:169)
       [2] _init (res://scripts/data/talent_registry.gd:139)
       [3] _ensure_talent_registry (res://scripts/core/tactical_manager.gd:2605)
       [4] _dispatch_talents (res://scripts/core/tactical_manager.gd:2613)
       [5] _resolve_defense (res://scripts/core/tactical_manager.gd:2755)
       [6] _execute_hostile_action (res://scripts/core/tactical_manager.gd:1749)
       [7] _incoming (res://tests/test_talent_defense.gd:643)
       [8] _test_offhand_side_defense (res://tests/test_talent_defense.gd:543)
       [9] _run (res://tests/test_talent_defense.gd:151)
       [10] _process (res://tests/test_talent_defense.gd:132)
WARNING: [TalentRegistry] 拒绝注册天赋 test_rej_parry_qi_str：parry_damage_reduction 的 qi_cost 必须是数字，实际是 String
   at: push_warning (core/variant/variant_utility.cpp:1034)
   GDScript backtrace (most recent call first):
       [0] _reject (res://scripts/data/talent_registry.gd:224)
       [1] _build (res://scripts/data/talent_registry.gd:169)
       [2] _init (res://scripts/data/talent_registry.gd:139)
       [3] _ensure_talent_registry (res://scripts/core/tactical_manager.gd:2605)
       [4] _dispatch_talents (res://scripts/core/tactical_manager.gd:2613)
       [5] _resolve_defense (res://scripts/core/tactical_manager.gd:2755)
       [6] _execute_hostile_action (res://scripts/core/tactical_manager.gd:1749)
       [7] _incoming (res://tests/test_talent_defense.gd:643)
       [8] _test_offhand_side_defense (res://tests/test_talent_defense.gd:543)
       [9] _run (res://tests/test_talent_defense.gd:151)
       [10] _process (res://tests/test_talent_defense.gd:132)
WARNING: [TalentRegistry] 拒绝注册天赋 test_rej_parry_wrong_event：engine_effects 第 0 条（parry_damage_reduction）落在触发行 main 的事件「命中后」上，但该效果只能挂 ["受到攻击时"]——挂错时机会被静默吞掉
   at: push_warning (core/variant/variant_utility.cpp:1034)
   GDScript backtrace (most recent call first):
       [0] _reject (res://scripts/data/talent_registry.gd:224)
       [1] _build (res://scripts/data/talent_registry.gd:169)
       [2] _init (res://scripts/data/talent_registry.gd:139)
       [3] _ensure_talent_registry (res://scripts/core/tactical_manager.gd:2605)
       [4] _dispatch_talents (res://scripts/core/tactical_manager.gd:2613)
       [5] _resolve_defense (res://scripts/core/tactical_manager.gd:2755)
       [6] _execute_hostile_action (res://scripts/core/tactical_manager.gd:1749)
       [7] _incoming (res://tests/test_talent_defense.gd:643)
       [8] _test_offhand_side_defense (res://tests/test_talent_defense.gd:543)
       [9] _run (res://tests/test_talent_defense.gd:151)
       [10] _process (res://tests/test_talent_defense.gd:132)
[Talent] 剑圣 「test_def_any」→ +3 剑气 → 3
[Attack] 枪兵→剑圣 | hit=true | crit=false | dmg=46
  ✓ 攻击方单手 → 防御侧事件发 1 次（+3）
  ✓ 前提：攻击方确实双持
[Talent] 剑圣 「test_def_any」→ +3 剑气 → 3
[Attack] 枪兵→剑圣 | hit=true | crit=false | dmg=46
[Talent] 剑圣 「test_def_any」→ +3 剑气 → 6
[Attack] 副手: 枪兵→剑圣 | hit=true | crit=false | dmg=30
  ✓ 攻击方双持 → 主手与副手各发一次（+3×2）
  ✓ 前提：剑圣处于双持
  ✓ 前提：交刃已注册（否则装了也不会触发）
[Parry] 剑圣 「kensei_jiaoren」→ 消耗 10 剑气换必定减伤 49.0%（剩余 20）
[Attack] 枪兵→剑圣 | hit=true | crit=false | dmg=23
[Parry] 剑圣 「kensei_jiaoren」→ 消耗 10 剑气换必定减伤 49.0%（剩余 10）
[Attack] 副手: 枪兵→剑圣 | hit=true | crit=false | dmg=15
  ✓ 被双持者攻击 → 交刃一次动作内扣两次剑气（30−10−10=10）【已知疑点，待用户裁决】
[Parry] 剑圣 「kensei_jiaoren」→ 消耗 10 剑气换必定减伤 49.0%（剩余 0）
[Attack] 枪兵→剑圣 | hit=true | crit=false | dmg=23
[Attack] 副手: 枪兵→剑圣 | hit=true | crit=false | dmg=30
  ✓ 剑气只够一次 → 只扣一次，不扣成负数

--- 结果：79 过 / 0 失败 ---
=== EXIT_CODE 0 ===
=== TEST res://tests/test_talent_onhit.gd ===
Godot Engine v4.6.3.stable.official.7d41c59c4 - https://godotengine.org

=== test_talent_onhit (触发来源 + 真 on-hit 两事件 + 递归追加 · Wave 3) ===
[DataLoader] Loaded: 7 classes, 20 skills, 10 buffs, 8 enemies, 4 maps, 2 states, 7 talents
[DataLoader] Loaded: 7 classes, 20 skills, 10 buffs, 8 enemies, 4 maps, 2 states, 7 talents

[W0] roll_outcome 的随机数消耗次数（掷骰抽取的零回退前提）
[Grid] Initialized 8x8 map: test_arena
[TacticalScene] Units spawned: 6
[TurnManager] Round 1 queue: [剑圣(player), 弓箭手(enemy), 枪兵(enemy), 法师(enemy), 不灭木桩(enemy), 复活木桩(enemy)]
[TurnManager] Turn: 剑圣 (player)
  ✓ 前提：种子序列首值 > 0.01（下面那次才必然未命中）
  ✓ 未命中时 hit=false
  ✓ 未命中只消耗 1 次随机数（下一个值 == 序列第 2 个）
  ✓ 命中率拉满时 hit=true
  ✓ 暴击率为 0 时 crit=false
  ✓ 命中时消耗 2 次随机数（暴击率为 0 也照样掷）
  ✓ guaranteed_hit → 只消耗 1 次（暴击那次）
  ✓ 纯粹伤害不暴击（guaranteed_crit 对它无效）
  ✓ guaranteed_hit + 纯粹伤害 → 一次都不消耗
  ✓ guaranteed_hit + disable_crit → 一次都不消耗

[W1] 三张新卡装载与注册
  ✓ kensei_jianqihuidang 已装载
  ✓ kensei_jianqihuidang 注册成功
  ✓ kensei_yanfan 已装载
  ✓ kensei_yanfan 注册成功
  ✓ myrmidon_sixian 已装载
  ✓ myrmidon_sixian 注册成功
  ✓ 剑气回荡 主行事件
  ✓ 剑气回荡 主行来源
  ✓ 剑气回荡 频率
  ✓ 剑气回荡 已无附加行（改版后两件事合并到同一次副手追加上）
  ✓ 燕返 主行事件
  ✓ 燕返 主行来源
  ✓ 燕返 频率（任务书说这里卡住了，其实没有）
  ✓ 死线 主行事件
  ✓ 死线 主行来源
  ✓ 「暴击时」桶非空（剑气回荡主行 + 死线）
  ✓ 「命中时」桶当前无生产卡（没有卡挂这个事件，不是接不了）

[W2] requires_contexts 注册期把关
WARNING: [TalentRegistry] 拒绝注册天赋 ctx_unknown：触发行 main 依赖的产生路径「defensive_reaction」引擎不注入（当前只有 ["active_attack"]）——依赖它的卡永不触发，拒收
   at: push_warning (core/variant/variant_utility.cpp:1034)
  ✓ ctx_unknown → 拒绝注册
  ✓ ctx_unknown 的理由说得出所以然
   GDScript backtrace (most recent call first):
       [0] _reject (res://scripts/data/talent_registry.gd:224)
       [1] _build (res://scripts/data/talent_registry.gd:169)
       [2] _init (res://scripts/data/talent_registry.gd:139)
       [3] _make_registry (res://tests/test_talent_onhit.gd:1241)
       [4] _test_contexts_gate (res://tests/test_talent_onhit.gd:457)
       [5] _run (res://tests/test_talent_onhit.gd:148)
       [6] _process (res://tests/test_talent_onhit.gd:138)
WARNING: [TalentRegistry] 拒绝注册天赋 ctx_not_array：触发行 main 的 requires_contexts 必须是数组，实际是 String
   at: push_warning (core/variant/variant_utility.cpp:1034)
  ✓ ctx_not_array → 拒绝注册
  ✓ ctx_not_array 的理由说得出所以然
   GDScript backtrace (most recent call first):
       [0] _reject (res://scripts/data/talent_registry.gd:224)
       [1] _build (res://scripts/data/talent_registry.gd:169)
       [2] _init (res://scripts/data/talent_registry.gd:139)
       [3] _make_registry (res://tests/test_talent_onhit.gd:1241)
       [4] _test_contexts_gate (res://tests/test_talent_onhit.gd:457)
       [5] _run (res://tests/test_talent_onhit.gd:148)
       [6] _process (res://tests/test_talent_onhit.gd:138)
WARNING: [TalentRegistry] 拒绝注册天赋 ctx_none_mismatch：condition_model=none 但 requires_contexts 非空（["active_attack"]）——none 的语义是无条件
   at: push_warning (core/variant/variant_utility.cpp:1034)
  ✓ ctx_none_mismatch → 拒绝注册
  ✓ ctx_none_mismatch 的理由说得出所以然
   GDScript backtrace (most recent call first):
       [0] _reject (res://scripts/data/talent_registry.gd:224)
       [1] _build (res://scripts/data/talent_registry.gd:169)
       [2] _init (res://scripts/data/talent_registry.gd:139)
       [3] _make_registry (res://tests/test_talent_onhit.gd:1241)
       [4] _test_contexts_gate (res://tests/test_talent_onhit.gd:457)
       [5] _run (res://tests/test_talent_onhit.gd:148)
       [6] _process (res://tests/test_talent_onhit.gd:138)
WARNING: [TalentRegistry] 拒绝注册天赋 src_on_actionless_event：触发行 main 指定了 trigger_source「主手」，但事件「执行攻击动作时」不带伤害来源（带来源的只有 ["命中时", "暴击时", "命中后", "造成伤害时", "击杀时", "受到攻击时"]）
   at: push_warning (core/variant/variant_utility.cpp:1034)
   GDScript backtrace (most recent call first):
       [0] _reject (res://scripts/data/talent_registry.gd:224)
       [1] _build (res://scripts/data/talent_registry.gd:169)
       [2] _init (res://scripts/data/talent_registry.gd:139)
       [3] _make_registry (res://tests/test_talent_onhit.gd:1241)
       [4] _test_contexts_gate (res://tests/test_talent_onhit.gd:457)
       [5] _run (res://tests/test_talent_onhit.gd:148)
       [6] _process (res://tests/test_talent_onhit.gd:138)
  ✓ src_on_actionless_event → 拒绝注册
  ✓ src_on_actionless_event 的理由说得出所以然
WARNING: [TalentRegistry] 拒绝注册天赋 src_unknown：触发行 main 的 trigger_source「双手」不在闭集 ["主手", "副手"] 内（空串=不限来源）
   at: push_warning (core/variant/variant_utility.cpp:1034)
   GDScript backtrace (most recent call first):
       [0] _reject (res://scripts/data/talent_registry.gd:224)
       [1] _build (res://scripts/data/talent_registry.gd:169)
       [2] _init (res://scripts/data/talent_registry.gd:139)
       [3] _make_registry (res://tests/test_talent_onhit.gd:1241)
       [4] _test_contexts_gate (res://tests/test_talent_onhit.gd:457)
       [5] _run (res://tests/test_talent_onhit.gd:148)
       [6] _process (res://tests/test_talent_onhit.gd:138)
  ✓ src_unknown → 拒绝注册
  ✓ src_unknown 的理由说得出所以然
WARNING: [TalentRegistry] 拒绝注册天赋 rec_no_optin：offhand_recursive_followup 必须显式声明 self_retriggerable=true（R1.10 默认禁止自触发，豁免要求效果描述显式写明可反复追加）
   at: push_warning (core/variant/variant_utility.cpp:1034)
   GDScript backtrace (most recent call first):
       [0] _reject (res://scripts/data/talent_registry.gd:224)
       [1] _build (res://scripts/data/talent_registry.gd:169)
       [2] _init (res://scripts/data/talent_registry.gd:139)
       [3] _make_registry (res://tests/test_talent_onhit.gd:1241)
       [4] _test_contexts_gate (res://tests/test_talent_onhit.gd:457)
       [5] _run (res://tests/test_talent_onhit.gd:148)
       [6] _process (res://tests/test_talent_onhit.gd:138)
  ✓ rec_no_optin → 拒绝注册
  ✓ rec_no_optin 的理由说得出所以然
WARNING: [TalentRegistry] 拒绝注册天赋 rec_no_decay：offhand_recursive_followup 的 chance_decay_pct 越界（1.0 ~ 99.0），实际 100——衰减必须真的衰减，填 100 就是永不收敛的无限链
   at: push_warning (core/variant/variant_utility.cpp:1034)
   GDScript backtrace (most recent call first):
       [0] _reject (res://scripts/data/talent_registry.gd:224)
       [1] _build (res://scripts/data/talent_registry.gd:169)
       [2] _init (res://scripts/data/talent_registry.gd:139)
       [3] _make_registry (res://tests/test_talent_onhit.gd:1241)
       [4] _test_contexts_gate (res://tests/test_talent_onhit.gd:457)
       [5] _run (res://tests/test_talent_onhit.gd:148)
       [6] _process (res://tests/test_talent_onhit.gd:138)
  ✓ rec_no_decay → 拒绝注册
  ✓ rec_no_decay 的理由说得出所以然
WARNING: [TalentRegistry] 拒绝注册天赋 more_bad_stat：more_damage_from_stat 的 stat「CHA」未支持（当前支持 ["STR", "MAG", "DEX", "SPD", "DEF", "RES", "LCK", "MOV"]）
   at: push_warning (core/variant/variant_utility.cpp:1034)
   GDScript backtrace (most recent call first):
       [0] _reject (res://scripts/data/talent_registry.gd:224)
       [1] _build (res://scripts/data/talent_registry.gd:169)
       [2] _init (res://scripts/data/talent_registry.gd:139)
       [3] _make_registry (res://tests/test_talent_onhit.gd:1241)
       [4] _test_contexts_gate (res://tests/test_talent_onhit.gd:457)
       [5] _run (res://tests/test_talent_onhit.gd:148)
       [6] _process (res://tests/test_talent_onhit.gd:138)
  ✓ more_bad_stat → 拒绝注册
  ✓ more_bad_stat 的理由说得出所以然
WARNING: [TalentRegistry] 拒绝注册天赋 fx_more_wrong_timing：engine_effects 第 0 条（more_damage_from_stat）落在触发行 main 的事件「击杀时」上，但该效果只能挂 ["命中时", "暴击时"]——挂错时机会被静默吞掉
   at: push_warning (core/variant/variant_utility.cpp:1034)
   GDScript backtrace (most recent call first):
       [0] _reject (res://scripts/data/talent_registry.gd:224)
       [1] _build (res://scripts/data/talent_registry.gd:169)
       [2] _init (res://scripts/data/talent_registry.gd:139)
       [3] _make_registry (res://tests/test_talent_onhit.gd:1241)
       [4] _test_contexts_gate (res://tests/test_talent_onhit.gd:457)
       [5] _run (res://tests/test_talent_onhit.gd:148)
       [6] _process (res://tests/test_talent_onhit.gd:138)
  ✓ fx_more_wrong_timing → 拒绝注册
  ✓ fx_more_wrong_timing 的理由说得出所以然
WARNING: [TalentRegistry] 拒绝注册天赋 fx_followup_self_retrigger：engine_effects 第 0 条（offhand_followup）落在触发行 main 的事件「命中后」上，但该效果只能挂 ["执行攻击动作时"]——挂错时机会被静默吞掉
   at: push_warning (core/variant/variant_utility.cpp:1034)
   GDScript backtrace (most recent call first):
       [0] _reject (res://scripts/data/talent_registry.gd:224)
       [1] _build (res://scripts/data/talent_registry.gd:169)
       [2] _init (res://scripts/data/talent_registry.gd:139)
       [3] _make_registry (res://tests/test_talent_onhit.gd:1241)
       [4] _test_contexts_gate (res://tests/test_talent_onhit.gd:457)
       [5] _run (res://tests/test_talent_onhit.gd:148)
       [6] _process (res://tests/test_talent_onhit.gd:138)
  ✓ fx_followup_self_retrigger → 拒绝注册
  ✓ fx_followup_self_retrigger 的理由说得出所以然
WARNING: [TalentRegistry] 拒绝注册天赋 ctx_on_passive_row：触发行 main 是常驻行，不能声明 requires_contexts（常驻没有「本次伤害的产生路径」，消费方也无从求值）
   at: push_warning (core/variant/variant_utility.cpp:1034)
   GDScript backtrace (most recent call first):
       [0] _reject (res://scripts/data/talent_registry.gd:224)
       [1] _build (res://scripts/data/talent_registry.gd:169)
       [2] _init (res://scripts/data/talent_registry.gd:139)
       [3] _make_registry (res://tests/test_talent_onhit.gd:1241)
       [4] _test_contexts_gate (res://tests/test_talent_onhit.gd:457)
       [5] _run (res://tests/test_talent_onhit.gd:148)
       [6] _process (res://tests/test_talent_onhit.gd:138)
  ✓ ctx_on_passive_row → 拒绝注册
  ✓ ctx_on_passive_row 的理由说得出所以然
WARNING: [TalentRegistry] 拒绝注册天赋 obj_not_read：触发行 main 声明了 trigger_object「mark」，但引擎不读这个槽——静默忽略等于丢掉一个限制，故拒收
   at: push_warning (core/variant/variant_utility.cpp:1034)
   GDScript backtrace (most recent call first):
       [0] _reject (res://scripts/data/talent_registry.gd:224)
       [1] _build (res://scripts/data/talent_registry.gd:169)
       [2] _init (res://scripts/data/talent_registry.gd:139)
       [3] _make_registry (res://tests/test_talent_onhit.gd:1241)
       [4] _test_contexts_gate (res://tests/test_talent_onhit.gd:457)
       [5] _run (res://tests/test_talent_onhit.gd:148)
       [6] _process (res://tests/test_talent_onhit.gd:138)
  ✓ obj_not_read → 拒绝注册
  ✓ obj_not_read 的理由说得出所以然
WARNING: [TalentRegistry] 拒绝注册天赋 fx_passive_on_event：engine_effects 第 0 条（unlock_offhand_weapon_effect）是常驻类效果，必须落在常驻行上，实际落在触发行 main 的事件「命中后」上
   at: push_warning (core/variant/variant_utility.cpp:1034)
   GDScript backtrace (most recent call first):
       [0] _reject (res://scripts/data/talent_registry.gd:224)
       [1] _build (res://scripts/data/talent_registry.gd:169)
       [2] _init (res://scripts/data/talent_registry.gd:139)
       [3] _make_registry (res://tests/test_talent_onhit.gd:1241)
       [4] _test_contexts_gate (res://tests/test_talent_onhit.gd:457)
       [5] _run (res://tests/test_talent_onhit.gd:148)
       [6] _process (res://tests/test_talent_onhit.gd:138)
  ✓ fx_passive_on_event → 拒绝注册
  ✓ fx_passive_on_event 的理由说得出所以然
  ✓ 条件只有路径要求（无状态依赖）→ 能注册，不死锁

[W3] engine_effects 的 row 绑定（注册期）
WARNING: [TalentRegistry] 拒绝注册天赋 bind_ghost：engine_effects 第 0 条绑定到不存在的触发行「extra[7]」（本卡有 ["main"]）
   at: push_warning (core/variant/variant_utility.cpp:1034)
   GDScript backtrace (most recent call first):
       [0] _reject (res://scripts/data/talent_registry.gd:224)
       [1] _build (res://scripts/data/talent_registry.gd:169)
       [2] _init (res://scripts/data/talent_registry.gd:139)
       [3] _make_registry (res://tests/test_talent_onhit.gd:1241)
       [4] _test_row_binding_gate (res://tests/test_talent_onhit.gd:495)
       [5] _run (res://tests/test_talent_onhit.gd:149)
       [6] _process (res://tests/test_talent_onhit.gd:138)
  ✓ 效果绑到不存在的触发行 → 拒绝注册
  ✓ 理由点明绑到了不存在的行
WARNING: [TalentRegistry] 拒绝注册天赋 bind_starved：触发行 extra[0] 没有任何效果绑定到它（engine_effects 的 row 绑定漏了这一行）
   at: push_warning (core/variant/variant_utility.cpp:1034)
   GDScript backtrace (most recent call first):
       [0] _reject (res://scripts/data/talent_registry.gd:224)
       [1] _build (res://scripts/data/talent_registry.gd:169)
       [2] _init (res://scripts/data/talent_registry.gd:139)
       [3] _make_registry (res://tests/test_talent_onhit.gd:1241)
       [4] _test_row_binding_gate (res://tests/test_talent_onhit.gd:518)
       [5] _run (res://tests/test_talent_onhit.gd:149)
       [6] _process (res://tests/test_talent_onhit.gd:138)
  ✓ 附加行没有任何效果绑定 → 拒绝注册
  ✓ 理由点明是哪一行空着
  ✓ 主行常驻且没有效果绑定 → 仍能注册（常驻行豁免）
  ✓ 该卡的常驻主行看不到绑给附加行的效果
  ✓ 该卡的附加行看得到那条效果
  ✓ 二天一流（不写 row，两行共用一条效果）仍注册成功
  ✓ 不写 row 的效果对主行可见
  ✓ 不写 row 的效果对附加行也可见
  ✓ 剑气回荡 主行只有 1 条效果
  ✓ 剑气回荡 那条是 empower_next_offhand
  ✓ 剑气回荡 该效果同时带必暴与返气（两件事在同一条上）
  ✓ 剑气回荡 返气量取自 JSON

[W4] trigger_source 双向 —— 主手的卡在副手不触发、副手的卡在主手不触发
[Grid] Initialized 8x8 map: test_arena
[TacticalScene] Units spawned: 6
[TurnManager] Round 1 queue: [剑圣(player), 弓箭手(enemy), 枪兵(enemy), 法师(enemy), 不灭木桩(enemy), 复活木桩(enemy)]
[TurnManager] Turn: 剑圣 (player)
[Attack] 剑圣→枪兵 | hit=true | crit=false | dmg=16
[SwordQi] 剑圣 +10 qi on hit → 10
[Attack] 副手: 剑圣→枪兵 | hit=true | crit=false | dmg=15
[Attack] 剑圣→枪兵 | hit=true | crit=false | dmg=16
[SwordQi] 剑圣 +10 qi on hit → 10
  ✓ 基线：副手追加确实发生了（装副手打得更多）
[Attack] 剑圣→枪兵 | hit=true | crit=false | dmg=16
[SwordQi] 剑圣 +10 qi on hit → 10
[Talent] 剑圣 「test_src_main」→ +3 剑气 → 13
[Attack] 副手: 剑圣→枪兵 | hit=true | crit=false | dmg=15
  ✓ source=主手 → 只主手触发：10(普攻) + 3 == 13
[Attack] 剑圣→枪兵 | hit=true | crit=false | dmg=16
[SwordQi] 剑圣 +10 qi on hit → 10
[Attack] 副手: 剑圣→枪兵 | hit=true | crit=false | dmg=15
[Talent] 剑圣 「test_src_off」→ +5 剑气 → 15
  ✓ source=副手 → 只副手触发：10(普攻) + 5 == 15
[Attack] 剑圣→枪兵 | hit=true | crit=false | dmg=16
[SwordQi] 剑圣 +10 qi on hit → 10
[Talent] 剑圣 「test_src_any」→ +7 剑气 → 17
[Attack] 副手: 剑圣→枪兵 | hit=true | crit=false | dmg=15
[Talent] 剑圣 「test_src_any」→ +7 剑气 → 24
  ✓ source 为空 → 两次都触发：10 + 7 + 7 == 24
[Attack] 剑圣→枪兵 | hit=true | crit=false | dmg=16
[SwordQi] 剑圣 +10 qi on hit → 10
[Talent] 剑圣 「test_src_main」→ +3 剑气 → 13
[Talent] 剑圣 「test_src_any」→ +7 剑气 → 20
[Attack] 副手: 剑圣→枪兵 | hit=true | crit=false | dmg=15
[Talent] 剑圣 「test_src_off」→ +5 剑气 → 25
[Talent] 剑圣 「test_src_any」→ +7 剑气 → 32
  ✓ 三张同装：10 + 3(主) + 5(副) + 7×2(不限) == 32
[Attack] 剑圣→枪兵 | hit=true | crit=false | dmg=16
[SwordQi] 剑圣 +10 qi on hit → 10
[Talent] 剑圣 「test_src_any」→ +7 剑气 → 17
  ✓ 无副手 → 副手卡不触发、不限来源的卡只触发主手那次：10 + 7 == 17

[W5] 剑气回荡的返气收敛（2026-08-10 用户裁决）
[Grid] Initialized 8x8 map: test_arena
[TacticalScene] Units spawned: 6
[TurnManager] Round 1 queue: [剑圣(player), 弓箭手(enemy), 枪兵(enemy), 法师(enemy), 不灭木桩(enemy), 复活木桩(enemy)]
[TurnManager] Turn: 剑圣 (player)
[Talent] 剑圣 「kensei_jianqihuidang」→ 强化随后一次副手追加（必暴=true，命中返气=10）
[Attack] 剑圣→枪兵 | hit=true | crit=true | dmg=24
[SwordQi] 剑圣 +10 qi on hit → 10
[Attack] 副手: 剑圣→枪兵 | hit=true | crit=true | dmg=22
[Talent] 剑圣 「kensei_jianqihuidang」→ 被强化的副手追加命中 → +10 剑气 → 20
  ✓ 主手暴击 → 被强化的那次副手追加命中 → 10(普攻) + 10 == 20
[Attack] 剑圣→枪兵 | hit=true | crit=false | dmg=16
[SwordQi] 剑圣 +10 qi on hit → 10
[Attack] 副手: 剑圣→枪兵 | hit=true | crit=false | dmg=15
  ✓ 主手未暴击 → 剑气回荡整条不触发 → 只有普攻的 10
[Attack] 剑圣→枪兵 | hit=true | crit=true | dmg=24
[SwordQi] 剑圣 +10 qi on hit → 10
  ✓ 未装副手 → 无副手追加可强化 → 10
[Talent] 剑圣 「kensei_jianqihuidang」→ 强化随后一次副手追加（必暴=true，命中返气=10）
[Attack] 剑圣→枪兵 | hit=true | crit=true | dmg=24
[SwordQi] 剑圣 +10 qi on hit → 10
[Attack] 副手: 剑圣→枪兵 | hit=false | crit=false | dmg=0
[Talent] 剑圣 「kensei_jianqihuidang」→ 强化随后一次副手追加（必暴=true，命中返气=10）
[Attack] 剑圣→枪兵 | hit=true | crit=true | dmg=24
[SwordQi] 剑圣 +10 qi on hit → 10
[Attack] 副手: 剑圣→枪兵 | hit=false | crit=false | dmg=0
[Talent] 剑圣 「kensei_jianqihuidang」→ 强化随后一次副手追加（必暴=true，命中返气=10）
[Attack] 剑圣→枪兵 | hit=true | crit=true | dmg=24
[SwordQi] 剑圣 +10 qi on hit → 10
[Attack] 副手: 剑圣→枪兵 | hit=false | crit=false | dmg=0
[Talent] 剑圣 「kensei_jianqihuidang」→ 强化随后一次副手追加（必暴=true，命中返气=10）
[Attack] 剑圣→枪兵 | hit=true | crit=true | dmg=24
[SwordQi] 剑圣 +10 qi on hit → 10
[Attack] 副手: 剑圣→枪兵 | hit=false | crit=false | dmg=0
[Talent] 剑圣 「kensei_jianqihuidang」→ 强化随后一次副手追加（必暴=true，命中返气=10）
[Attack] 剑圣→枪兵 | hit=true | crit=true | dmg=24
[SwordQi] 剑圣 +10 qi on hit → 10
[Attack] 副手: 剑圣→枪兵 | hit=false | crit=false | dmg=0
[Talent] 剑圣 「kensei_jianqihuidang」→ 强化随后一次副手追加（必暴=true，命中返气=10）
[Attack] 剑圣→枪兵 | hit=true | crit=true | dmg=24
[SwordQi] 剑圣 +10 qi on hit → 10
[Attack] 副手: 剑圣→枪兵 | hit=false | crit=false | dmg=0
[Talent] 剑圣 「kensei_jianqihuidang」→ 强化随后一次副手追加（必暴=true，命中返气=10）
[Attack] 剑圣→枪兵 | hit=true | crit=true | dmg=24
[SwordQi] 剑圣 +10 qi on hit → 10
[Attack] 副手: 剑圣→枪兵 | hit=false | crit=false | dmg=0
[Talent] 剑圣 「kensei_jianqihuidang」→ 强化随后一次副手追加（必暴=true，命中返气=10）
[Attack] 剑圣→枪兵 | hit=true | crit=true | dmg=24
[SwordQi] 剑圣 +10 qi on hit → 10
[Attack] 副手: 剑圣→枪兵 | hit=false | crit=false | dmg=0
[Talent] 剑圣 「kensei_jianqihuidang」→ 强化随后一次副手追加（必暴=true，命中返气=10）
[Attack] 剑圣→枪兵 | hit=true | crit=true | dmg=24
[SwordQi] 剑圣 +10 qi on hit → 10
[Attack] 副手: 剑圣→枪兵 | hit=false | crit=false | dmg=0
[Talent] 剑圣 「kensei_jianqihuidang」→ 强化随后一次副手追加（必暴=true，命中返气=10）
[Attack] 剑圣→枪兵 | hit=true | crit=true | dmg=24
[SwordQi] 剑圣 +10 qi on hit → 10
[Attack] 副手: 剑圣→枪兵 | hit=false | crit=false | dmg=0
[Talent] 剑圣 「kensei_jianqihuidang」→ 强化随后一次副手追加（必暴=true，命中返气=10）
[Attack] 剑圣→枪兵 | hit=true | crit=true | dmg=24
[SwordQi] 剑圣 +10 qi on hit → 10
[Attack] 副手: 剑圣→枪兵 | hit=false | crit=false | dmg=0
[Talent] 剑圣 「kensei_jianqihuidang」→ 强化随后一次副手追加（必暴=true，命中返气=10）
[Attack] 剑圣→枪兵 | hit=true | crit=true | dmg=24
[SwordQi] 剑圣 +10 qi on hit → 10
[Attack] 副手: 剑圣→枪兵 | hit=false | crit=false | dmg=0
[Talent] 剑圣 「kensei_jianqihuidang」→ 强化随后一次副手追加（必暴=true，命中返气=10）
[Attack] 剑圣→枪兵 | hit=true | crit=true | dmg=24
[SwordQi] 剑圣 +10 qi on hit → 10
[Attack] 副手: 剑圣→枪兵 | hit=false | crit=false | dmg=0
[Talent] 剑圣 「kensei_jianqihuidang」→ 强化随后一次副手追加（必暴=true，命中返气=10）
[Attack] 剑圣→枪兵 | hit=true | crit=true | dmg=24
[SwordQi] 剑圣 +10 qi on hit → 10
[Attack] 副手: 剑圣→枪兵 | hit=false | crit=false | dmg=0
[Talent] 剑圣 「kensei_jianqihuidang」→ 强化随后一次副手追加（必暴=true，命中返气=10）
[Attack] 剑圣→枪兵 | hit=true | crit=true | dmg=24
[SwordQi] 剑圣 +10 qi on hit → 10
[Attack] 副手: 剑圣→枪兵 | hit=false | crit=false | dmg=0
[Talent] 剑圣 「kensei_jianqihuidang」→ 强化随后一次副手追加（必暴=true，命中返气=10）
[Attack] 剑圣→枪兵 | hit=true | crit=true | dmg=24
[SwordQi] 剑圣 +10 qi on hit → 10
[Attack] 副手: 剑圣→枪兵 | hit=false | crit=false | dmg=0
[Talent] 剑圣 「kensei_jianqihuidang」→ 强化随后一次副手追加（必暴=true，命中返气=10）
[Attack] 剑圣→枪兵 | hit=true | crit=true | dmg=24
[SwordQi] 剑圣 +10 qi on hit → 10
[Attack] 副手: 剑圣→枪兵 | hit=false | crit=false | dmg=0
[Talent] 剑圣 「kensei_jianqihuidang」→ 强化随后一次副手追加（必暴=true，命中返气=10）
[Attack] 剑圣→枪兵 | hit=true | crit=true | dmg=24
[SwordQi] 剑圣 +10 qi on hit → 10
[Attack] 副手: 剑圣→枪兵 | hit=false | crit=false | dmg=0
[Talent] 剑圣 「kensei_jianqihuidang」→ 强化随后一次副手追加（必暴=true，命中返气=10）
[Attack] 剑圣→枪兵 | hit=true | crit=true | dmg=24
[SwordQi] 剑圣 +10 qi on hit → 10
[Attack] 副手: 剑圣→枪兵 | hit=false | crit=false | dmg=0
[Talent] 剑圣 「kensei_jianqihuidang」→ 强化随后一次副手追加（必暴=true，命中返气=10）
[Attack] 剑圣→枪兵 | hit=true | crit=true | dmg=24
[SwordQi] 剑圣 +10 qi on hit → 10
[Attack] 副手: 剑圣→枪兵 | hit=false | crit=false | dmg=0
[Talent] 剑圣 「kensei_jianqihuidang」→ 强化随后一次副手追加（必暴=true，命中返气=10）
[Attack] 剑圣→枪兵 | hit=true | crit=true | dmg=24
[SwordQi] 剑圣 +10 qi on hit → 10
[Attack] 副手: 剑圣→枪兵 | hit=false | crit=false | dmg=0
[Talent] 剑圣 「kensei_jianqihuidang」→ 强化随后一次副手追加（必暴=true，命中返气=10）
[Attack] 剑圣→枪兵 | hit=true | crit=true | dmg=24
[SwordQi] 剑圣 +10 qi on hit → 10
[Attack] 副手: 剑圣→枪兵 | hit=false | crit=false | dmg=0
[Talent] 剑圣 「kensei_jianqihuidang」→ 强化随后一次副手追加（必暴=true，命中返气=10）
[Attack] 剑圣→枪兵 | hit=true | crit=true | dmg=24
[SwordQi] 剑圣 +10 qi on hit → 10
[Attack] 副手: 剑圣→枪兵 | hit=false | crit=false | dmg=0
[Talent] 剑圣 「kensei_jianqihuidang」→ 强化随后一次副手追加（必暴=true，命中返气=10）
[Attack] 剑圣→枪兵 | hit=true | crit=true | dmg=24
[SwordQi] 剑圣 +10 qi on hit → 10
[Attack] 副手: 剑圣→枪兵 | hit=true | crit=true | dmg=22
[Talent] 剑圣 「kensei_jianqihuidang」→ 被强化的副手追加命中 → +10 剑气 → 20
[Talent] 剑圣 「test_count_off」→ +1 剑气 → 21
  ✓ 副手未命中的轮次一点气都不返（剑气总量只有 10 / 21 两种取值）
  ✓ 24 轮里副手确实 miss 过（否则这条断言是空转）

[W6] 「暴击时」钩子改写本次伤害（死线）+ 跨主副手因果（剑气回荡）
[Grid] Initialized 8x8 map: test_arena
[TacticalScene] Units spawned: 6
[TurnManager] Round 1 queue: [剑圣(player), 弓箭手(enemy), 枪兵(enemy), 法师(enemy), 不灭木桩(enemy), 复活木桩(enemy)]
[TurnManager] Turn: 剑圣 (player)
[Attack] 剑圣→枪兵 | hit=true | crit=true | dmg=30
[SwordQi] 剑圣 +10 qi on hit → 10
  ✓ 对照组：(10+10-0) × 1.5 == 30
  ✓ precomputed_outcome 没有污染调用方传入的 payload
[Talent] 剑圣 「myrmidon_sixian」→ DEX=9 → ×1.0450 更多伤害
[Attack] 剑圣→枪兵 | hit=true | crit=true | dmg=31
[SwordQi] 剑圣 +10 qi on hit → 10
  ✓ 死线：暴击伤害 × (1 + DEX×0.5%)，DEX_eff=9 → 31
  ✓ 死线确实改大了伤害（DEX>0 时期望值必须真的不同）
[Attack] 剑圣→枪兵 | hit=true | crit=true | dmg=30
[SwordQi] 剑圣 +10 qi on hit → 10
[Attack] 副手: 剑圣→枪兵 | hit=true | crit=true | dmg=22
[Talent] 剑圣 「myrmidon_sixian」→ DEX=9 → ×1.0450 更多伤害
[Attack] 剑圣→枪兵 | hit=true | crit=true | dmg=31
[SwordQi] 剑圣 +10 qi on hit → 10
[Attack] 副手: 剑圣→枪兵 | hit=true | crit=true | dmg=22
  ✓ 死线只加主手那一击：总伤害的增量 == 主手单独时的增量
[Grid] Initialized 8x8 map: test_arena
[TacticalScene] Units spawned: 6
[TurnManager] Round 1 queue: [剑圣(player), 弓箭手(enemy), 枪兵(enemy), 法师(enemy), 不灭木桩(enemy), 复活木桩(enemy)]
[TurnManager] Turn: 剑圣 (player)
[Attack] 剑圣→枪兵 | hit=true | crit=true | dmg=24
[SwordQi] 剑圣 +10 qi on hit → 10
[Attack] 副手: 剑圣→枪兵 | hit=true | crit=false | dmg=15
[Talent] 剑圣 「kensei_jianqihuidang」→ 强化随后一次副手追加（必暴=true，命中返气=10）
[Attack] 剑圣→枪兵 | hit=true | crit=true | dmg=24
[SwordQi] 剑圣 +10 qi on hit → 10
[Attack] 副手: 剑圣→枪兵 | hit=true | crit=true | dmg=22
[Talent] 剑圣 「kensei_jianqihuidang」→ 被强化的副手追加命中 → +10 剑气 → 20
  ✓ 剑气回荡：主手暴击让副手那次也暴（总伤害变高）
[Attack] 剑圣→枪兵 | hit=true | crit=false | dmg=16
[SwordQi] 剑圣 +10 qi on hit → 10
[Attack] 副手: 剑圣→枪兵 | hit=true | crit=false | dmg=15
[Attack] 剑圣→枪兵 | hit=true | crit=false | dmg=16
[SwordQi] 剑圣 +10 qi on hit → 10
[Attack] 副手: 剑圣→枪兵 | hit=true | crit=false | dmg=15
  ✓ 主手未暴击 → 剑气回荡不触发，副手也不暴，伤害与无卡时一致
[Attack] 剑圣→枪兵 | hit=true | crit=true | dmg=24
[SwordQi] 剑圣 +10 qi on hit → 10
[Attack] 副手: 剑圣→枪兵 | hit=true | crit=false | dmg=15
[Talent] 剑圣 「kensei_jianqihuidang」→ 强化随后一次副手追加（必暴=true，命中返气=10）
[Attack] 剑圣→枪兵 | hit=true | crit=true | dmg=24
[SwordQi] 剑圣 +10 qi on hit → 10
[Attack] 副手: 剑圣→枪兵 | hit=true | crit=true | dmg=22
[Talent] 剑圣 「kensei_jianqihuidang」→ 被强化的副手追加命中 → +10 剑气 → 20
  ✓ 基准：副手那一次因剑气回荡而暴击，增量为正
[Attack] 剑圣→枪兵 | hit=true | crit=true | dmg=24
[SwordQi] 剑圣 +10 qi on hit → 10
[Attack] 副手: 剑圣→枪兵 | hit=true | crit=false | dmg=15
[Talent] 剑圣 「test_count_off」→ +1 剑气 → 11
[Talent] 剑圣 「test_yanfan_once」→ 第 1 次递归追加命中（概率 100.0%）
[Attack] 副手: 剑圣→枪兵 | hit=true | crit=false | dmg=15
[Talent] 剑圣 「test_count_off」→ +1 剑气 → 12
[Talent] 剑圣 「kensei_jianqihuidang」→ 强化随后一次副手追加（必暴=true，命中返气=10）
[Attack] 剑圣→枪兵 | hit=true | crit=true | dmg=24
[SwordQi] 剑圣 +10 qi on hit → 10
[Attack] 副手: 剑圣→枪兵 | hit=true | crit=true | dmg=22
[Talent] 剑圣 「kensei_jianqihuidang」→ 被强化的副手追加命中 → +10 剑气 → 20
[Talent] 剑圣 「test_count_off」→ +1 剑气 → 21
[Talent] 剑圣 「test_yanfan_once」→ 第 1 次递归追加命中（概率 100.0%）
[Attack] 副手: 剑圣→枪兵 | hit=true | crit=false | dmg=15
[Talent] 剑圣 「test_count_off」→ +1 剑气 → 22
  ✓ 取到了链长恰好为 2 的对照样本
  ✓ 必暴标记只消费一次：两次副手追加里只有第一次暴（增量 == 一次暴击的增量，不是两次）

[W8] 「更多伤害」与副手 50% 的复合（连乘，不是覆写）
[Grid] Initialized 8x8 map: test_arena
[TacticalScene] Units spawned: 6
[TurnManager] Round 1 queue: [剑圣(player), 弓箭手(enemy), 枪兵(enemy), 法师(enemy), 不灭木桩(enemy), 复活木桩(enemy)]
[TurnManager] Turn: 剑圣 (player)
  ✓ 前提：DEX 生效值大于 0（否则倍率恒为 1，这组失去区分力）
[Attack] 剑圣→枪兵 | hit=true | crit=false | dmg=20
[SwordQi] 剑圣 +10 qi on hit → 10
[Attack] 剑圣→枪兵 | hit=true | crit=false | dmg=20
[SwordQi] 剑圣 +10 qi on hit → 10
[Attack] 副手: 剑圣→枪兵 | hit=true | crit=false | dmg=15
[Talent] 剑圣 「test_more_any」→ DEX=9 → ×1.0900 更多伤害
[Attack] 剑圣→枪兵 | hit=true | crit=false | dmg=21
[SwordQi] 剑圣 +10 qi on hit → 10
[Talent] 剑圣 「test_more_any」→ DEX=9 → ×1.0900 更多伤害
[Attack] 剑圣→枪兵 | hit=true | crit=false | dmg=21
[SwordQi] 剑圣 +10 qi on hit → 10
[Talent] 剑圣 「test_more_any」→ DEX=9 → ×1.0900 更多伤害
[Attack] 副手: 剑圣→枪兵 | hit=true | crit=false | dmg=16
  ✓ 主手吃到更多伤害：20 × 1.09
  ✓ 取到了副手武器的 might
  ✓ 副手同时吃 50% 与更多倍率（连乘）：floor(30.0 × 0.5 × 1.09)
  ✓ 副手的 50% 没有被更多倍率覆写掉（覆写会让它约等于两倍）
  ✓ 对照：不带更多倍率时副手就是 50% 本体

[W9] on-hit 钩子看到的结果 == 实际结算的结果
[Grid] Initialized 8x8 map: test_arena
[TacticalScene] Units spawned: 6
[TurnManager] Round 1 queue: [剑圣(player), 弓箭手(enemy), 枪兵(enemy), 法师(enemy), 不灭木桩(enemy), 复活木桩(enemy)]
[TurnManager] Turn: 剑圣 (player)
  ✓ 前提：四种取值互不相同（否则这组分辨不出脱钩）
[Attack] 剑圣→枪兵 | hit=true | crit=false | dmg=20
[SwordQi] 剑圣 +10 qi on hit → 10
[Attack] 剑圣→枪兵 | hit=true | crit=false | dmg=20
[SwordQi] 剑圣 +10 qi on hit → 10
[Attack] 剑圣→枪兵 | hit=true | crit=false | dmg=20
[SwordQi] 剑圣 +10 qi on hit → 10
[Attack] 剑圣→枪兵 | hit=true | crit=false | dmg=20
[SwordQi] 剑圣 +10 qi on hit → 10
[Talent] 剑圣 「myrmidon_sixian」→ DEX=40 → ×1.2000 更多伤害
[Attack] 剑圣→枪兵 | hit=true | crit=true | dmg=36
[SwordQi] 剑圣 +10 qi on hit → 10
[Talent] 剑圣 「myrmidon_sixian」→ DEX=40 → ×1.2000 更多伤害
[Attack] 剑圣→枪兵 | hit=true | crit=true | dmg=36
[SwordQi] 剑圣 +10 qi on hit → 10
[Attack] 剑圣→枪兵 | hit=true | crit=false | dmg=20
[SwordQi] 剑圣 +10 qi on hit → 10
[Attack] 剑圣→枪兵 | hit=true | crit=false | dmg=20
[SwordQi] 剑圣 +10 qi on hit → 10
[Attack] 剑圣→枪兵 | hit=true | crit=false | dmg=20
[SwordQi] 剑圣 +10 qi on hit → 10
[Talent] 剑圣 「myrmidon_sixian」→ DEX=40 → ×1.2000 更多伤害
[Attack] 剑圣→枪兵 | hit=true | crit=true | dmg=36
[SwordQi] 剑圣 +10 qi on hit → 10
[Talent] 剑圣 「myrmidon_sixian」→ DEX=40 → ×1.2000 更多伤害
[Attack] 剑圣→枪兵 | hit=true | crit=true | dmg=36
[SwordQi] 剑圣 +10 qi on hit → 10
[Attack] 剑圣→枪兵 | hit=true | crit=false | dmg=20
[SwordQi] 剑圣 +10 qi on hit → 10
[Attack] 剑圣→枪兵 | hit=true | crit=false | dmg=20
[SwordQi] 剑圣 +10 qi on hit → 10
[Attack] 剑圣→枪兵 | hit=true | crit=false | dmg=20
[SwordQi] 剑圣 +10 qi on hit → 10
[Attack] 剑圣→枪兵 | hit=true | crit=false | dmg=20
[SwordQi] 剑圣 +10 qi on hit → 10
[Talent] 剑圣 「myrmidon_sixian」→ DEX=40 → ×1.2000 更多伤害
[Attack] 剑圣→枪兵 | hit=true | crit=true | dmg=36
[SwordQi] 剑圣 +10 qi on hit → 10
[Attack] 剑圣→枪兵 | hit=true | crit=false | dmg=20
[SwordQi] 剑圣 +10 qi on hit → 10
[Attack] 剑圣→枪兵 | hit=true | crit=false | dmg=20
[SwordQi] 剑圣 +10 qi on hit → 10
[Attack] 剑圣→枪兵 | hit=true | crit=false | dmg=20
[SwordQi] 剑圣 +10 qi on hit → 10
[Attack] 剑圣→枪兵 | hit=true | crit=false | dmg=20
[SwordQi] 剑圣 +10 qi on hit → 10
[Attack] 剑圣→枪兵 | hit=true | crit=false | dmg=20
[SwordQi] 剑圣 +10 qi on hit → 10
[Attack] 剑圣→枪兵 | hit=true | crit=false | dmg=20
[SwordQi] 剑圣 +10 qi on hit → 10
[Attack] 剑圣→枪兵 | hit=true | crit=false | dmg=20
[SwordQi] 剑圣 +10 qi on hit → 10
[Attack] 剑圣→枪兵 | hit=true | crit=false | dmg=20
[SwordQi] 剑圣 +10 qi on hit → 10
[Attack] 剑圣→枪兵 | hit=true | crit=false | dmg=20
[SwordQi] 剑圣 +10 qi on hit → 10
[Attack] 剑圣→枪兵 | hit=true | crit=false | dmg=20
[SwordQi] 剑圣 +10 qi on hit → 10
[Attack] 剑圣→枪兵 | hit=true | crit=false | dmg=20
[SwordQi] 剑圣 +10 qi on hit → 10
[Attack] 剑圣→枪兵 | hit=true | crit=false | dmg=20
[SwordQi] 剑圣 +10 qi on hit → 10
[Attack] 剑圣→枪兵 | hit=true | crit=false | dmg=20
[SwordQi] 剑圣 +10 qi on hit → 10
[Attack] 剑圣→枪兵 | hit=true | crit=false | dmg=20
[SwordQi] 剑圣 +10 qi on hit → 10
[Attack] 剑圣→枪兵 | hit=true | crit=false | dmg=20
[SwordQi] 剑圣 +10 qi on hit → 10
[Attack] 剑圣→枪兵 | hit=true | crit=false | dmg=20
[SwordQi] 剑圣 +10 qi on hit → 10
[Attack] 剑圣→枪兵 | hit=true | crit=false | dmg=20
[SwordQi] 剑圣 +10 qi on hit → 10
[Talent] 剑圣 「myrmidon_sixian」→ DEX=40 → ×1.2000 更多伤害
[Attack] 剑圣→枪兵 | hit=true | crit=true | dmg=36
[SwordQi] 剑圣 +10 qi on hit → 10
[Attack] 剑圣→枪兵 | hit=true | crit=false | dmg=20
[SwordQi] 剑圣 +10 qi on hit → 10
[Attack] 剑圣→枪兵 | hit=true | crit=false | dmg=20
[SwordQi] 剑圣 +10 qi on hit → 10
[Talent] 剑圣 「myrmidon_sixian」→ DEX=40 → ×1.2000 更多伤害
[Attack] 剑圣→枪兵 | hit=true | crit=true | dmg=36
[SwordQi] 剑圣 +10 qi on hit → 10
[Talent] 剑圣 「myrmidon_sixian」→ DEX=40 → ×1.2000 更多伤害
[Attack] 剑圣→枪兵 | hit=true | crit=true | dmg=36
[SwordQi] 剑圣 +10 qi on hit → 10
[Attack] 剑圣→枪兵 | hit=true | crit=false | dmg=20
[SwordQi] 剑圣 +10 qi on hit → 10
[Attack] 剑圣→枪兵 | hit=true | crit=false | dmg=20
[SwordQi] 剑圣 +10 qi on hit → 10
[Talent] 剑圣 「myrmidon_sixian」→ DEX=40 → ×1.2000 更多伤害
[Attack] 剑圣→枪兵 | hit=true | crit=true | dmg=36
[SwordQi] 剑圣 +10 qi on hit → 10
[Talent] 剑圣 「myrmidon_sixian」→ DEX=40 → ×1.2000 更多伤害
[Attack] 剑圣→枪兵 | hit=true | crit=true | dmg=36
[SwordQi] 剑圣 +10 qi on hit → 10
[Attack] 剑圣→枪兵 | hit=true | crit=false | dmg=20
[SwordQi] 剑圣 +10 qi on hit → 10
[Talent] 剑圣 「myrmidon_sixian」→ DEX=40 → ×1.2000 更多伤害
[Attack] 剑圣→枪兵 | hit=true | crit=true | dmg=36
[SwordQi] 剑圣 +10 qi on hit → 10
[Talent] 剑圣 「myrmidon_sixian」→ DEX=40 → ×1.2000 更多伤害
[Attack] 剑圣→枪兵 | hit=true | crit=true | dmg=36
[SwordQi] 剑圣 +10 qi on hit → 10
[Attack] 剑圣→枪兵 | hit=true | crit=false | dmg=20
[SwordQi] 剑圣 +10 qi on hit → 10
[Attack] 剑圣→枪兵 | hit=true | crit=false | dmg=20
[SwordQi] 剑圣 +10 qi on hit → 10
[Attack] 剑圣→枪兵 | hit=true | crit=false | dmg=20
[SwordQi] 剑圣 +10 qi on hit → 10
[Talent] 剑圣 「myrmidon_sixian」→ DEX=40 → ×1.2000 更多伤害
[Attack] 剑圣→枪兵 | hit=true | crit=true | dmg=36
[SwordQi] 剑圣 +10 qi on hit → 10
[Attack] 剑圣→枪兵 | hit=true | crit=false | dmg=20
[SwordQi] 剑圣 +10 qi on hit → 10
[Talent] 剑圣 「myrmidon_sixian」→ DEX=40 → ×1.2000 更多伤害
[Attack] 剑圣→枪兵 | hit=true | crit=true | dmg=36
[SwordQi] 剑圣 +10 qi on hit → 10
[Talent] 剑圣 「myrmidon_sixian」→ DEX=40 → ×1.2000 更多伤害
[Attack] 剑圣→枪兵 | hit=true | crit=true | dmg=36
[SwordQi] 剑圣 +10 qi on hit → 10
[Attack] 剑圣→枪兵 | hit=true | crit=false | dmg=20
[SwordQi] 剑圣 +10 qi on hit → 10
[Attack] 剑圣→枪兵 | hit=true | crit=false | dmg=20
[SwordQi] 剑圣 +10 qi on hit → 10
[Talent] 剑圣 「myrmidon_sixian」→ DEX=40 → ×1.2000 更多伤害
[Attack] 剑圣→枪兵 | hit=true | crit=true | dmg=36
[SwordQi] 剑圣 +10 qi on hit → 10
[Talent] 剑圣 「myrmidon_sixian」→ DEX=40 → ×1.2000 更多伤害
[Attack] 剑圣→枪兵 | hit=true | crit=true | dmg=36
[SwordQi] 剑圣 +10 qi on hit → 10
[Talent] 剑圣 「myrmidon_sixian」→ DEX=40 → ×1.2000 更多伤害
[Attack] 剑圣→枪兵 | hit=true | crit=true | dmg=36
[SwordQi] 剑圣 +10 qi on hit → 10
[Talent] 剑圣 「myrmidon_sixian」→ DEX=40 → ×1.2000 更多伤害
[Attack] 剑圣→枪兵 | hit=true | crit=true | dmg=36
[SwordQi] 剑圣 +10 qi on hit → 10
[Talent] 剑圣 「myrmidon_sixian」→ DEX=40 → ×1.2000 更多伤害
[Attack] 剑圣→枪兵 | hit=true | crit=true | dmg=36
[SwordQi] 剑圣 +10 qi on hit → 10
[Attack] 剑圣→枪兵 | hit=true | crit=false | dmg=20
[SwordQi] 剑圣 +10 qi on hit → 10
  ✓ 60 轮里暴击与不暴击都出现过（暴击率确实在中间，随机真的起作用了）
  ✓ 伤害只出现两种取值：不暴 20 / 暴且带死线加成 36

[W10] 副手侧钩子一致性 + 递归追加的伤害 + 未命中路径
[Grid] Initialized 8x8 map: test_arena
[TacticalScene] Units spawned: 6
[TurnManager] Round 1 queue: [剑圣(player), 弓箭手(enemy), 枪兵(enemy), 法师(enemy), 不灭木桩(enemy), 复活木桩(enemy)]
[TurnManager] Turn: 剑圣 (player)
  ✓ 前提：四种副手取值互不相同
[Attack] 剑圣→枪兵 | hit=true | crit=false | dmg=20
[SwordQi] 剑圣 +10 qi on hit → 10
[Talent] 剑圣 「test_more_off」→ DEX=100 → ×2.0000 更多伤害
[Attack] 副手: 剑圣→枪兵 | hit=true | crit=true | dmg=45
[Attack] 剑圣→枪兵 | hit=true | crit=false | dmg=20
[SwordQi] 剑圣 +10 qi on hit → 10
[Attack] 副手: 剑圣→枪兵 | hit=true | crit=false | dmg=15
[Attack] 剑圣→枪兵 | hit=true | crit=false | dmg=20
[SwordQi] 剑圣 +10 qi on hit → 10
[Talent] 剑圣 「test_more_off」→ DEX=100 → ×2.0000 更多伤害
[Attack] 副手: 剑圣→枪兵 | hit=true | crit=true | dmg=45
[Attack] 剑圣→枪兵 | hit=true | crit=false | dmg=20
[SwordQi] 剑圣 +10 qi on hit → 10
[Attack] 副手: 剑圣→枪兵 | hit=true | crit=false | dmg=15
[Attack] 剑圣→枪兵 | hit=true | crit=false | dmg=20
[SwordQi] 剑圣 +10 qi on hit → 10
[Attack] 副手: 剑圣→枪兵 | hit=true | crit=false | dmg=15
[Attack] 剑圣→枪兵 | hit=true | crit=false | dmg=20
[SwordQi] 剑圣 +10 qi on hit → 10
[Talent] 剑圣 「test_more_off」→ DEX=100 → ×2.0000 更多伤害
[Attack] 副手: 剑圣→枪兵 | hit=true | crit=true | dmg=45
[Attack] 剑圣→枪兵 | hit=true | crit=false | dmg=20
[SwordQi] 剑圣 +10 qi on hit → 10
[Talent] 剑圣 「test_more_off」→ DEX=100 → ×2.0000 更多伤害
[Attack] 副手: 剑圣→枪兵 | hit=true | crit=true | dmg=45
[Attack] 剑圣→枪兵 | hit=true | crit=false | dmg=20
[SwordQi] 剑圣 +10 qi on hit → 10
[Attack] 副手: 剑圣→枪兵 | hit=true | crit=false | dmg=15
[Attack] 剑圣→枪兵 | hit=true | crit=false | dmg=20
[SwordQi] 剑圣 +10 qi on hit → 10
[Talent] 剑圣 「test_more_off」→ DEX=100 → ×2.0000 更多伤害
[Attack] 副手: 剑圣→枪兵 | hit=true | crit=true | dmg=45
[Attack] 剑圣→枪兵 | hit=true | crit=false | dmg=20
[SwordQi] 剑圣 +10 qi on hit → 10
[Talent] 剑圣 「test_more_off」→ DEX=100 → ×2.0000 更多伤害
[Attack] 副手: 剑圣→枪兵 | hit=true | crit=true | dmg=45
[Attack] 剑圣→枪兵 | hit=true | crit=false | dmg=20
[SwordQi] 剑圣 +10 qi on hit → 10
[Attack] 副手: 剑圣→枪兵 | hit=true | crit=false | dmg=15
[Attack] 剑圣→枪兵 | hit=true | crit=false | dmg=20
[SwordQi] 剑圣 +10 qi on hit → 10
[Attack] 副手: 剑圣→枪兵 | hit=true | crit=false | dmg=15
[Attack] 剑圣→枪兵 | hit=true | crit=false | dmg=20
[SwordQi] 剑圣 +10 qi on hit → 10
[Talent] 剑圣 「test_more_off」→ DEX=100 → ×2.0000 更多伤害
[Attack] 副手: 剑圣→枪兵 | hit=true | crit=true | dmg=45
[Attack] 剑圣→枪兵 | hit=true | crit=false | dmg=20
[SwordQi] 剑圣 +10 qi on hit → 10
[Talent] 剑圣 「test_more_off」→ DEX=100 → ×2.0000 更多伤害
[Attack] 副手: 剑圣→枪兵 | hit=true | crit=true | dmg=45
[Attack] 剑圣→枪兵 | hit=true | crit=false | dmg=20
[SwordQi] 剑圣 +10 qi on hit → 10
[Talent] 剑圣 「test_more_off」→ DEX=100 → ×2.0000 更多伤害
[Attack] 副手: 剑圣→枪兵 | hit=true | crit=true | dmg=45
[Attack] 剑圣→枪兵 | hit=true | crit=false | dmg=20
[SwordQi] 剑圣 +10 qi on hit → 10
[Attack] 副手: 剑圣→枪兵 | hit=true | crit=false | dmg=15
[Attack] 剑圣→枪兵 | hit=true | crit=false | dmg=20
[SwordQi] 剑圣 +10 qi on hit → 10
[Attack] 副手: 剑圣→枪兵 | hit=true | crit=false | dmg=15
[Attack] 剑圣→枪兵 | hit=true | crit=false | dmg=20
[SwordQi] 剑圣 +10 qi on hit → 10
[Attack] 副手: 剑圣→枪兵 | hit=true | crit=false | dmg=15
[Attack] 剑圣→枪兵 | hit=true | crit=false | dmg=20
[SwordQi] 剑圣 +10 qi on hit → 10
[Attack] 副手: 剑圣→枪兵 | hit=true | crit=false | dmg=15
[Attack] 剑圣→枪兵 | hit=true | crit=false | dmg=20
[SwordQi] 剑圣 +10 qi on hit → 10
[Talent] 剑圣 「test_more_off」→ DEX=100 → ×2.0000 更多伤害
[Attack] 副手: 剑圣→枪兵 | hit=true | crit=true | dmg=45
[Attack] 剑圣→枪兵 | hit=true | crit=false | dmg=20
[SwordQi] 剑圣 +10 qi on hit → 10
[Talent] 剑圣 「test_more_off」→ DEX=100 → ×2.0000 更多伤害
[Attack] 副手: 剑圣→枪兵 | hit=true | crit=true | dmg=45
[Attack] 剑圣→枪兵 | hit=true | crit=false | dmg=20
[SwordQi] 剑圣 +10 qi on hit → 10
[Attack] 副手: 剑圣→枪兵 | hit=true | crit=false | dmg=15
[Attack] 剑圣→枪兵 | hit=true | crit=false | dmg=20
[SwordQi] 剑圣 +10 qi on hit → 10
[Talent] 剑圣 「test_more_off」→ DEX=100 → ×2.0000 更多伤害
[Attack] 副手: 剑圣→枪兵 | hit=true | crit=true | dmg=45
[Attack] 剑圣→枪兵 | hit=true | crit=false | dmg=20
[SwordQi] 剑圣 +10 qi on hit → 10
[Attack] 副手: 剑圣→枪兵 | hit=true | crit=false | dmg=15
[Attack] 剑圣→枪兵 | hit=true | crit=false | dmg=20
[SwordQi] 剑圣 +10 qi on hit → 10
[Attack] 副手: 剑圣→枪兵 | hit=true | crit=false | dmg=15
[Attack] 剑圣→枪兵 | hit=true | crit=false | dmg=20
[SwordQi] 剑圣 +10 qi on hit → 10
[Talent] 剑圣 「test_more_off」→ DEX=100 → ×2.0000 更多伤害
[Attack] 副手: 剑圣→枪兵 | hit=true | crit=true | dmg=45
[Attack] 剑圣→枪兵 | hit=true | crit=false | dmg=20
[SwordQi] 剑圣 +10 qi on hit → 10
[Attack] 副手: 剑圣→枪兵 | hit=true | crit=false | dmg=15
[Attack] 剑圣→枪兵 | hit=true | crit=false | dmg=20
[SwordQi] 剑圣 +10 qi on hit → 10
[Attack] 副手: 剑圣→枪兵 | hit=true | crit=false | dmg=15
[Attack] 剑圣→枪兵 | hit=true | crit=false | dmg=20
[SwordQi] 剑圣 +10 qi on hit → 10
[Talent] 剑圣 「test_more_off」→ DEX=100 → ×2.0000 更多伤害
[Attack] 副手: 剑圣→枪兵 | hit=true | crit=true | dmg=45
[Attack] 剑圣→枪兵 | hit=true | crit=false | dmg=20
[SwordQi] 剑圣 +10 qi on hit → 10
[Talent] 剑圣 「test_more_off」→ DEX=100 → ×2.0000 更多伤害
[Attack] 副手: 剑圣→枪兵 | hit=true | crit=true | dmg=45
[Attack] 剑圣→枪兵 | hit=true | crit=false | dmg=20
[SwordQi] 剑圣 +10 qi on hit → 10
[Attack] 副手: 剑圣→枪兵 | hit=true | crit=false | dmg=15
[Attack] 剑圣→枪兵 | hit=true | crit=false | dmg=20
[SwordQi] 剑圣 +10 qi on hit → 10
[Attack] 副手: 剑圣→枪兵 | hit=true | crit=false | dmg=15
[Attack] 剑圣→枪兵 | hit=true | crit=false | dmg=20
[SwordQi] 剑圣 +10 qi on hit → 10
[Attack] 副手: 剑圣→枪兵 | hit=true | crit=false | dmg=15
[Attack] 剑圣→枪兵 | hit=true | crit=false | dmg=20
[SwordQi] 剑圣 +10 qi on hit → 10
[Talent] 剑圣 「test_more_off」→ DEX=100 → ×2.0000 更多伤害
[Attack] 副手: 剑圣→枪兵 | hit=true | crit=true | dmg=45
[Attack] 剑圣→枪兵 | hit=true | crit=false | dmg=20
[SwordQi] 剑圣 +10 qi on hit → 10
[Talent] 剑圣 「test_more_off」→ DEX=100 → ×2.0000 更多伤害
[Attack] 副手: 剑圣→枪兵 | hit=true | crit=true | dmg=45
[Attack] 剑圣→枪兵 | hit=true | crit=false | dmg=20
[SwordQi] 剑圣 +10 qi on hit → 10
[Attack] 副手: 剑圣→枪兵 | hit=true | crit=false | dmg=15
[Attack] 剑圣→枪兵 | hit=true | crit=false | dmg=20
[SwordQi] 剑圣 +10 qi on hit → 10
[Talent] 剑圣 「test_more_off」→ DEX=100 → ×2.0000 更多伤害
[Attack] 副手: 剑圣→枪兵 | hit=true | crit=true | dmg=45
[Attack] 剑圣→枪兵 | hit=true | crit=false | dmg=20
[SwordQi] 剑圣 +10 qi on hit → 10
[Attack] 副手: 剑圣→枪兵 | hit=true | crit=false | dmg=15
[Attack] 剑圣→枪兵 | hit=true | crit=false | dmg=20
[SwordQi] 剑圣 +10 qi on hit → 10
[Attack] 副手: 剑圣→枪兵 | hit=true | crit=false | dmg=15
[Attack] 剑圣→枪兵 | hit=true | crit=false | dmg=20
[SwordQi] 剑圣 +10 qi on hit → 10
[Attack] 副手: 剑圣→枪兵 | hit=true | crit=false | dmg=15
[Attack] 剑圣→枪兵 | hit=true | crit=false | dmg=20
[SwordQi] 剑圣 +10 qi on hit → 10
[Talent] 剑圣 「test_more_off」→ DEX=100 → ×2.0000 更多伤害
[Attack] 副手: 剑圣→枪兵 | hit=true | crit=true | dmg=45
[Attack] 剑圣→枪兵 | hit=true | crit=false | dmg=20
[SwordQi] 剑圣 +10 qi on hit → 10
[Attack] 副手: 剑圣→枪兵 | hit=true | crit=false | dmg=15
[Attack] 剑圣→枪兵 | hit=true | crit=false | dmg=20
[SwordQi] 剑圣 +10 qi on hit → 10
[Talent] 剑圣 「test_more_off」→ DEX=100 → ×2.0000 更多伤害
[Attack] 副手: 剑圣→枪兵 | hit=true | crit=true | dmg=45
[Attack] 剑圣→枪兵 | hit=true | crit=false | dmg=20
[SwordQi] 剑圣 +10 qi on hit → 10
[Attack] 副手: 剑圣→枪兵 | hit=true | crit=false | dmg=15
[Attack] 剑圣→枪兵 | hit=true | crit=false | dmg=20
[SwordQi] 剑圣 +10 qi on hit → 10
[Talent] 剑圣 「test_more_off」→ DEX=100 → ×2.0000 更多伤害
[Attack] 副手: 剑圣→枪兵 | hit=true | crit=true | dmg=45
[Attack] 剑圣→枪兵 | hit=true | crit=false | dmg=20
[SwordQi] 剑圣 +10 qi on hit → 10
[Attack] 副手: 剑圣→枪兵 | hit=true | crit=false | dmg=15
[Attack] 剑圣→枪兵 | hit=true | crit=false | dmg=20
[SwordQi] 剑圣 +10 qi on hit → 10
[Talent] 剑圣 「test_more_off」→ DEX=100 → ×2.0000 更多伤害
[Attack] 副手: 剑圣→枪兵 | hit=true | crit=true | dmg=45
[Attack] 剑圣→枪兵 | hit=true | crit=false | dmg=20
[SwordQi] 剑圣 +10 qi on hit → 10
[Talent] 剑圣 「test_more_off」→ DEX=100 → ×2.0000 更多伤害
[Attack] 副手: 剑圣→枪兵 | hit=true | crit=true | dmg=45
[Attack] 剑圣→枪兵 | hit=true | crit=false | dmg=20
[SwordQi] 剑圣 +10 qi on hit → 10
[Talent] 剑圣 「test_more_off」→ DEX=100 → ×2.0000 更多伤害
[Attack] 副手: 剑圣→枪兵 | hit=true | crit=true | dmg=45
[Attack] 剑圣→枪兵 | hit=true | crit=false | dmg=20
[SwordQi] 剑圣 +10 qi on hit → 10
[Attack] 副手: 剑圣→枪兵 | hit=true | crit=false | dmg=15
[Attack] 剑圣→枪兵 | hit=true | crit=false | dmg=20
[SwordQi] 剑圣 +10 qi on hit → 10
[Talent] 剑圣 「test_more_off」→ DEX=100 → ×2.0000 更多伤害
[Attack] 副手: 剑圣→枪兵 | hit=true | crit=true | dmg=45
[Attack] 剑圣→枪兵 | hit=true | crit=false | dmg=20
[SwordQi] 剑圣 +10 qi on hit → 10
[Attack] 副手: 剑圣→枪兵 | hit=true | crit=false | dmg=15
[Attack] 剑圣→枪兵 | hit=true | crit=false | dmg=20
[SwordQi] 剑圣 +10 qi on hit → 10
[Attack] 副手: 剑圣→枪兵 | hit=true | crit=false | dmg=15
[Attack] 剑圣→枪兵 | hit=true | crit=false | dmg=20
[SwordQi] 剑圣 +10 qi on hit → 10
[Talent] 剑圣 「test_more_off」→ DEX=100 → ×2.0000 更多伤害
[Attack] 副手: 剑圣→枪兵 | hit=true | crit=true | dmg=45
[Attack] 剑圣→枪兵 | hit=true | crit=false | dmg=20
[SwordQi] 剑圣 +10 qi on hit → 10
[Talent] 剑圣 「test_more_off」→ DEX=100 → ×2.0000 更多伤害
[Attack] 副手: 剑圣→枪兵 | hit=true | crit=true | dmg=45
[Attack] 剑圣→枪兵 | hit=true | crit=false | dmg=20
[SwordQi] 剑圣 +10 qi on hit → 10
[Attack] 副手: 剑圣→枪兵 | hit=true | crit=false | dmg=15
[Attack] 剑圣→枪兵 | hit=true | crit=false | dmg=20
[SwordQi] 剑圣 +10 qi on hit → 10
[Talent] 剑圣 「test_more_off」→ DEX=100 → ×2.0000 更多伤害
[Attack] 副手: 剑圣→枪兵 | hit=true | crit=true | dmg=45
[Attack] 剑圣→枪兵 | hit=true | crit=false | dmg=20
[SwordQi] 剑圣 +10 qi on hit → 10
[Attack] 副手: 剑圣→枪兵 | hit=true | crit=false | dmg=15
[Attack] 剑圣→枪兵 | hit=true | crit=false | dmg=20
[SwordQi] 剑圣 +10 qi on hit → 10
[Attack] 副手: 剑圣→枪兵 | hit=true | crit=false | dmg=15
[Attack] 剑圣→枪兵 | hit=true | crit=false | dmg=20
[SwordQi] 剑圣 +10 qi on hit → 10
[Attack] 副手: 剑圣→枪兵 | hit=true | crit=false | dmg=15
  ✓ 60 轮里副手暴击与不暴击都出现过
  ✓ 副手伤害只出现两种取值：不暴 15 / 暴且带更多伤害 45
[Talent] 剑圣 「kensei_jianqihuidang」→ 强化随后一次副手追加（必暴=true，命中返气=10）
[Attack] 剑圣→枪兵 | hit=true | crit=true | dmg=24
[SwordQi] 剑圣 +10 qi on hit → 10
[Attack] 副手: 剑圣→枪兵 | hit=true | crit=true | dmg=22
[Talent] 剑圣 「kensei_jianqihuidang」→ 被强化的副手追加命中 → +10 剑气 → 20
[Talent] 剑圣 「test_count_off」→ +1 剑气 → 21
[Talent] 剑圣 「test_yanfan_once」→ 第 1 次递归追加命中（概率 100.0%）
[Attack] 副手: 剑圣→枪兵 | hit=true | crit=false | dmg=15
[Talent] 剑圣 「test_count_off」→ +1 剑气 → 22
[Talent] 剑圣 「kensei_jianqihuidang」→ 强化随后一次副手追加（必暴=true，命中返气=10）
[Attack] 剑圣→枪兵 | hit=true | crit=true | dmg=24
[SwordQi] 剑圣 +10 qi on hit → 10
[Talent] 剑圣 「test_grant_off」→ 强化随后一次副手追加（必暴=true，命中返气=0）
[Attack] 副手: 剑圣→枪兵 | hit=true | crit=true | dmg=22
[Talent] 剑圣 「kensei_jianqihuidang」→ 被强化的副手追加命中 → +10 剑气 → 20
[Talent] 剑圣 「test_count_off」→ +1 剑气 → 21
[Talent] 剑圣 「test_yanfan_once」→ 第 1 次递归追加命中（概率 100.0%）
[Talent] 剑圣 「test_grant_off」→ 强化随后一次副手追加（必暴=true，命中返气=0）
[Attack] 副手: 剑圣→枪兵 | hit=true | crit=true | dmg=22
[Talent] 剑圣 「test_count_off」→ +1 剑气 → 22
  ✓ 取到了链长为 2 的对照样本
  ✓ 副手侧写的必暴标记生效了（第二次副手也暴 → 伤害更高）
[Grid] Initialized 8x8 map: test_arena
[TacticalScene] Units spawned: 6
[TurnManager] Round 1 queue: [剑圣(player), 弓箭手(enemy), 枪兵(enemy), 法师(enemy), 不灭木桩(enemy), 复活木桩(enemy)]
[TurnManager] Turn: 剑圣 (player)
[Attack] 剑圣→枪兵 | hit=true | crit=false | dmg=20
[SwordQi] 剑圣 +10 qi on hit → 10
[Attack] 剑圣→枪兵 | hit=true | crit=false | dmg=20
[SwordQi] 剑圣 +10 qi on hit → 10
[Attack] 副手: 剑圣→枪兵 | hit=true | crit=false | dmg=15
[Talent] 剑圣 「test_count_off」→ +1 剑气 → 11
  ✓ 链长 1 时副手只打一次
  ✓ 副手单次伤害为正
[Attack] 剑圣→枪兵 | hit=true | crit=false | dmg=20
[SwordQi] 剑圣 +10 qi on hit → 10
[Attack] 副手: 剑圣→枪兵 | hit=true | crit=false | dmg=15
[Talent] 剑圣 「test_count_off」→ +1 剑气 → 11
[Talent] 剑圣 「test_yanfan_once」→ 第 1 次递归追加命中（概率 100.0%）
[Attack] 副手: 剑圣→枪兵 | hit=true | crit=false | dmg=15
[Talent] 剑圣 「test_count_off」→ +1 剑气 → 12
  ✓ 取到了链长为 2 的样本
  ✓ 递归追加的那一次与第一次等量（damage_pct 同为 50%%，不是 100%%）
[Attack] 剑圣→枪兵 | hit=false | crit=false | dmg=0
[Attack] 剑圣→枪兵 | hit=false | crit=false | dmg=0
[Attack] 剑圣→枪兵 | hit=false | crit=false | dmg=0
[Attack] 剑圣→枪兵 | hit=false | crit=false | dmg=0
[Attack] 剑圣→枪兵 | hit=false | crit=false | dmg=0
[Attack] 剑圣→枪兵 | hit=false | crit=false | dmg=0
[Attack] 剑圣→枪兵 | hit=false | crit=false | dmg=0
[Attack] 剑圣→枪兵 | hit=false | crit=false | dmg=0
[Attack] 剑圣→枪兵 | hit=false | crit=false | dmg=0
[Attack] 剑圣→枪兵 | hit=false | crit=false | dmg=0
[Attack] 剑圣→枪兵 | hit=false | crit=false | dmg=0
[Attack] 剑圣→枪兵 | hit=false | crit=false | dmg=0
[Attack] 剑圣→枪兵 | hit=false | crit=false | dmg=0
[Attack] 剑圣→枪兵 | hit=false | crit=false | dmg=0
[Attack] 剑圣→枪兵 | hit=false | crit=false | dmg=0
[Attack] 剑圣→枪兵 | hit=false | crit=false | dmg=0
  ✓ 16 次里至少观察到一次未命中
  ✓ 每一次未命中都没触发「命中时」（一点气都没产）

[W7] 燕返的递归副手追加
[Grid] Initialized 8x8 map: test_arena
[TacticalScene] Units spawned: 6
[TurnManager] Round 1 queue: [剑圣(player), 弓箭手(enemy), 枪兵(enemy), 法师(enemy), 不灭木桩(enemy), 复活木桩(enemy)]
[TurnManager] Turn: 剑圣 (player)
[Attack] 剑圣→枪兵 | hit=true | crit=false | dmg=16
[SwordQi] 剑圣 +10 qi on hit → 10
[Attack] 副手: 剑圣→枪兵 | hit=true | crit=false | dmg=15
[Talent] 剑圣 「test_count_off」→ +1 剑气 → 11
  ✓ DEX=0 → 概率 0，不递归：副手只打 1 次
  ✓ 副手追加不发「执行攻击动作时」→ 二天一流不自我登记（仍是 1 次）
[Attack] 剑圣→枪兵 | hit=true | crit=false | dmg=16
[SwordQi] 剑圣 +10 qi on hit → 10
[Attack] 副手: 剑圣→枪兵 | hit=true | crit=false | dmg=15
[Talent] 剑圣 「kensei_yanfan」→ 第 1 次递归追加命中（概率 100.0%）
[Talent] 剑圣 「test_count_off」→ +1 剑气 → 11
[Attack] 副手: 剑圣→枪兵 | hit=true | crit=false | dmg=15
[Talent] 剑圣 「kensei_yanfan」→ 第 2 次递归追加命中（概率 80.0%）
[Talent] 剑圣 「test_count_off」→ +1 剑气 → 12
[Attack] 副手: 剑圣→枪兵 | hit=true | crit=false | dmg=15
[Talent] 剑圣 「kensei_yanfan」→ 第 3 次递归追加命中（概率 64.0%）
[Talent] 剑圣 「test_count_off」→ +1 剑气 → 13
[Attack] 副手: 剑圣→枪兵 | hit=true | crit=false | dmg=15
[Talent] 剑圣 「test_count_off」→ +1 剑气 → 14
[Attack] 剑圣→枪兵 | hit=true | crit=false | dmg=16
[SwordQi] 剑圣 +10 qi on hit → 10
[Attack] 副手: 剑圣→枪兵 | hit=true | crit=false | dmg=15
[Talent] 剑圣 「kensei_yanfan」→ 第 1 次递归追加命中（概率 100.0%）
[Talent] 剑圣 「test_count_off」→ +1 剑气 → 11
[Attack] 副手: 剑圣→枪兵 | hit=true | crit=false | dmg=15
[Talent] 剑圣 「kensei_yanfan」→ 第 2 次递归追加命中（概率 80.0%）
[Talent] 剑圣 「test_count_off」→ +1 剑气 → 12
[Attack] 副手: 剑圣→枪兵 | hit=true | crit=false | dmg=15
[Talent] 剑圣 「test_count_off」→ +1 剑气 → 13
[Attack] 剑圣→枪兵 | hit=true | crit=false | dmg=16
[SwordQi] 剑圣 +10 qi on hit → 10
[Attack] 副手: 剑圣→枪兵 | hit=true | crit=false | dmg=15
[Talent] 剑圣 「kensei_yanfan」→ 第 1 次递归追加命中（概率 100.0%）
[Talent] 剑圣 「test_count_off」→ +1 剑气 → 11
[Attack] 副手: 剑圣→枪兵 | hit=true | crit=false | dmg=15
[Talent] 剑圣 「kensei_yanfan」→ 第 2 次递归追加命中（概率 80.0%）
[Talent] 剑圣 「test_count_off」→ +1 剑气 → 12
[Attack] 副手: 剑圣→枪兵 | hit=true | crit=false | dmg=15
[Talent] 剑圣 「kensei_yanfan」→ 第 3 次递归追加命中（概率 64.0%）
[Talent] 剑圣 「test_count_off」→ +1 剑气 → 13
[Attack] 副手: 剑圣→枪兵 | hit=true | crit=false | dmg=15
[Talent] 剑圣 「kensei_yanfan」→ 第 4 次递归追加命中（概率 51.2%）
[Talent] 剑圣 「test_count_off」→ +1 剑气 → 14
[Attack] 副手: 剑圣→枪兵 | hit=true | crit=false | dmg=15
[Talent] 剑圣 「kensei_yanfan」→ 第 5 次递归追加命中（概率 41.0%）
[Talent] 剑圣 「test_count_off」→ +1 剑气 → 15
[Attack] 副手: 剑圣→枪兵 | hit=true | crit=false | dmg=15
[Talent] 剑圣 「kensei_yanfan」→ 第 6 次递归追加命中（概率 32.8%）
[Talent] 剑圣 「test_count_off」→ +1 剑气 → 16
[Attack] 副手: 剑圣→枪兵 | hit=true | crit=false | dmg=15
[Talent] 剑圣 「test_count_off」→ +1 剑气 → 17
[Attack] 剑圣→枪兵 | hit=true | crit=false | dmg=16
[SwordQi] 剑圣 +10 qi on hit → 10
[Attack] 副手: 剑圣→枪兵 | hit=true | crit=false | dmg=15
[Talent] 剑圣 「kensei_yanfan」→ 第 1 次递归追加命中（概率 100.0%）
[Talent] 剑圣 「test_count_off」→ +1 剑气 → 11
[Attack] 副手: 剑圣→枪兵 | hit=true | crit=false | dmg=15
[Talent] 剑圣 「kensei_yanfan」→ 第 2 次递归追加命中（概率 80.0%）
[Talent] 剑圣 「test_count_off」→ +1 剑气 → 12
[Attack] 副手: 剑圣→枪兵 | hit=true | crit=false | dmg=15
[Talent] 剑圣 「kensei_yanfan」→ 第 3 次递归追加命中（概率 64.0%）
[Talent] 剑圣 「test_count_off」→ +1 剑气 → 13
[Attack] 副手: 剑圣→枪兵 | hit=true | crit=false | dmg=15
[Talent] 剑圣 「test_count_off」→ +1 剑气 → 14
[Attack] 剑圣→枪兵 | hit=true | crit=false | dmg=16
[SwordQi] 剑圣 +10 qi on hit → 10
[Attack] 副手: 剑圣→枪兵 | hit=true | crit=false | dmg=15
[Talent] 剑圣 「kensei_yanfan」→ 第 1 次递归追加命中（概率 100.0%）
[Talent] 剑圣 「test_count_off」→ +1 剑气 → 11
[Attack] 副手: 剑圣→枪兵 | hit=true | crit=false | dmg=15
[Talent] 剑圣 「kensei_yanfan」→ 第 2 次递归追加命中（概率 80.0%）
[Talent] 剑圣 「test_count_off」→ +1 剑气 → 12
[Attack] 副手: 剑圣→枪兵 | hit=true | crit=false | dmg=15
[Talent] 剑圣 「test_count_off」→ +1 剑气 → 13
[Attack] 剑圣→枪兵 | hit=true | crit=false | dmg=16
[SwordQi] 剑圣 +10 qi on hit → 10
[Attack] 副手: 剑圣→枪兵 | hit=true | crit=false | dmg=15
[Talent] 剑圣 「kensei_yanfan」→ 第 1 次递归追加命中（概率 100.0%）
[Talent] 剑圣 「test_count_off」→ +1 剑气 → 11
[Attack] 副手: 剑圣→枪兵 | hit=true | crit=false | dmg=15
[Talent] 剑圣 「test_count_off」→ +1 剑气 → 12
[Attack] 剑圣→枪兵 | hit=true | crit=false | dmg=16
[SwordQi] 剑圣 +10 qi on hit → 10
[Attack] 副手: 剑圣→枪兵 | hit=true | crit=false | dmg=15
[Talent] 剑圣 「kensei_yanfan」→ 第 1 次递归追加命中（概率 100.0%）
[Talent] 剑圣 「test_count_off」→ +1 剑气 → 11
[Attack] 副手: 剑圣→枪兵 | hit=true | crit=false | dmg=15
[Talent] 剑圣 「kensei_yanfan」→ 第 2 次递归追加命中（概率 80.0%）
[Talent] 剑圣 「test_count_off」→ +1 剑气 → 12
[Attack] 副手: 剑圣→枪兵 | hit=true | crit=false | dmg=15
[Talent] 剑圣 「kensei_yanfan」→ 第 3 次递归追加命中（概率 64.0%）
[Talent] 剑圣 「test_count_off」→ +1 剑气 → 13
[Attack] 副手: 剑圣→枪兵 | hit=true | crit=false | dmg=15
[Talent] 剑圣 「kensei_yanfan」→ 第 4 次递归追加命中（概率 51.2%）
[Talent] 剑圣 「test_count_off」→ +1 剑气 → 14
[Attack] 副手: 剑圣→枪兵 | hit=true | crit=false | dmg=15
[Talent] 剑圣 「test_count_off」→ +1 剑气 → 15
[Attack] 剑圣→枪兵 | hit=true | crit=false | dmg=16
[SwordQi] 剑圣 +10 qi on hit → 10
[Attack] 副手: 剑圣→枪兵 | hit=true | crit=false | dmg=15
[Talent] 剑圣 「kensei_yanfan」→ 第 1 次递归追加命中（概率 100.0%）
[Talent] 剑圣 「test_count_off」→ +1 剑气 → 11
[Attack] 副手: 剑圣→枪兵 | hit=true | crit=false | dmg=15
[Talent] 剑圣 「test_count_off」→ +1 剑气 → 12
[Attack] 剑圣→枪兵 | hit=true | crit=false | dmg=16
[SwordQi] 剑圣 +10 qi on hit → 10
[Attack] 副手: 剑圣→枪兵 | hit=true | crit=false | dmg=15
[Talent] 剑圣 「kensei_yanfan」→ 第 1 次递归追加命中（概率 100.0%）
[Talent] 剑圣 「test_count_off」→ +1 剑气 → 11
[Attack] 副手: 剑圣→枪兵 | hit=true | crit=false | dmg=15
[Talent] 剑圣 「kensei_yanfan」→ 第 2 次递归追加命中（概率 80.0%）
[Talent] 剑圣 「test_count_off」→ +1 剑气 → 12
[Attack] 副手: 剑圣→枪兵 | hit=true | crit=false | dmg=15
[Talent] 剑圣 「test_count_off」→ +1 剑气 → 13
[Attack] 剑圣→枪兵 | hit=true | crit=false | dmg=16
[SwordQi] 剑圣 +10 qi on hit → 10
[Attack] 副手: 剑圣→枪兵 | hit=true | crit=false | dmg=15
[Talent] 剑圣 「kensei_yanfan」→ 第 1 次递归追加命中（概率 100.0%）
[Talent] 剑圣 「test_count_off」→ +1 剑气 → 11
[Attack] 副手: 剑圣→枪兵 | hit=true | crit=false | dmg=15
[Talent] 剑圣 「kensei_yanfan」→ 第 2 次递归追加命中（概率 80.0%）
[Talent] 剑圣 「test_count_off」→ +1 剑气 → 12
[Attack] 副手: 剑圣→枪兵 | hit=true | crit=false | dmg=15
[Talent] 剑圣 「test_count_off」→ +1 剑气 → 13
[Attack] 剑圣→枪兵 | hit=true | crit=false | dmg=16
[SwordQi] 剑圣 +10 qi on hit → 10
[Attack] 副手: 剑圣→枪兵 | hit=true | crit=false | dmg=15
[Talent] 剑圣 「kensei_yanfan」→ 第 1 次递归追加命中（概率 100.0%）
[Talent] 剑圣 「test_count_off」→ +1 剑气 → 11
[Attack] 副手: 剑圣→枪兵 | hit=true | crit=false | dmg=15
[Talent] 剑圣 「kensei_yanfan」→ 第 2 次递归追加命中（概率 80.0%）
[Talent] 剑圣 「test_count_off」→ +1 剑气 → 12
[Attack] 副手: 剑圣→枪兵 | hit=true | crit=false | dmg=15
[Talent] 剑圣 「test_count_off」→ +1 剑气 → 13
[Attack] 剑圣→枪兵 | hit=true | crit=false | dmg=16
[SwordQi] 剑圣 +10 qi on hit → 10
[Attack] 副手: 剑圣→枪兵 | hit=true | crit=false | dmg=15
[Talent] 剑圣 「kensei_yanfan」→ 第 1 次递归追加命中（概率 100.0%）
[Talent] 剑圣 「test_count_off」→ +1 剑气 → 11
[Attack] 副手: 剑圣→枪兵 | hit=true | crit=false | dmg=15
[Talent] 剑圣 「test_count_off」→ +1 剑气 → 12
  ✓ DEX=100 → 首次递归必成功，副手至少打 2 次（12 轮的最小值）
  ✓ 链长不超过引擎护栏 20（12 轮的最大值）
  ✓ 衰减真的在起作用：12 轮里出现过链长差异（不是每轮都顶到上限）
[Attack] 剑圣→枪兵 | hit=true | crit=false | dmg=16
[SwordQi] 剑圣 +10 qi on hit → 10
[Attack] 副手: 剑圣→枪兵 | hit=true | crit=false | dmg=15
[Talent] 剑圣 「test_count_off」→ +1 剑气 → 11
[Talent] 剑圣 「test_yanfan_slow_decay」→ 第 1 次递归追加命中（概率 100.0%）
[Attack] 副手: 剑圣→枪兵 | hit=true | crit=false | dmg=15
[Talent] 剑圣 「test_count_off」→ +1 剑气 → 12
[Talent] 剑圣 「test_yanfan_slow_decay」→ 第 2 次递归追加命中（概率 99.0%）
[Attack] 副手: 剑圣→枪兵 | hit=true | crit=false | dmg=15
[Talent] 剑圣 「test_count_off」→ +1 剑气 → 13
[Talent] 剑圣 「test_yanfan_slow_decay」→ 第 3 次递归追加命中（概率 98.0%）
[Attack] 副手: 剑圣→枪兵 | hit=true | crit=false | dmg=15
[Talent] 剑圣 「test_count_off」→ +1 剑气 → 14
[Talent] 剑圣 「test_yanfan_slow_decay」→ 第 4 次递归追加命中（概率 97.0%）
[Attack] 副手: 剑圣→枪兵 | hit=true | crit=false | dmg=15
[Talent] 剑圣 「test_count_off」→ +1 剑气 → 15
[Talent] 剑圣 「test_yanfan_slow_decay」→ 第 5 次递归追加命中（概率 96.1%）
[Attack] 副手: 剑圣→枪兵 | hit=true | crit=false | dmg=15
[Talent] 剑圣 「test_count_off」→ +1 剑气 → 16
[Attack] 剑圣→枪兵 | hit=true | crit=false | dmg=16
[SwordQi] 剑圣 +10 qi on hit → 10
[Attack] 副手: 剑圣→枪兵 | hit=true | crit=false | dmg=15
[Talent] 剑圣 「test_count_off」→ +1 剑气 → 11
[Talent] 剑圣 「test_yanfan_slow_decay」→ 第 1 次递归追加命中（概率 100.0%）
[Attack] 副手: 剑圣→枪兵 | hit=true | crit=false | dmg=15
[Talent] 剑圣 「test_count_off」→ +1 剑气 → 12
[Talent] 剑圣 「test_yanfan_slow_decay」→ 第 2 次递归追加命中（概率 99.0%）
[Attack] 副手: 剑圣→枪兵 | hit=true | crit=false | dmg=15
[Talent] 剑圣 「test_count_off」→ +1 剑气 → 13
[Talent] 剑圣 「test_yanfan_slow_decay」→ 第 3 次递归追加命中（概率 98.0%）
[Attack] 副手: 剑圣→枪兵 | hit=true | crit=false | dmg=15
[Talent] 剑圣 「test_count_off」→ +1 剑气 → 14
[Talent] 剑圣 「test_yanfan_slow_decay」→ 第 4 次递归追加命中（概率 97.0%）
[Attack] 副手: 剑圣→枪兵 | hit=true | crit=false | dmg=15
[Talent] 剑圣 「test_count_off」→ +1 剑气 → 15
[Talent] 剑圣 「test_yanfan_slow_decay」→ 第 5 次递归追加命中（概率 96.1%）
[Attack] 副手: 剑圣→枪兵 | hit=true | crit=false | dmg=15
[Talent] 剑圣 「test_count_off」→ +1 剑气 → 16
[Talent] 剑圣 「test_yanfan_slow_decay」→ 第 6 次递归追加命中（概率 95.1%）
[Attack] 副手: 剑圣→枪兵 | hit=true | crit=false | dmg=15
[Talent] 剑圣 「test_count_off」→ +1 剑气 → 17
[Talent] 剑圣 「test_yanfan_slow_decay」→ 第 7 次递归追加命中（概率 94.1%）
[Attack] 副手: 剑圣→枪兵 | hit=true | crit=false | dmg=15
[Talent] 剑圣 「test_count_off」→ +1 剑气 → 18
[Attack] 剑圣→枪兵 | hit=true | crit=false | dmg=16
[SwordQi] 剑圣 +10 qi on hit → 10
[Attack] 副手: 剑圣→枪兵 | hit=true | crit=false | dmg=15
[Talent] 剑圣 「test_count_off」→ +1 剑气 → 11
[Talent] 剑圣 「test_yanfan_slow_decay」→ 第 1 次递归追加命中（概率 100.0%）
[Attack] 副手: 剑圣→枪兵 | hit=true | crit=false | dmg=15
[Talent] 剑圣 「test_count_off」→ +1 剑气 → 12
[Talent] 剑圣 「test_yanfan_slow_decay」→ 第 2 次递归追加命中（概率 99.0%）
[Attack] 副手: 剑圣→枪兵 | hit=true | crit=false | dmg=15
[Talent] 剑圣 「test_count_off」→ +1 剑气 → 13
[Talent] 剑圣 「test_yanfan_slow_decay」→ 第 3 次递归追加命中（概率 98.0%）
[Attack] 副手: 剑圣→枪兵 | hit=true | crit=false | dmg=15
[Talent] 剑圣 「test_count_off」→ +1 剑气 → 14
[Talent] 剑圣 「test_yanfan_slow_decay」→ 第 4 次递归追加命中（概率 97.0%）
[Attack] 副手: 剑圣→枪兵 | hit=true | crit=false | dmg=15
[Talent] 剑圣 「test_count_off」→ +1 剑气 → 15
[Talent] 剑圣 「test_yanfan_slow_decay」→ 第 5 次递归追加命中（概率 96.1%）
[Attack] 副手: 剑圣→枪兵 | hit=true | crit=false | dmg=15
[Talent] 剑圣 「test_count_off」→ +1 剑气 → 16
[Talent] 剑圣 「test_yanfan_slow_decay」→ 第 6 次递归追加命中（概率 95.1%）
[Attack] 副手: 剑圣→枪兵 | hit=true | crit=false | dmg=15
[Talent] 剑圣 「test_count_off」→ +1 剑气 → 17
[Talent] 剑圣 「test_yanfan_slow_decay」→ 第 7 次递归追加命中（概率 94.1%）
[Attack] 副手: 剑圣→枪兵 | hit=true | crit=false | dmg=15
[Talent] 剑圣 「test_count_off」→ +1 剑气 → 18
[Talent] 剑圣 「test_yanfan_slow_decay」→ 第 8 次递归追加命中（概率 93.2%）
[Attack] 副手: 剑圣→枪兵 | hit=true | crit=false | dmg=15
[Talent] 剑圣 「test_count_off」→ +1 剑气 → 19
[Attack] 剑圣→枪兵 | hit=true | crit=false | dmg=16
[SwordQi] 剑圣 +10 qi on hit → 10
[Attack] 副手: 剑圣→枪兵 | hit=true | crit=false | dmg=15
[Talent] 剑圣 「test_count_off」→ +1 剑气 → 11
[Talent] 剑圣 「test_yanfan_slow_decay」→ 第 1 次递归追加命中（概率 100.0%）
[Attack] 副手: 剑圣→枪兵 | hit=true | crit=false | dmg=15
[Talent] 剑圣 「test_count_off」→ +1 剑气 → 12
[Talent] 剑圣 「test_yanfan_slow_decay」→ 第 2 次递归追加命中（概率 99.0%）
[Attack] 副手: 剑圣→枪兵 | hit=true | crit=false | dmg=15
[Talent] 剑圣 「test_count_off」→ +1 剑气 → 13
[Talent] 剑圣 「test_yanfan_slow_decay」→ 第 3 次递归追加命中（概率 98.0%）
[Attack] 副手: 剑圣→枪兵 | hit=true | crit=false | dmg=15
[Talent] 剑圣 「test_count_off」→ +1 剑气 → 14
[Talent] 剑圣 「test_yanfan_slow_decay」→ 第 4 次递归追加命中（概率 97.0%）
[Attack] 副手: 剑圣→枪兵 | hit=true | crit=false | dmg=15
[Talent] 剑圣 「test_count_off」→ +1 剑气 → 15
[Talent] 剑圣 「test_yanfan_slow_decay」→ 第 5 次递归追加命中（概率 96.1%）
[Attack] 副手: 剑圣→枪兵 | hit=true | crit=false | dmg=15
[Talent] 剑圣 「test_count_off」→ +1 剑气 → 16
[Talent] 剑圣 「test_yanfan_slow_decay」→ 第 6 次递归追加命中（概率 95.1%）
[Attack] 副手: 剑圣→枪兵 | hit=true | crit=false | dmg=15
[Talent] 剑圣 「test_count_off」→ +1 剑气 → 17
[Talent] 剑圣 「test_yanfan_slow_decay」→ 第 7 次递归追加命中（概率 94.1%）
[Attack] 副手: 剑圣→枪兵 | hit=true | crit=false | dmg=15
[Talent] 剑圣 「test_count_off」→ +1 剑气 → 18
[Talent] 剑圣 「test_yanfan_slow_decay」→ 第 8 次递归追加命中（概率 93.2%）
[Attack] 副手: 剑圣→枪兵 | hit=true | crit=false | dmg=15
[Talent] 剑圣 「test_count_off」→ +1 剑气 → 19
[Talent] 剑圣 「test_yanfan_slow_decay」→ 第 9 次递归追加命中（概率 92.3%）
[Attack] 副手: 剑圣→枪兵 | hit=true | crit=false | dmg=15
[Talent] 剑圣 「test_count_off」→ +1 剑气 → 20
[Talent] 剑圣 「test_yanfan_slow_decay」→ 第 10 次递归追加命中（概率 91.4%）
[Attack] 副手: 剑圣→枪兵 | hit=true | crit=false | dmg=15
[Talent] 剑圣 「test_count_off」→ +1 剑气 → 21
[Attack] 剑圣→枪兵 | hit=true | crit=false | dmg=16
[SwordQi] 剑圣 +10 qi on hit → 10
[Attack] 副手: 剑圣→枪兵 | hit=true | crit=false | dmg=15
[Talent] 剑圣 「test_count_off」→ +1 剑气 → 11
[Talent] 剑圣 「test_yanfan_slow_decay」→ 第 1 次递归追加命中（概率 100.0%）
[Attack] 副手: 剑圣→枪兵 | hit=true | crit=false | dmg=15
[Talent] 剑圣 「test_count_off」→ +1 剑气 → 12
[Talent] 剑圣 「test_yanfan_slow_decay」→ 第 2 次递归追加命中（概率 99.0%）
[Attack] 副手: 剑圣→枪兵 | hit=true | crit=false | dmg=15
[Talent] 剑圣 「test_count_off」→ +1 剑气 → 13
[Talent] 剑圣 「test_yanfan_slow_decay」→ 第 3 次递归追加命中（概率 98.0%）
[Attack] 副手: 剑圣→枪兵 | hit=true | crit=false | dmg=15
[Talent] 剑圣 「test_count_off」→ +1 剑气 → 14
[Talent] 剑圣 「test_yanfan_slow_decay」→ 第 4 次递归追加命中（概率 97.0%）
[Attack] 副手: 剑圣→枪兵 | hit=true | crit=false | dmg=15
[Talent] 剑圣 「test_count_off」→ +1 剑气 → 15
[Attack] 剑圣→枪兵 | hit=true | crit=false | dmg=16
[SwordQi] 剑圣 +10 qi on hit → 10
[Attack] 副手: 剑圣→枪兵 | hit=true | crit=false | dmg=15
[Talent] 剑圣 「test_count_off」→ +1 剑气 → 11
[Talent] 剑圣 「test_yanfan_slow_decay」→ 第 1 次递归追加命中（概率 100.0%）
[Attack] 副手: 剑圣→枪兵 | hit=true | crit=false | dmg=15
[Talent] 剑圣 「test_count_off」→ +1 剑气 → 12
[Talent] 剑圣 「test_yanfan_slow_decay」→ 第 2 次递归追加命中（概率 99.0%）
[Attack] 副手: 剑圣→枪兵 | hit=true | crit=false | dmg=15
[Talent] 剑圣 「test_count_off」→ +1 剑气 → 13
[Talent] 剑圣 「test_yanfan_slow_decay」→ 第 3 次递归追加命中（概率 98.0%）
[Attack] 副手: 剑圣→枪兵 | hit=true | crit=false | dmg=15
[Talent] 剑圣 「test_count_off」→ +1 剑气 → 14
[Talent] 剑圣 「test_yanfan_slow_decay」→ 第 4 次递归追加命中（概率 97.0%）
[Attack] 副手: 剑圣→枪兵 | hit=true | crit=false | dmg=15
[Talent] 剑圣 「test_count_off」→ +1 剑气 → 15
[Talent] 剑圣 「test_yanfan_slow_decay」→ 第 5 次递归追加命中（概率 96.1%）
[Attack] 副手: 剑圣→枪兵 | hit=true | crit=false | dmg=15
[Talent] 剑圣 「test_count_off」→ +1 剑气 → 16
[Talent] 剑圣 「test_yanfan_slow_decay」→ 第 6 次递归追加命中（概率 95.1%）
[Attack] 副手: 剑圣→枪兵 | hit=true | crit=false | dmg=15
[Talent] 剑圣 「test_count_off」→ +1 剑气 → 17
[Talent] 剑圣 「test_yanfan_slow_decay」→ 第 7 次递归追加命中（概率 94.1%）
[Attack] 副手: 剑圣→枪兵 | hit=true | crit=false | dmg=15
[Talent] 剑圣 「test_count_off」→ +1 剑气 → 18
[Talent] 剑圣 「test_yanfan_slow_decay」→ 第 8 次递归追加命中（概率 93.2%）
[Attack] 副手: 剑圣→枪兵 | hit=true | crit=false | dmg=15
[Talent] 剑圣 「test_count_off」→ +1 剑气 → 19
[Talent] 剑圣 「test_yanfan_slow_decay」→ 第 9 次递归追加命中（概率 92.3%）
[Attack] 副手: 剑圣→枪兵 | hit=true | crit=false | dmg=15
[Talent] 剑圣 「test_count_off」→ +1 剑气 → 20
[Talent] 剑圣 「test_yanfan_slow_decay」→ 第 10 次递归追加命中（概率 91.4%）
[Attack] 副手: 剑圣→枪兵 | hit=true | crit=false | dmg=15
[Talent] 剑圣 「test_count_off」→ +1 剑气 → 21
[Talent] 剑圣 「test_yanfan_slow_decay」→ 第 11 次递归追加命中（概率 90.4%）
[Attack] 副手: 剑圣→枪兵 | hit=true | crit=false | dmg=15
[Talent] 剑圣 「test_count_off」→ +1 剑气 → 22
[Talent] 剑圣 「test_yanfan_slow_decay」→ 第 12 次递归追加命中（概率 89.5%）
[Attack] 副手: 剑圣→枪兵 | hit=true | crit=false | dmg=15
[Talent] 剑圣 「test_count_off」→ +1 剑气 → 23
[Attack] 剑圣→枪兵 | hit=true | crit=false | dmg=16
[SwordQi] 剑圣 +10 qi on hit → 10
[Attack] 副手: 剑圣→枪兵 | hit=true | crit=false | dmg=15
[Talent] 剑圣 「test_count_off」→ +1 剑气 → 11
[Talent] 剑圣 「test_yanfan_slow_decay」→ 第 1 次递归追加命中（概率 100.0%）
[Attack] 副手: 剑圣→枪兵 | hit=true | crit=false | dmg=15
[Talent] 剑圣 「test_count_off」→ +1 剑气 → 12
[Talent] 剑圣 「test_yanfan_slow_decay」→ 第 2 次递归追加命中（概率 99.0%）
[Attack] 副手: 剑圣→枪兵 | hit=true | crit=false | dmg=15
[Talent] 剑圣 「test_count_off」→ +1 剑气 → 13
[Talent] 剑圣 「test_yanfan_slow_decay」→ 第 3 次递归追加命中（概率 98.0%）
[Attack] 副手: 剑圣→枪兵 | hit=true | crit=false | dmg=15
[Talent] 剑圣 「test_count_off」→ +1 剑气 → 14
[Talent] 剑圣 「test_yanfan_slow_decay」→ 第 4 次递归追加命中（概率 97.0%）
[Attack] 副手: 剑圣→枪兵 | hit=true | crit=false | dmg=15
[Talent] 剑圣 「test_count_off」→ +1 剑气 → 15
[Talent] 剑圣 「test_yanfan_slow_decay」→ 第 5 次递归追加命中（概率 96.1%）
[Attack] 副手: 剑圣→枪兵 | hit=true | crit=false | dmg=15
[Talent] 剑圣 「test_count_off」→ +1 剑气 → 16
[Talent] 剑圣 「test_yanfan_slow_decay」→ 第 6 次递归追加命中（概率 95.1%）
[Attack] 副手: 剑圣→枪兵 | hit=true | crit=false | dmg=15
[Talent] 剑圣 「test_count_off」→ +1 剑气 → 17
[Attack] 剑圣→枪兵 | hit=true | crit=false | dmg=16
[SwordQi] 剑圣 +10 qi on hit → 10
[Attack] 副手: 剑圣→枪兵 | hit=true | crit=false | dmg=15
[Talent] 剑圣 「test_count_off」→ +1 剑气 → 11
[Talent] 剑圣 「test_yanfan_slow_decay」→ 第 1 次递归追加命中（概率 100.0%）
[Attack] 副手: 剑圣→枪兵 | hit=true | crit=false | dmg=15
[Talent] 剑圣 「test_count_off」→ +1 剑气 → 12
[Talent] 剑圣 「test_yanfan_slow_decay」→ 第 2 次递归追加命中（概率 99.0%）
[Attack] 副手: 剑圣→枪兵 | hit=true | crit=false | dmg=15
[Talent] 剑圣 「test_count_off」→ +1 剑气 → 13
[Talent] 剑圣 「test_yanfan_slow_decay」→ 第 3 次递归追加命中（概率 98.0%）
[Attack] 副手: 剑圣→枪兵 | hit=true | crit=false | dmg=15
[Talent] 剑圣 「test_count_off」→ +1 剑气 → 14
[Talent] 剑圣 「test_yanfan_slow_decay」→ 第 4 次递归追加命中（概率 97.0%）
[Attack] 副手: 剑圣→枪兵 | hit=true | crit=false | dmg=15
[Talent] 剑圣 「test_count_off」→ +1 剑气 → 15
[Talent] 剑圣 「test_yanfan_slow_decay」→ 第 5 次递归追加命中（概率 96.1%）
[Attack] 副手: 剑圣→枪兵 | hit=true | crit=false | dmg=15
[Talent] 剑圣 「test_count_off」→ +1 剑气 → 16
[Talent] 剑圣 「test_yanfan_slow_decay」→ 第 6 次递归追加命中（概率 95.1%）
[Attack] 副手: 剑圣→枪兵 | hit=true | crit=false | dmg=15
[Talent] 剑圣 「test_count_off」→ +1 剑气 → 17
[Talent] 剑圣 「test_yanfan_slow_decay」→ 第 7 次递归追加命中（概率 94.1%）
[Attack] 副手: 剑圣→枪兵 | hit=true | crit=false | dmg=15
[Talent] 剑圣 「test_count_off」→ +1 剑气 → 18
[Talent] 剑圣 「test_yanfan_slow_decay」→ 第 8 次递归追加命中（概率 93.2%）
[Attack] 副手: 剑圣→枪兵 | hit=true | crit=false | dmg=15
[Talent] 剑圣 「test_count_off」→ +1 剑气 → 19
[Talent] 剑圣 「test_yanfan_slow_decay」→ 第 9 次递归追加命中（概率 92.3%）
[Attack] 副手: 剑圣→枪兵 | hit=true | crit=false | dmg=15
[Talent] 剑圣 「test_count_off」→ +1 剑气 → 20
[Talent] 剑圣 「test_yanfan_slow_decay」→ 第 10 次递归追加命中（概率 91.4%）
[Attack] 副手: 剑圣→枪兵 | hit=true | crit=false | dmg=15
[Talent] 剑圣 「test_count_off」→ +1 剑气 → 21
  ✓ 极慢衰减也不突破护栏（≤ 20 次）
  ✓ 极慢衰减确实把链拉长了（比 DEX=0 的 1 次多得多）
[Attack] 剑圣→枪兵 | hit=true | crit=false | dmg=16
[SwordQi] 剑圣 +10 qi on hit → 10
[Attack] 副手: 剑圣→枪兵 | hit=true | crit=false | dmg=15
[Talent] 剑圣 「test_count_off」→ +1 剑气 → 11
  ✓ 无燕返 → 副手仍只打 1 次（递归确实来自燕返）
[Talent] 剑圣 「kensei_jianqihuidang」→ 强化随后一次副手追加（必暴=true，命中返气=10）
[Attack] 剑圣→枪兵 | hit=true | crit=true | dmg=24
[SwordQi] 剑圣 +10 qi on hit → 10
[Attack] 副手: 剑圣→枪兵 | hit=true | crit=true | dmg=22
[Talent] 剑圣 「kensei_jianqihuidang」→ 被强化的副手追加命中 → +10 剑气 → 20
[Talent] 剑圣 「kensei_yanfan」→ 第 1 次递归追加命中（概率 100.0%）
[Attack] 副手: 剑圣→枪兵 | hit=true | crit=true | dmg=22
[Talent] 剑圣 「kensei_yanfan」→ 第 2 次递归追加命中（概率 80.0%）
[Attack] 副手: 剑圣→枪兵 | hit=true | crit=true | dmg=22
[Talent] 剑圣 「kensei_yanfan」→ 第 3 次递归追加命中（概率 64.0%）
[Attack] 副手: 剑圣→枪兵 | hit=true | crit=true | dmg=22
[Talent] 剑圣 「kensei_jianqihuidang」→ 强化随后一次副手追加（必暴=true，命中返气=10）
[Attack] 剑圣→枪兵 | hit=true | crit=true | dmg=24
[SwordQi] 剑圣 +10 qi on hit → 10
[Attack] 副手: 剑圣→枪兵 | hit=true | crit=true | dmg=22
[Talent] 剑圣 「kensei_jianqihuidang」→ 被强化的副手追加命中 → +10 剑气 → 20
[Talent] 剑圣 「kensei_yanfan」→ 第 1 次递归追加命中（概率 100.0%）
[Attack] 副手: 剑圣→枪兵 | hit=true | crit=true | dmg=22
[Talent] 剑圣 「kensei_yanfan」→ 第 2 次递归追加命中（概率 80.0%）
[Attack] 副手: 剑圣→枪兵 | hit=true | crit=true | dmg=22
[Talent] 剑圣 「kensei_yanfan」→ 第 3 次递归追加命中（概率 64.0%）
[Attack] 副手: 剑圣→枪兵 | hit=true | crit=true | dmg=22
[Talent] 剑圣 「kensei_yanfan」→ 第 4 次递归追加命中（概率 51.2%）
[Attack] 副手: 剑圣→枪兵 | hit=true | crit=true | dmg=22
[Talent] 剑圣 「kensei_jianqihuidang」→ 强化随后一次副手追加（必暴=true，命中返气=10）
[Attack] 剑圣→枪兵 | hit=true | crit=true | dmg=24
[SwordQi] 剑圣 +10 qi on hit → 10
[Attack] 副手: 剑圣→枪兵 | hit=true | crit=true | dmg=22
[Talent] 剑圣 「kensei_jianqihuidang」→ 被强化的副手追加命中 → +10 剑气 → 20
[Talent] 剑圣 「kensei_yanfan」→ 第 1 次递归追加命中（概率 100.0%）
[Attack] 副手: 剑圣→枪兵 | hit=true | crit=true | dmg=22
[Talent] 剑圣 「kensei_jianqihuidang」→ 强化随后一次副手追加（必暴=true，命中返气=10）
[Attack] 剑圣→枪兵 | hit=true | crit=true | dmg=24
[SwordQi] 剑圣 +10 qi on hit → 10
[Attack] 副手: 剑圣→枪兵 | hit=true | crit=true | dmg=22
[Talent] 剑圣 「kensei_jianqihuidang」→ 被强化的副手追加命中 → +10 剑气 → 20
[Talent] 剑圣 「kensei_yanfan」→ 第 1 次递归追加命中（概率 100.0%）
[Attack] 副手: 剑圣→枪兵 | hit=true | crit=true | dmg=22
[Talent] 剑圣 「kensei_yanfan」→ 第 2 次递归追加命中（概率 80.0%）
[Attack] 副手: 剑圣→枪兵 | hit=true | crit=true | dmg=22
[Talent] 剑圣 「kensei_yanfan」→ 第 3 次递归追加命中（概率 64.0%）
[Attack] 副手: 剑圣→枪兵 | hit=true | crit=true | dmg=22
[Talent] 剑圣 「kensei_jianqihuidang」→ 强化随后一次副手追加（必暴=true，命中返气=10）
[Attack] 剑圣→枪兵 | hit=true | crit=true | dmg=24
[SwordQi] 剑圣 +10 qi on hit → 10
[Attack] 副手: 剑圣→枪兵 | hit=true | crit=true | dmg=22
[Talent] 剑圣 「kensei_jianqihuidang」→ 被强化的副手追加命中 → +10 剑气 → 20
[Talent] 剑圣 「kensei_yanfan」→ 第 1 次递归追加命中（概率 100.0%）
[Attack] 副手: 剑圣→枪兵 | hit=true | crit=true | dmg=22
[Talent] 剑圣 「kensei_jianqihuidang」→ 强化随后一次副手追加（必暴=true，命中返气=10）
[Attack] 剑圣→枪兵 | hit=true | crit=true | dmg=24
[SwordQi] 剑圣 +10 qi on hit → 10
[Attack] 副手: 剑圣→枪兵 | hit=true | crit=true | dmg=22
[Talent] 剑圣 「kensei_jianqihuidang」→ 被强化的副手追加命中 → +10 剑气 → 20
[Talent] 剑圣 「kensei_yanfan」→ 第 1 次递归追加命中（概率 100.0%）
[Attack] 副手: 剑圣→枪兵 | hit=true | crit=true | dmg=22
[Talent] 剑圣 「kensei_yanfan」→ 第 2 次递归追加命中（概率 80.0%）
[Attack] 副手: 剑圣→枪兵 | hit=true | crit=true | dmg=22
[Talent] 剑圣 「kensei_jianqihuidang」→ 强化随后一次副手追加（必暴=true，命中返气=10）
[Attack] 剑圣→枪兵 | hit=true | crit=true | dmg=24
[SwordQi] 剑圣 +10 qi on hit → 10
[Attack] 副手: 剑圣→枪兵 | hit=true | crit=true | dmg=22
[Talent] 剑圣 「kensei_jianqihuidang」→ 被强化的副手追加命中 → +10 剑气 → 20
[Talent] 剑圣 「kensei_yanfan」→ 第 1 次递归追加命中（概率 100.0%）
[Attack] 副手: 剑圣→枪兵 | hit=true | crit=true | dmg=22
[Talent] 剑圣 「kensei_yanfan」→ 第 2 次递归追加命中（概率 80.0%）
[Attack] 副手: 剑圣→枪兵 | hit=true | crit=true | dmg=22
[Talent] 剑圣 「kensei_yanfan」→ 第 3 次递归追加命中（概率 64.0%）
[Attack] 副手: 剑圣→枪兵 | hit=true | crit=true | dmg=22
[Talent] 剑圣 「kensei_jianqihuidang」→ 强化随后一次副手追加（必暴=true，命中返气=10）
[Attack] 剑圣→枪兵 | hit=true | crit=true | dmg=24
[SwordQi] 剑圣 +10 qi on hit → 10
[Attack] 副手: 剑圣→枪兵 | hit=true | crit=true | dmg=22
[Talent] 剑圣 「kensei_jianqihuidang」→ 被强化的副手追加命中 → +10 剑气 → 20
[Talent] 剑圣 「kensei_yanfan」→ 第 1 次递归追加命中（概率 100.0%）
[Attack] 副手: 剑圣→枪兵 | hit=true | crit=true | dmg=22
[Talent] 剑圣 「kensei_yanfan」→ 第 2 次递归追加命中（概率 80.0%）
[Attack] 副手: 剑圣→枪兵 | hit=true | crit=true | dmg=22
[Talent] 剑圣 「kensei_yanfan」→ 第 3 次递归追加命中（概率 64.0%）
[Attack] 副手: 剑圣→枪兵 | hit=true | crit=true | dmg=22
[Talent] 剑圣 「kensei_yanfan」→ 第 4 次递归追加命中（概率 51.2%）
[Attack] 副手: 剑圣→枪兵 | hit=true | crit=true | dmg=22
[Talent] 剑圣 「kensei_jianqihuidang」→ 强化随后一次副手追加（必暴=true，命中返气=10）
[Attack] 剑圣→枪兵 | hit=true | crit=true | dmg=24
[SwordQi] 剑圣 +10 qi on hit → 10
[Attack] 副手: 剑圣→枪兵 | hit=true | crit=true | dmg=22
[Talent] 剑圣 「kensei_jianqihuidang」→ 被强化的副手追加命中 → +10 剑气 → 20
[Talent] 剑圣 「kensei_yanfan」→ 第 1 次递归追加命中（概率 100.0%）
[Attack] 副手: 剑圣→枪兵 | hit=true | crit=true | dmg=22
[Talent] 剑圣 「kensei_yanfan」→ 第 2 次递归追加命中（概率 80.0%）
[Attack] 副手: 剑圣→枪兵 | hit=true | crit=true | dmg=22
[Talent] 剑圣 「kensei_jianqihuidang」→ 强化随后一次副手追加（必暴=true，命中返气=10）
[Attack] 剑圣→枪兵 | hit=true | crit=true | dmg=24
[SwordQi] 剑圣 +10 qi on hit → 10
[Attack] 副手: 剑圣→枪兵 | hit=true | crit=true | dmg=22
[Talent] 剑圣 「kensei_jianqihuidang」→ 被强化的副手追加命中 → +10 剑气 → 20
[Talent] 剑圣 「kensei_yanfan」→ 第 1 次递归追加命中（概率 100.0%）
[Attack] 副手: 剑圣→枪兵 | hit=true | crit=true | dmg=22
[Talent] 剑圣 「kensei_yanfan」→ 第 2 次递归追加命中（概率 80.0%）
[Attack] 副手: 剑圣→枪兵 | hit=true | crit=true | dmg=22
[Talent] 剑圣 「kensei_yanfan」→ 第 3 次递归追加命中（概率 64.0%）
[Attack] 副手: 剑圣→枪兵 | hit=true | crit=true | dmg=22
[Talent] 剑圣 「kensei_jianqihuidang」→ 强化随后一次副手追加（必暴=true，命中返气=10）
[Attack] 剑圣→枪兵 | hit=true | crit=true | dmg=24
[SwordQi] 剑圣 +10 qi on hit → 10
[Attack] 副手: 剑圣→枪兵 | hit=true | crit=true | dmg=22
[Talent] 剑圣 「kensei_jianqihuidang」→ 被强化的副手追加命中 → +10 剑气 → 20
[Talent] 剑圣 「kensei_yanfan」→ 第 1 次递归追加命中（概率 100.0%）
[Attack] 副手: 剑圣→枪兵 | hit=true | crit=true | dmg=22
[Talent] 剑圣 「kensei_yanfan」→ 第 2 次递归追加命中（概率 80.0%）
[Attack] 副手: 剑圣→枪兵 | hit=true | crit=true | dmg=22
[Talent] 剑圣 「kensei_jianqihuidang」→ 强化随后一次副手追加（必暴=true，命中返气=10）
[Attack] 剑圣→枪兵 | hit=true | crit=true | dmg=24
[SwordQi] 剑圣 +10 qi on hit → 10
[Attack] 副手: 剑圣→枪兵 | hit=true | crit=true | dmg=22
[Talent] 剑圣 「kensei_jianqihuidang」→ 被强化的副手追加命中 → +10 剑气 → 20
[Talent] 剑圣 「kensei_yanfan」→ 第 1 次递归追加命中（概率 100.0%）
[Attack] 副手: 剑圣→枪兵 | hit=true | crit=true | dmg=22
[Talent] 剑圣 「kensei_yanfan」→ 第 2 次递归追加命中（概率 80.0%）
[Attack] 副手: 剑圣→枪兵 | hit=true | crit=true | dmg=22
[Talent] 剑圣 「kensei_jianqihuidang」→ 强化随后一次副手追加（必暴=true，命中返气=10）
[Attack] 剑圣→枪兵 | hit=true | crit=true | dmg=24
[SwordQi] 剑圣 +10 qi on hit → 10
[Attack] 副手: 剑圣→枪兵 | hit=true | crit=true | dmg=22
[Talent] 剑圣 「kensei_jianqihuidang」→ 被强化的副手追加命中 → +10 剑气 → 20
[Talent] 剑圣 「kensei_yanfan」→ 第 1 次递归追加命中（概率 100.0%）
[Attack] 副手: 剑圣→枪兵 | hit=true | crit=true | dmg=22
[Talent] 剑圣 「kensei_yanfan」→ 第 2 次递归追加命中（概率 80.0%）
[Attack] 副手: 剑圣→枪兵 | hit=true | crit=true | dmg=22
[Talent] 剑圣 「kensei_yanfan」→ 第 3 次递归追加命中（概率 64.0%）
[Attack] 副手: 剑圣→枪兵 | hit=true | crit=true | dmg=22
[Talent] 剑圣 「kensei_yanfan」→ 第 4 次递归追加命中（概率 51.2%）
[Attack] 副手: 剑圣→枪兵 | hit=true | crit=true | dmg=22
[Talent] 剑圣 「kensei_jianqihuidang」→ 强化随后一次副手追加（必暴=true，命中返气=10）
[Attack] 剑圣→枪兵 | hit=true | crit=true | dmg=24
[SwordQi] 剑圣 +10 qi on hit → 10
[Attack] 副手: 剑圣→枪兵 | hit=true | crit=true | dmg=22
[Talent] 剑圣 「kensei_jianqihuidang」→ 被强化的副手追加命中 → +10 剑气 → 20
[Talent] 剑圣 「kensei_yanfan」→ 第 1 次递归追加命中（概率 100.0%）
[Attack] 副手: 剑圣→枪兵 | hit=true | crit=true | dmg=22
[Talent] 剑圣 「kensei_jianqihuidang」→ 强化随后一次副手追加（必暴=true，命中返气=10）
[Attack] 剑圣→枪兵 | hit=true | crit=true | dmg=24
[SwordQi] 剑圣 +10 qi on hit → 10
[Attack] 副手: 剑圣→枪兵 | hit=true | crit=true | dmg=22
[Talent] 剑圣 「kensei_jianqihuidang」→ 被强化的副手追加命中 → +10 剑气 → 20
[Talent] 剑圣 「kensei_yanfan」→ 第 1 次递归追加命中（概率 100.0%）
[Attack] 副手: 剑圣→枪兵 | hit=true | crit=true | dmg=22
[Talent] 剑圣 「kensei_yanfan」→ 第 2 次递归追加命中（概率 80.0%）
[Attack] 副手: 剑圣→枪兵 | hit=true | crit=true | dmg=22
[Talent] 剑圣 「kensei_yanfan」→ 第 3 次递归追加命中（概率 64.0%）
[Attack] 副手: 剑圣→枪兵 | hit=true | crit=true | dmg=22
[Talent] 剑圣 「kensei_yanfan」→ 第 4 次递归追加命中（概率 51.2%）
[Attack] 副手: 剑圣→枪兵 | hit=true | crit=true | dmg=22
  ✓ 链长随机但返气恒为一次：15 轮的剑气总量只有一个取值
  ✓ 那个取值是 10(普攻) + 10(仅被强化的那一次) == 20

--- 结果：119 过 / 0 失败 ---
=== EXIT_CODE 0 ===
=== TEST res://tests/test_unit_map_token_visual.gd ===
Godot Engine v4.6.3.stable.official.7d41c59c4 - https://godotengine.org

=== test_unit_map_token_visual ===
[DataLoader] Loaded: 7 classes, 20 skills, 10 buffs, 8 enemies, 4 maps, 2 states, 7 talents
[DataLoader] Loaded: 7 classes, 20 skills, 10 buffs, 8 enemies, 4 maps, 2 states, 7 talents
  ✓ Unit 场景可加载
  ✓ Unit 提供 set_facing
  ✓ Unit 提供 get_facing
  ✓ Unit 提供 refresh_map_token_visual
  ✓ Unit 提供 has_runtime_map_token
  ✓ Unit 提供 get_combat_text_anchor_world
  ✓ Unit 包含 MapTokenView
  ✓ 剑圣启用正式棋子
  ✓ 正式棋子显示且占位隐藏
  ✓ 初始方向 SE
  ✓ 正式棋子不使用阵营染色
  ✓ 占位职业文字不存在
  ✓ 血条底边为 -58
  ✓ 既有状态效果可构造
  ✓ 状态图标保留既有基线锚点
  ✓ 实际文字锚点为 -82
  ✓ 装副手切到双武器行
  ✓ 卸副手切回单武器行
  ✓ 多轴移动 Y 优先为 NE
  ✓ 占位单位不启用正式棋子
  ✓ 占位单位显示原 Sprite
  ✓ 占位单位保留阵营染色
  ✓ 占位单位保留旧文字锚点
ERROR: [Unit] Map token profile unavailable for kensei: missing_profile
   at: push_error (core/variant/variant_utility.cpp:1024)
   GDScript backtrace (most recent call first):
       [0] _try_apply_map_token_visual (res://scripts/units/unit.gd:212)
       [1] setup (res://scripts/units/unit.gd:195)
       [2] _run (res://tests/test_unit_map_token_visual.gd:85)
       [3] _process (res://tests/test_unit_map_token_visual.gd:16)
  ✓ 坏配置降级为占位
  ✓ 坏配置占位 Sprite 可见
  ✓ 坏配置正式棋子隐藏
  ✓ 正式棋子致死后无需等待动画即释放
--- 27 pass / 0 fail ---
=== EXIT_CODE 0 ===
=== TEST res://tests/test_v0_integration.gd ===
Godot Engine v4.6.3.stable.official.7d41c59c4 - https://godotengine.org

=== test_v0_integration (v0 门循环综合端到端集成) ===
[DataLoader] Loaded: 7 classes, 20 skills, 10 buffs, 8 enemies, 4 maps, 2 states, 7 talents
  OK  act1_config.json 可解析为 Dictionary
  OK  run_config.json 可解析为 Dictionary
  OK  run_config.recovery 存在
[DataLoader] Loaded: 7 classes, 20 skills, 10 buffs, 8 enemies, 4 maps, 2 states, 7 talents
  OK  data_pools.maps 非空
  OK  data_pools.waves 非空
  OK  data_pools.equipment 非空
  OK  data_pools.relics 非空
  OK  [1] start_run: stage==1
  OK  [1] start_run: phase==battle
  OK  [1] start_run: party 恰 4 人
  OK  [1] start_run: 4 人满血（hp==max_hp）
  OK  [1] start_run: class_id 顺序 == [kensei,soldier,archer,cleric]
  OK  [2] stage 1 装配 map_id 与 current_battle 一致
  OK  [2] stage 1 玩家清单非空（map 有 player_spawns）
  OK  [2] stage 1 敌人数与波次 wave_act1_normal_02 一致(3)
  OK  [2] writeback: kensei hp 写回磨损值 15
  OK  [2] writeback: soldier hp 写回磨损值 8
  OK  [2] writeback: archer hp 写回满血 26
  OK  [2] writeback: 缺席的 cleric hp=0（战死占位）
  OK  [3] stage 1 结算 gold 单调不减
  OK  [3] stage 1 结算 kensei 累计经验不减
  OK  [4] stage 1→2 门数在 [2,3]
  OK  [4] choose_door 后 phase==prep
  OK  [4] 恢复量 run 内恒定（与 stage 无关）
  OK  [4] 恢复量 == roundi(max_hp*pct/100)
  OK  [4] soldier 恢复：hp 提升到 min(max, hp+amount)
  OK  [4] soldier 恢复后 hp 高于恢复前
  OK  [4] soldier 恢复后仍 < max（继承样本有效）
  OK  [4] kensei 恢复 clamp 到 max_hp（15+15→30）
  OK  [4] cleric 恢复：hp 从 0 提升
  OK  [4] confirm 后 phase==battle
  OK  [2] stage 2 装配 map_id 与 current_battle 一致
  OK  [2] stage 2 玩家清单非空（map 有 player_spawns）
  OK  [2] stage 2 敌人数与波次 wave_act1_normal_01 一致(3)
  OK  [5] stage2 装配含 soldier 单位
  OK  [5] stage2 soldier 带 hp 字段（磨损后恢复仍<max）
  OK  [5] stage2 soldier.hp == stage1 恢复后 hp(28)
  OK  [5] stage2 kensei 满血→不带 hp 字段
  OK  [3] stage 2 结算 gold 单调不减
  OK  [3] stage 2 结算 kensei 累计经验不减
  OK  [4] stage 2→3 门数在 [2,3]
  OK  [4] choose_door 后 phase==prep
  OK  [7] stage2 Prep 非商店（is_shop_prep()==false）
  OK  [4] confirm 后 phase==battle
  OK  [2] stage 3 装配 map_id 与 current_battle 一致
  OK  [2] stage 3 玩家清单非空（map 有 player_spawns）
  OK  [2] stage 3 敌人数与波次 wave_act1_elite_01 一致(3)
  OK  [2] stage 3 精英入口：敌人透传增强(stat_scale!=1 或 affixes 非空)
  OK  [3] stage 3 结算 gold 单调不减
  OK  [3] stage 3 结算 kensei 累计经验不减
  OK  [4] stage 3→4 门数在 [2,3]
  OK  [4] choose_door 后 phase==prep
  OK  [7] stage3 Prep 非商店（is_shop_prep()==false）
  OK  [4] confirm 后 phase==battle
  OK  [2] stage 4 装配 map_id 与 current_battle 一致
  OK  [2] stage 4 玩家清单非空（map 有 player_spawns）
  OK  [2] stage 4 敌人数与波次 wave_act1_normal_01 一致(3)
  OK  [3] stage 4 结算 gold 单调不减
  OK  [3] stage 4 结算 kensei 累计经验不减
  OK  [4] stage 4→5 门数在 [2,3]
  OK  [4] choose_door 后 phase==prep
  OK  [7] stage4（mid_act_after_stage）Prep → is_shop_prep()==true
  OK  [7] 商店库存非空
  OK  [7] buy_item 成功
  OK  [7] gold 扣减 == price
  OK  [7] 该件入 convoy（对应库 +1）
  OK  [7] 买后库存移除该件（同件不可重复买）
  OK  [4] confirm 后 phase==battle
  OK  [2] stage 5 装配 map_id 与 current_battle 一致
  OK  [2] stage 5 玩家清单非空（map 有 player_spawns）
  OK  [2] stage 5 敌人数与波次 wave_act1_normal_03 一致(4)
  OK  [3] stage 5 结算 gold 单调不减
  OK  [3] stage 5 结算 kensei 累计经验不减
  OK  [4] stage 5→6 门数在 [2,3]
  OK  [4] choose_door 后 phase==prep
  OK  [4] confirm 后 phase==battle
  OK  [2] stage 6 装配 map_id 与 current_battle 一致
  OK  [2] stage 6 玩家清单非空（map 有 player_spawns）
  OK  [2] stage 6 敌人数与波次 wave_act1_elite_01 一致(3)
  OK  [2] stage 6 精英入口：敌人透传增强(stat_scale!=1 或 affixes 非空)
  OK  [3] stage 6 结算 gold 单调不减
  OK  [3] stage 6 结算 kensei 累计经验不减
  OK  [4] stage 6→7 门数在 [2,3]
  OK  [4] choose_door 后 phase==prep
  OK  [4] confirm 后 phase==battle
  OK  [2] stage 7 装配 map_id 与 current_battle 一致
  OK  [2] stage 7 玩家清单非空（map 有 player_spawns）
  OK  [2] stage 7 敌人数与波次 wave_act1_elite_01 一致(3)
  OK  [2] stage 7 精英入口：敌人透传增强(stat_scale!=1 或 affixes 非空)
  OK  [3] stage 7 结算 gold 单调不减
  OK  [3] stage 7 结算 kensei 累计经验不减
  OK  [8] Boss 前 prep：current_entry_door 为 boss 标记
  OK  [7] Boss 前 prep（stage7）→ is_shop_prep()==true
  OK  [8] Boss 前 confirm 后 phase==battle
  OK  [2] stage 8 装配 map_id 与 current_battle 一致
  OK  [2] stage 8 玩家清单非空（map 有 player_spawns）
  OK  [2] stage 8 敌人数与波次 wave_act1_boss_01 一致(4)
  OK  [3] stage 8 结算 gold 单调不减
  OK  [3] stage 8 结算 kensei 累计经验不减
  OK  [2] 逐关装配序列 == [1..8]
  OK  [4] 门选择恰 6 次（stage 2..7）
  OK  [8] run 已完成
  OK  [8] run_completed 信号已发
  OK  [8] 最终 stage == boss_stage(8)
  OK  [8] Boss 结算 gold 增（delta>=固定 gold 120）
  OK  [8] Boss 结算摘要存在（sequence 含 boss）
  OK  [8] Boss 固定包含 equipment 掉落
  OK  [8] Boss 固定包含 relic 掉落
  OK  [8] Boss 固定包 drops 非空
  OK  [2] 主幕内精英透传已触发（bonus）
  OK  [3] 前置：fixed exp(30) 足以在 exp=base-1 时触发升级
  OK  [3] 升级：kensei level++（1→2）
  OK  [3] 升级：kensei talent_points++
  OK  [3] 升级：顶层 talent_points 合计随全队升级累加
  OK  [6] stage1 后 phase==door_select
  OK  [6] 事件门 choose 后 phase==prep
  OK  [6] 事件门 confirm 后 current_battle 无 map（不装配战斗）
  OK  [6] 事件门 current_entry_door.reward_type==event
  OK  [6] 事件门 on_battle_resolved(victory) 推进（phase 离开 battle，不 soft-lock）
  OK  [6] 事件门结算固定金币（gold 增；门奖励按 event 跳过）
  OK  [2] 精英波次装配敌人非空
  OK  [2] 精英装配透传基础词条（affixes 非空）
  OK  [2] 精英装配透传 special_affix==afs_bulwark
  OK  [2] 精英装配透传 stat_scale==1.35
  OK  [9] defeat → is_run_failed()
  OK  [9] defeat → phase==failed
  OK  [9] run_failed 信号已发
  OK  [9] 失败后未标记完成

--- 结果：128 过 / 0 失败 ---
OK：全部断言通过
WARNING: ObjectDB instances leaked at exit (run with --verbose for details).
   at: cleanup (core/object/object.cpp:2663)
ERROR: 1 resources still in use at exit (run with --verbose for details).
   at: clear (core/io/resource.cpp:810)
=== EXIT_CODE 0 ===
=== TEST res://tests/test_visual_style_playground_load.gd ===
Godot Engine v4.6.3.stable.official.7d41c59c4 - https://godotengine.org

=== test_visual_style_playground_load ===
[DataLoader] Loaded: 7 classes, 20 skills, 10 buffs, 8 enemies, 4 maps, 2 states, 7 talents
  ✓ 样本清单存在
  ✓ 样本清单是有效 JSON 对象
  ✓ 样本清单版本为 3
  ✓ 样本清单声明 check_sizes
  ✓ 清单包含且只包含三档检查尺寸
  ✓ 三档检查尺寸与约定一致
  ✓ 样本清单包含 samples 数组
  ✓ 样本清单包含 asset_types
  ✓ asset_types 覆盖五类类型
  ✓ SHA256 格式检查器能编译
  ✓ 样本槽 ui 包含字段 asset_type
  ✓ 样本槽 ui 包含字段 asset_type
  ✓ 样本槽 ui 包含字段 source_path
  ✓ 样本槽 ui 包含字段 source_size
  ✓ 样本槽 ui 包含字段 display_size
  ✓ 样本槽 ui 包含字段 texture_filter
  ✓ 样本槽 ui 包含字段 alpha_required
  ✓ 样本槽 ui 包含字段 required_variants
  ✓ 样本槽 ui 包含字段 required_directions
  ✓ 样本槽 ui 包含字段 approval_status
  ✓ 样本槽 ui 包含字段 provenance
  ✓ 样本槽 ui 包含字段 provenance_status
  ✓ 样本槽 ui 包含字段 rights_basis
  ✓ 样本槽 ui 包含字段 rights_status
  ✓ 样本槽 ui 包含字段 approved_preview
  ✓ 样本槽 ui asset_type 与 id 对齐
  ✓ 样本槽 ui 对应类型存在于 asset_types
  ✓ 样本槽 ui source_path 指向获批仓内 PNG
  ✓ 样本槽 ui source_path 是合法 res:// 路径
  ✓ 类型规则 ui 包含字段 texture_filter
  ✓ 类型规则 ui 包含字段 alpha_required
  ✓ 类型规则 ui 包含字段 required_variants
  ✓ 类型规则 ui 包含字段 required_directions
  ✓ 样本槽 ui source_size 与获批原文件一致
  ✓ 样本槽 ui 显示尺寸为约定基线
  ✓ 样本槽 ui approval_status 在允许枚举
  ✓ 样本槽 ui provenance_status 在允许枚举
  ✓ 样本槽 ui rights_status 在允许枚举
  ✓ 样本槽 ui 已经用户逐文件批准
  ✓ 样本槽 ui 预览来源已核验
  ✓ 样本槽 ui 预览来源说明与统一合同一致
  ✓ 样本槽 ui 使用权依据与 KB 授权一致
  ✓ 样本槽 ui 使用权已经核验
  ✓ 样本槽 ui approved_preview 是对象
  ✓ 样本槽 ui 批准预览文件名精确
  ✓ 样本槽 ui 批准预览 SHA256 精确
  ✓ 样本槽 ui 批准预览 SHA256 为 64 位小写十六进制
  ✓ 样本槽 ui 批准预览像素尺寸精确
  ✓ 样本槽 ui 批准预览仅是仓外审查工件
  ✓ 样本槽 ui 仓内 PNG 存在
  ✓ 样本槽 ui 仓内字节与批准 SHA256 一致
WARNING: Loaded resource as image file, this will not work on export: 'res://assets/prototype/visual_style/samples/ui_preview_final_v3.png'. Instead, import the image file as an Image resource and load it normally as a resource.
   at: load_from_file (core/io/image.cpp:2766)
   GDScript backtrace (most recent call first):
       [0] _check_manifest_contract (res://tests/test_visual_style_playground_load.gd:230)
       [1] _run (res://tests/test_visual_style_playground_load.gd:113)
       [2] _process (res://tests/test_visual_style_playground_load.gd:108)
  ✓ 样本槽 ui PNG 可由 Image 加载
  ✓ 样本槽 ui PNG 实际尺寸与清单一致
  ✓ 样本槽 ui PNG 为 RGBA8
  ✓ 样本槽 ui PNG 存在透明像素
  ✓ 样本槽 ui texture_filter 在允许枚举
  ✓ 样本槽 ui alpha_required 是布尔值
  ✓ 样本槽 ui required_variants 是字符串数组
  ✓ 样本槽 ui required_directions 是字符串数组
  ✓ 样本槽 ui 与类型规则一致的 texture_filter
  ✓ 样本槽 ui 与类型规则一致的 alpha_required
  ✓ 样本槽 ui 与类型规则一致的 required_variants
  ✓ 样本槽 ui 与类型规则一致的 required_directions
  ✓ ui 变体包含 bottom_action_bar
  ✓ ui 变体不包含 tooltip
  ✓ ui 规则要求 nineslice_compatible
  ✓ ui 规则禁止烘焙文字
  ✓ ui 规则说明深色哥特像素
  ✓ ui 底部栏固定在底部
  ✓ ui 底部栏分区顺序固定
  ✓ ui 角色区是占位容器
  ✓ ui 职业资源区内容默认为空
  ✓ ui 职业资源区按职业定制
  ✓ ui 技能栏水平平铺
  ✓ ui 技能栏包含 4 个主动技能
  ✓ ui 技能栏包含 1 个被动技能
  ✓ ui 被动技能图标相对更小
  ✓ ui 遗物栏共 8 格
  ✓ ui 遗物栏是 2 行
  ✓ ui 遗物栏是 4 列
  ✓ ui 不设常驻顶部提示面板
  ✓ ui 不设独立普通攻击按钮
  ✓ ui 不设独立移动按钮
  ✓ 样本槽 portrait 包含字段 asset_type
  ✓ 样本槽 portrait 包含字段 asset_type
  ✓ 样本槽 portrait 包含字段 source_path
  ✓ 样本槽 portrait 包含字段 source_size
  ✓ 样本槽 portrait 包含字段 display_size
  ✓ 样本槽 portrait 包含字段 texture_filter
  ✓ 样本槽 portrait 包含字段 alpha_required
  ✓ 样本槽 portrait 包含字段 required_variants
  ✓ 样本槽 portrait 包含字段 required_directions
  ✓ 样本槽 portrait 包含字段 approval_status
  ✓ 样本槽 portrait 包含字段 provenance
  ✓ 样本槽 portrait 包含字段 provenance_status
  ✓ 样本槽 portrait 包含字段 rights_basis
  ✓ 样本槽 portrait 包含字段 rights_status
  ✓ 样本槽 portrait 包含字段 approved_preview
  ✓ 样本槽 portrait asset_type 与 id 对齐
  ✓ 样本槽 portrait 对应类型存在于 asset_types
  ✓ 样本槽 portrait source_path 指向获批仓内 PNG
  ✓ 样本槽 portrait source_path 是合法 res:// 路径
  ✓ 类型规则 portrait 包含字段 texture_filter
  ✓ 类型规则 portrait 包含字段 alpha_required
  ✓ 类型规则 portrait 包含字段 required_variants
  ✓ 类型规则 portrait 包含字段 required_directions
  ✓ 样本槽 portrait source_size 与获批原文件一致
  ✓ 样本槽 portrait 显示尺寸为约定基线
  ✓ 样本槽 portrait approval_status 在允许枚举
  ✓ 样本槽 portrait provenance_status 在允许枚举
  ✓ 样本槽 portrait rights_status 在允许枚举
  ✓ 样本槽 portrait 已经用户逐文件批准
  ✓ 样本槽 portrait 预览来源已核验
  ✓ 样本槽 portrait 预览来源说明与统一合同一致
  ✓ 样本槽 portrait 使用权依据与 KB 授权一致
  ✓ 样本槽 portrait 使用权已经核验
  ✓ 样本槽 portrait approved_preview 是对象
  ✓ 样本槽 portrait 批准预览文件名精确
  ✓ 样本槽 portrait 批准预览 SHA256 精确
  ✓ 样本槽 portrait 批准预览 SHA256 为 64 位小写十六进制
  ✓ 样本槽 portrait 批准预览像素尺寸精确
  ✓ 样本槽 portrait 批准预览仅是仓外审查工件
  ✓ 样本槽 portrait 仓内 PNG 存在
  ✓ 样本槽 portrait 仓内字节与批准 SHA256 一致
WARNING: Loaded resource as image file, this will not work on export: 'res://assets/prototype/visual_style/samples/portrait_preview_final.png'. Instead, import the image file as an Image resource and load it normally as a resource.
   at: load_from_file (core/io/image.cpp:2766)
   GDScript backtrace (most recent call first):
       [0] _check_manifest_contract (res://tests/test_visual_style_playground_load.gd:230)
       [1] _run (res://tests/test_visual_style_playground_load.gd:113)
       [2] _process (res://tests/test_visual_style_playground_load.gd:108)
  ✓ 样本槽 portrait PNG 可由 Image 加载
  ✓ 样本槽 portrait PNG 实际尺寸与清单一致
  ✓ 样本槽 portrait PNG 为 RGBA8
  ✓ 样本槽 portrait PNG 存在透明像素
  ✓ 样本槽 portrait texture_filter 在允许枚举
  ✓ 样本槽 portrait alpha_required 是布尔值
  ✓ 样本槽 portrait required_variants 是字符串数组
  ✓ 样本槽 portrait required_directions 是字符串数组
  ✓ 样本槽 portrait 与类型规则一致的 texture_filter
  ✓ 样本槽 portrait 与类型规则一致的 alpha_required
  ✓ 样本槽 portrait 与类型规则一致的 required_variants
  ✓ 样本槽 portrait 与类型规则一致的 required_directions
  ✓ portrait 变体恰含 single_weapon 与 dual_weapon
  ✓ portrait 规则开启第三版统一参考
  ✓ portrait 规则需真实握持
  ✓ portrait 规则允许三种剑形
  ✓ 样本槽 map_token 包含字段 asset_type
  ✓ 样本槽 map_token 包含字段 asset_type
  ✓ 样本槽 map_token 包含字段 source_path
  ✓ 样本槽 map_token 包含字段 source_size
  ✓ 样本槽 map_token 包含字段 display_size
  ✓ 样本槽 map_token 包含字段 texture_filter
  ✓ 样本槽 map_token 包含字段 alpha_required
  ✓ 样本槽 map_token 包含字段 required_variants
  ✓ 样本槽 map_token 包含字段 required_directions
  ✓ 样本槽 map_token 包含字段 approval_status
  ✓ 样本槽 map_token 包含字段 provenance
  ✓ 样本槽 map_token 包含字段 provenance_status
  ✓ 样本槽 map_token 包含字段 rights_basis
  ✓ 样本槽 map_token 包含字段 rights_status
  ✓ 样本槽 map_token 包含字段 approved_preview
  ✓ 样本槽 map_token asset_type 与 id 对齐
  ✓ 样本槽 map_token 对应类型存在于 asset_types
  ✓ 样本槽 map_token source_path 指向获批仓内 PNG
  ✓ 样本槽 map_token source_path 是合法 res:// 路径
  ✓ 类型规则 map_token 包含字段 texture_filter
  ✓ 类型规则 map_token 包含字段 alpha_required
  ✓ 类型规则 map_token 包含字段 required_variants
  ✓ 类型规则 map_token 包含字段 required_directions
  ✓ 样本槽 map_token source_size 与获批原文件一致
  ✓ 样本槽 map_token 显示尺寸为约定基线
  ✓ 样本槽 map_token approval_status 在允许枚举
  ✓ 样本槽 map_token provenance_status 在允许枚举
  ✓ 样本槽 map_token rights_status 在允许枚举
  ✓ 样本槽 map_token 已经用户逐文件批准
  ✓ 样本槽 map_token 预览来源已核验
  ✓ 样本槽 map_token 预览来源说明与统一合同一致
  ✓ 样本槽 map_token 使用权依据与 KB 授权一致
  ✓ 样本槽 map_token 使用权已经核验
  ✓ 样本槽 map_token approved_preview 是对象
  ✓ 样本槽 map_token 批准预览文件名精确
  ✓ 样本槽 map_token 批准预览 SHA256 精确
  ✓ 样本槽 map_token 批准预览 SHA256 为 64 位小写十六进制
  ✓ 样本槽 map_token 批准预览像素尺寸精确
  ✓ 样本槽 map_token 批准预览仅是仓外审查工件
  ✓ 样本槽 map_token 仓内 PNG 存在
  ✓ 样本槽 map_token 仓内字节与批准 SHA256 一致
WARNING: Loaded resource as image file, this will not work on export: 'res://assets/prototype/visual_style/samples/map_token_preview_final_v2.png'. Instead, import the image file as an Image resource and load it normally as a resource.
   at: load_from_file (core/io/image.cpp:2766)
   GDScript backtrace (most recent call first):
       [0] _check_manifest_contract (res://tests/test_visual_style_playground_load.gd:230)
       [1] _run (res://tests/test_visual_style_playground_load.gd:113)
       [2] _process (res://tests/test_visual_style_playground_load.gd:108)
  ✓ 样本槽 map_token PNG 可由 Image 加载
  ✓ 样本槽 map_token PNG 实际尺寸与清单一致
  ✓ 样本槽 map_token PNG 为 RGBA8
  ✓ 样本槽 map_token PNG 存在透明像素
  ✓ 样本槽 map_token texture_filter 在允许枚举
  ✓ 样本槽 map_token alpha_required 是布尔值
  ✓ 样本槽 map_token required_variants 是字符串数组
  ✓ 样本槽 map_token required_directions 是字符串数组
  ✓ 样本槽 map_token 与类型规则一致的 texture_filter
  ✓ 样本槽 map_token 与类型规则一致的 alpha_required
  ✓ 样本槽 map_token 与类型规则一致的 required_variants
  ✓ 样本槽 map_token 与类型规则一致的 required_directions
  ✓ map_token 变体恰含 single_weapon 与 dual_weapon
  ✓ map_token 方向顺序严格为 NW,NE,SW,SE
  ✓ map_token 规则 frame_size 为 48×48
  ✓ map_token 代表板源尺寸不是类型级 48×48 帧
  ✓ map_token 代表板按 140×93 等比例显示
  ✓ map_token 规则静态待机
  ✓ 样本槽 terrain 包含字段 asset_type
  ✓ 样本槽 terrain 包含字段 asset_type
  ✓ 样本槽 terrain 包含字段 source_path
  ✓ 样本槽 terrain 包含字段 source_size
  ✓ 样本槽 terrain 包含字段 display_size
  ✓ 样本槽 terrain 包含字段 texture_filter
  ✓ 样本槽 terrain 包含字段 alpha_required
  ✓ 样本槽 terrain 包含字段 required_variants
  ✓ 样本槽 terrain 包含字段 required_directions
  ✓ 样本槽 terrain 包含字段 approval_status
  ✓ 样本槽 terrain 包含字段 provenance
  ✓ 样本槽 terrain 包含字段 provenance_status
  ✓ 样本槽 terrain 包含字段 rights_basis
  ✓ 样本槽 terrain 包含字段 rights_status
  ✓ 样本槽 terrain 包含字段 approved_preview
  ✓ 样本槽 terrain asset_type 与 id 对齐
  ✓ 样本槽 terrain 对应类型存在于 asset_types
  ✓ 样本槽 terrain source_path 指向获批仓内 PNG
  ✓ 样本槽 terrain source_path 是合法 res:// 路径
  ✓ 类型规则 terrain 包含字段 texture_filter
  ✓ 类型规则 terrain 包含字段 alpha_required
  ✓ 类型规则 terrain 包含字段 required_variants
  ✓ 类型规则 terrain 包含字段 required_directions
  ✓ 样本槽 terrain source_size 与获批原文件一致
  ✓ 样本槽 terrain 显示尺寸为约定基线
  ✓ 样本槽 terrain approval_status 在允许枚举
  ✓ 样本槽 terrain provenance_status 在允许枚举
  ✓ 样本槽 terrain rights_status 在允许枚举
  ✓ 样本槽 terrain 已经用户逐文件批准
  ✓ 样本槽 terrain 预览来源已核验
  ✓ 样本槽 terrain 预览来源说明与统一合同一致
  ✓ 样本槽 terrain 使用权依据与 KB 授权一致
  ✓ 样本槽 terrain 使用权已经核验
  ✓ 样本槽 terrain approved_preview 是对象
  ✓ 样本槽 terrain 批准预览文件名精确
  ✓ 样本槽 terrain 批准预览 SHA256 精确
  ✓ 样本槽 terrain 批准预览 SHA256 为 64 位小写十六进制
  ✓ 样本槽 terrain 批准预览像素尺寸精确
  ✓ 样本槽 terrain 批准预览仅是仓外审查工件
  ✓ 样本槽 terrain 仓内 PNG 存在
  ✓ 样本槽 terrain 仓内字节与批准 SHA256 一致
WARNING: Loaded resource as image file, this will not work on export: 'res://assets/prototype/visual_style/samples/terrain_preview_final.png'. Instead, import the image file as an Image resource and load it normally as a resource.
   at: load_from_file (core/io/image.cpp:2766)
   GDScript backtrace (most recent call first):
       [0] _check_manifest_contract (res://tests/test_visual_style_playground_load.gd:230)
       [1] _run (res://tests/test_visual_style_playground_load.gd:113)
       [2] _process (res://tests/test_visual_style_playground_load.gd:108)
  ✓ 样本槽 terrain PNG 可由 Image 加载
  ✓ 样本槽 terrain PNG 实际尺寸与清单一致
  ✓ 样本槽 terrain PNG 为 RGBA8
  ✓ 样本槽 terrain PNG 存在透明像素
  ✓ 样本槽 terrain texture_filter 在允许枚举
  ✓ 样本槽 terrain alpha_required 是布尔值
  ✓ 样本槽 terrain required_variants 是字符串数组
  ✓ 样本槽 terrain required_directions 是字符串数组
  ✓ 样本槽 terrain 与类型规则一致的 texture_filter
  ✓ 样本槽 terrain 与类型规则一致的 alpha_required
  ✓ 样本槽 terrain 与类型规则一致的 required_variants
  ✓ 样本槽 terrain 与类型规则一致的 required_directions
  ✓ terrain 规则 tile_size 为 64×32
  ✓ terrain 规则比例 2:1
  ✓ terrain 变体至少包含 base_ground 与 transparent_overlay
  ✓ terrain 规则支持无缝衔接
  ✓ terrain 规则区分基底与覆盖物
  ✓ 样本槽 vfx 包含字段 asset_type
  ✓ 样本槽 vfx 包含字段 asset_type
  ✓ 样本槽 vfx 包含字段 source_path
  ✓ 样本槽 vfx 包含字段 source_size
  ✓ 样本槽 vfx 包含字段 display_size
  ✓ 样本槽 vfx 包含字段 texture_filter
  ✓ 样本槽 vfx 包含字段 alpha_required
  ✓ 样本槽 vfx 包含字段 required_variants
  ✓ 样本槽 vfx 包含字段 required_directions
  ✓ 样本槽 vfx 包含字段 approval_status
  ✓ 样本槽 vfx 包含字段 provenance
  ✓ 样本槽 vfx 包含字段 provenance_status
  ✓ 样本槽 vfx 包含字段 rights_basis
  ✓ 样本槽 vfx 包含字段 rights_status
  ✓ 样本槽 vfx 包含字段 approved_preview
  ✓ 样本槽 vfx asset_type 与 id 对齐
  ✓ 样本槽 vfx 对应类型存在于 asset_types
  ✓ 样本槽 vfx source_path 指向获批仓内 PNG
  ✓ 样本槽 vfx source_path 是合法 res:// 路径
  ✓ 类型规则 vfx 包含字段 texture_filter
  ✓ 类型规则 vfx 包含字段 alpha_required
  ✓ 类型规则 vfx 包含字段 required_variants
  ✓ 类型规则 vfx 包含字段 required_directions
  ✓ 样本槽 vfx source_size 与获批原文件一致
  ✓ 样本槽 vfx 显示尺寸为约定基线
  ✓ 样本槽 vfx approval_status 在允许枚举
  ✓ 样本槽 vfx provenance_status 在允许枚举
  ✓ 样本槽 vfx rights_status 在允许枚举
  ✓ 样本槽 vfx 已经用户逐文件批准
  ✓ 样本槽 vfx 预览来源已核验
  ✓ 样本槽 vfx 预览来源说明与统一合同一致
  ✓ 样本槽 vfx 使用权依据与 KB 授权一致
  ✓ 样本槽 vfx 使用权已经核验
  ✓ 样本槽 vfx approved_preview 是对象
  ✓ 样本槽 vfx 批准预览文件名精确
  ✓ 样本槽 vfx 批准预览 SHA256 精确
  ✓ 样本槽 vfx 批准预览 SHA256 为 64 位小写十六进制
  ✓ 样本槽 vfx 批准预览像素尺寸精确
  ✓ 样本槽 vfx 批准预览仅是仓外审查工件
  ✓ 样本槽 vfx 仓内 PNG 存在
  ✓ 样本槽 vfx 仓内字节与批准 SHA256 一致
WARNING: Loaded resource as image file, this will not work on export: 'res://assets/prototype/visual_style/samples/vfx_preview_clean.png'. Instead, import the image file as an Image resource and load it normally as a resource.
   at: load_from_file (core/io/image.cpp:2766)
   GDScript backtrace (most recent call first):
       [0] _check_manifest_contract (res://tests/test_visual_style_playground_load.gd:230)
       [1] _run (res://tests/test_visual_style_playground_load.gd:113)
       [2] _process (res://tests/test_visual_style_playground_load.gd:108)
  ✓ 样本槽 vfx PNG 可由 Image 加载
  ✓ 样本槽 vfx PNG 实际尺寸与清单一致
  ✓ 样本槽 vfx PNG 为 RGBA8
  ✓ 样本槽 vfx PNG 存在透明像素
  ✓ 样本槽 vfx texture_filter 在允许枚举
  ✓ 样本槽 vfx alpha_required 是布尔值
  ✓ 样本槽 vfx required_variants 是字符串数组
  ✓ 样本槽 vfx required_directions 是字符串数组
  ✓ 样本槽 vfx 与类型规则一致的 texture_filter
  ✓ 样本槽 vfx 与类型规则一致的 alpha_required
  ✓ 样本槽 vfx 与类型规则一致的 required_variants
  ✓ 样本槽 vfx 与类型规则一致的 required_directions
  ✓ vfx 变体恰含 slash、movement、range、status 且顺序稳定
  ✓ vfx 规则为静态关键帧
  ✓ vfx 规则像素核心使用 nearest
  ✓ vfx 规则核心与光晕分离
  ✓ vfx 规则禁止循环
  ✓ vfx 规则不需要粒子系统
  ✓ vfx 规则不需要战斗动画
  ✓ 类型 ui 不应使用 source_size/display_size 字段
  ✓ 样本槽顺序固定为五类视觉样本
  ✓ 样本槽 ui 必须存在
  ✓ 类型 portrait 不应使用 source_size/display_size 字段
  ✓ 样本槽顺序固定为五类视觉样本
  ✓ 样本槽 portrait 必须存在
  ✓ 类型 map_token 不应使用 source_size/display_size 字段
  ✓ 样本槽顺序固定为五类视觉样本
  ✓ 样本槽 map_token 必须存在
  ✓ 类型 terrain 不应使用 source_size/display_size 字段
  ✓ 样本槽顺序固定为五类视觉样本
  ✓ 样本槽 terrain 必须存在
  ✓ 类型 vfx 不应使用 source_size/display_size 字段
  ✓ 样本槽顺序固定为五类视觉样本
  ✓ 样本槽 vfx 必须存在
  ✓ 不存在 combat_animation 槽
  ✓ Playground 脚本能够加载
  ✓ Playground 场景能够加载
  ✓ Playground 场景能够实例化
  ✓ 根节点挂载脚本
  ✓ 根节点挂载预期脚本
  ✓ 运行时按清单构建五个样本槽
  ✓ 当前样本槽 ui 运行状态为 usable
  ✓ 当前样本槽 ui 精确显示可用
  ✓ 当前样本槽 ui 三道门全部通过
  ✓ 当前样本槽 ui 实际纹理尺寸与源尺寸一致
  ✓ 当前样本槽 ui 清单源尺寸与批准文件一致
  ✓ 当前样本槽 ui 显示尺寸与约定一致
  ✓ 当前样本槽 portrait 运行状态为 usable
  ✓ 当前样本槽 portrait 精确显示可用
  ✓ 当前样本槽 portrait 三道门全部通过
  ✓ 当前样本槽 portrait 实际纹理尺寸与源尺寸一致
  ✓ 当前样本槽 portrait 清单源尺寸与批准文件一致
  ✓ 当前样本槽 portrait 显示尺寸与约定一致
  ✓ 当前样本槽 map_token 运行状态为 usable
  ✓ 当前样本槽 map_token 精确显示可用
  ✓ 当前样本槽 map_token 三道门全部通过
  ✓ 当前样本槽 map_token 实际纹理尺寸与源尺寸一致
  ✓ 当前样本槽 map_token 清单源尺寸与批准文件一致
  ✓ 当前样本槽 map_token 显示尺寸与约定一致
  ✓ 当前样本槽 terrain 运行状态为 usable
  ✓ 当前样本槽 terrain 精确显示可用
  ✓ 当前样本槽 terrain 三道门全部通过
  ✓ 当前样本槽 terrain 实际纹理尺寸与源尺寸一致
  ✓ 当前样本槽 terrain 清单源尺寸与批准文件一致
  ✓ 当前样本槽 terrain 显示尺寸与约定一致
  ✓ 当前样本槽 vfx 运行状态为 usable
  ✓ 当前样本槽 vfx 精确显示可用
  ✓ 当前样本槽 vfx 三道门全部通过
  ✓ 当前样本槽 vfx 实际纹理尺寸与源尺寸一致
  ✓ 当前样本槽 vfx 清单源尺寸与批准文件一致
  ✓ 当前样本槽 vfx 显示尺寸与约定一致
  ✓ 提供清单样本运行状态检查接口
  ✓ 空 source_path + 非法 approval_status 命中 invalid_approval
  ✓ 空 source_path + 非法 provenance_status 命中 invalid_provenance
  ✓ 空 source_path + 非法 rights_status 命中 invalid_rights
  ✓ 一个门 pending 与后续非法不会遮蔽非法枚举
  ✓ approval pending + provenance verified 且 provenance 空会命中 invalid_provenance_basis
  ✓ approval pending + rights verified 且 rights_basis 空会命中 invalid_rights_basis
  ✓ provenance unverified + rights verified 且 rights_basis 空会命中 invalid_rights_basis
  ✓ 非法 approval_status 会进入 invalid_approval
  ✓ 非法 provenance_status 会进入 invalid_provenance
  ✓ 非法 rights_status 会进入 invalid_rights
  ✓ provenance_status=verified 且 provenance 空将失败
  ✓ rights_status=verified 且 rights_basis 空将失败
  ✓ 仓库外路径判定为路径格式错误
  ✓ 缺失路径不会被当成普通待导入
  ✓ 非 Texture2D 资源判定为类型错误
  ✓ 状态测试使用真实 Texture2D fixture
  ✓ 声明尺寸与实际纹理不符时明确报错
  ✓ 尺寸错误仍返回实际纹理尺寸
  ✓ 三道门全部通过时状态为可用
  ✓ 未获用户确认时状态码应为 approval_pending
  ✓ 来源未核验时状态码应为 provenance_unverified
  ✓ 使用权待核验时状态码应为 rights_review_required
  ✓ 空路径 + approved/verified/verified 显示仅待提供
  ✓ 默认过滤方式为 Nearest
  ✓ 能读取五个真实纹理预览控件
  ✓ Nearest 直接应用到每个 TextureRect
  ✓ Nearest 直接应用到每个 TextureRect
  ✓ Nearest 直接应用到每个 TextureRect
  ✓ Nearest 直接应用到每个 TextureRect
  ✓ Nearest 直接应用到每个 TextureRect
  ✓ 能够切换到 Linear
  ✓ Linear 直接应用到每个 TextureRect
  ✓ Linear 直接应用到每个 TextureRect
  ✓ Linear 直接应用到每个 TextureRect
  ✓ Linear 直接应用到每个 TextureRect
  ✓ Linear 直接应用到每个 TextureRect
  ✓ 过滤切换按钮存在
  ✓ 过滤按钮同步显示 Linear
  ✓ 检查尺寸只有清单这个权威来源
  ✓ 默认检查尺寸为 1280×720
  ✓ 存在承载检查界面的 SubViewport
  ✓ 内部检查尺寸切换为 (1280, 720)
  ✓ 公开渲染尺寸切换为 (1280, 720)
  ✓ SubViewport 实际尺寸切换为 (1280, 720)
  ✓ 内部检查尺寸切换为 (1920, 1080)
  ✓ 公开渲染尺寸切换为 (1920, 1080)
  ✓ SubViewport 实际尺寸切换为 (1920, 1080)
  ✓ 内部检查尺寸切换为 (2560, 1440)
  ✓ 公开渲染尺寸切换为 (2560, 1440)
  ✓ SubViewport 实际尺寸切换为 (2560, 1440)
  ✓ 检查尺寸选择器存在
  ✓ 检查尺寸选择器同步显示 1920×1080
  ✓ 720p 检查画布不使用横向滚动
  ✓ 720p 检查画布实际包含五张卡
  ✓ 720p 检查五张卡同时可见
  ✓ 战棋人物代表板源尺寸为 1536×1024
  ✓ 战棋人物代表板显示尺寸为 140×93
  ✓ 战棋人物代表板不是 48×48 单帧
  ✓ 截图目标严格位于 user://visual_style_playground/
  ✓ 同一毫秒连续生成截图名不会覆盖

--- 结果：430 过 / 0 失败 ---
=== EXIT_CODE 0 ===
=== SUMMARY total=40 passed=40 failed=0 ===
